product_id,product_code,product_name,brand_id,category_id,sub_category_id,mrp,cost_price,gross_margin_pct,is_perishable,veg_nonveg,max_qty_per_transaction,created_at
1,PRD00001,Pepsodent Toothpaste 200g,1,1,16,224.00,172.73,22.8884,0,,5,2026-05-30 01:02:26
2,PRD00002,Lakme Face Wash 100ml,2,1,17,155.00,127.34,17.8452,0,,4,2026-05-30 01:02:26
3,PRD00003,Heritage Toned Milk 1L,3,2,18,54.00,40.95,24.1667,1,Veg,14,2026-05-30 01:02:26
4,PRD00004,Fortune Sooji 500g,4,3,19,49.00,33.94,30.7347,0,Veg,7,2026-05-30 01:02:26
5,PRD00005,Mentos Mints pack of 5,5,4,20,70.00,58.53,16.3857,0,Veg,13,2026-05-30 01:02:26
6,PRD00006,Haldiram's Khakra 180g,6,4,21,150.00,105.96,29.3600,0,Veg,8,2026-05-30 01:02:26
7,PRD00007,Amul Full Cream Milk 1L,7,2,18,80.00,55.76,30.3000,1,Veg,8,2026-05-30 01:02:26
8,PRD00008,Britannia Pav pack of 12,8,2,22,60.00,51.80,13.6667,1,Veg,3,2026-05-30 01:02:26
9,PRD00009,Kwality Walls Strawberry Ice Cream 1L,9,5,23,84.00,54.91,34.6310,1,Veg,4,2026-05-30 01:02:26
10,PRD00010,Britannia Crackers 200g,8,4,24,20.00,17.30,13.5000,0,Veg,6,2026-05-30 01:02:26
11,PRD00011,Vim Dishwash Powder 1kg,10,6,25,129.00,113.39,12.1008,0,,7,2026-05-30 01:02:26
12,PRD00012,Godrej Yummiez Veg Cutlet 400g,11,5,26,155.00,112.26,27.5742,1,Veg,7,2026-05-30 01:02:26
13,PRD00013,Britannia Pav pack of 12,8,2,22,60.00,51.28,14.5333,1,Veg,6,2026-05-30 01:02:26
14,PRD00014,Lifebuoy Bar Soap 75g,12,1,27,134.00,111.32,16.9254,0,,19,2026-05-30 01:02:26
15,PRD00015,24 Mantra Rajma 1kg,13,3,28,120.00,82.92,30.9000,0,Veg,5,2026-05-30 01:02:26
16,PRD00016,Vim Dishwash Liquid 500ml,10,6,25,115.00,83.64,27.2696,0,,3,2026-05-30 01:02:26
17,PRD00017,Lotus Face Cream 50ml,14,1,17,700.00,476.15,31.9786,0,,6,2026-05-30 01:02:26
18,PRD00018,Fanta Orange Drink 1.25L,15,7,29,95.00,81.59,14.1158,0,Veg,6,2026-05-30 01:02:26
19,PRD00019,Oral-B Toothbrush pack of 1,16,1,16,30.00,24.39,18.7000,0,,5,2026-05-30 01:02:26
20,PRD00020,Modern Brown Bread 200g,17,2,22,45.00,35.17,21.8444,1,Veg,10,2026-05-30 01:02:26
21,PRD00021,MDH Turmeric Powder 200g,18,3,30,105.00,78.74,25.0095,0,Veg,6,2026-05-30 01:02:26
22,PRD00022,Wheel Detergent Bar pack of 3,19,6,31,164.00,125.28,23.6098,0,,7,2026-05-30 01:02:26
23,PRD00023,Pears Bar Soap 75g,20,1,27,74.00,53.56,27.6216,0,,15,2026-05-30 01:02:26
24,PRD00024,Amul Buttermilk 1L,7,2,18,29.00,20.94,27.7931,1,Veg,5,2026-05-30 01:02:26
25,PRD00025,Pantene Conditioner 175ml,21,1,32,255.00,219.28,14.0078,0,,7,2026-05-30 01:02:26
26,PRD00026,Haldiram's Bhujia 400g,6,4,21,165.00,141.20,14.4242,0,Veg,7,2026-05-30 01:02:26
27,PRD00027,Aashirvaad Iodized Salt 1kg,22,3,33,25.00,19.39,22.4400,0,Veg,8,2026-05-30 01:02:26
28,PRD00028,Amul Milk Chocolate 150g,7,4,34,189.00,125.86,33.4074,0,Veg,7,2026-05-30 01:02:26
29,PRD00029,Lindt Dark Chocolate 150g,23,4,34,445.00,353.90,20.4719,0,Veg,13,2026-05-30 01:02:26
30,PRD00030,Farm Fresh Cabbage 500g,24,8,35,50.00,40.33,19.3400,1,Veg,5,2026-05-30 01:02:26
31,PRD00031,Vadilal Chocolate Ice Cream 100ml,25,5,23,554.00,406.70,26.5884,1,Veg,2,2026-05-30 01:02:26
32,PRD00032,Fortune Urad Dal 1kg,4,3,28,345.00,261.25,24.2754,0,Veg,5,2026-05-30 01:02:26
33,PRD00033,Tata Salt Iodized Salt 500g,26,3,33,19.00,14.28,24.8421,0,Veg,6,2026-05-30 01:02:26
34,PRD00034,Mr. Muscle Floor Cleaner 2L,27,6,36,140.00,107.67,23.0929,0,,4,2026-05-30 01:02:26
35,PRD00035,Sunfeast Cookies 200g,28,4,24,89.00,60.87,31.6067,0,Veg,9,2026-05-30 01:02:26
36,PRD00036,Harvest Gold White Bread 400g,29,2,22,55.00,37.46,31.8909,1,Veg,3,2026-05-30 01:02:26
37,PRD00037,Catch Iodized Salt 500g,30,3,33,35.00,26.79,23.4571,0,Veg,3,2026-05-30 01:02:26
38,PRD00038,Local Grapes 500g,31,8,37,110.00,85.77,22.0273,1,Veg,3,2026-05-30 01:02:26
39,PRD00039,Licious Fish 500g,32,5,38,720.00,601.28,16.4889,1,Non-Veg,4,2026-05-30 01:02:26
40,PRD00040,MDH Chilli Powder 100g,18,3,30,54.00,43.45,19.5370,0,Veg,8,2026-05-30 01:02:26
41,PRD00041,Godrej Protekt Hand Wash 200ml,33,1,27,139.00,99.43,28.4676,0,,9,2026-05-30 01:02:26
42,PRD00042,Center Fresh Chewing Gum pack of 10,34,4,20,94.00,72.31,23.0745,0,Veg,27,2026-05-30 01:02:26
43,PRD00043,Vadilal Chocolate Ice Cream 500ml,25,5,23,529.00,403.96,23.6371,1,Veg,7,2026-05-30 01:02:26
44,PRD00044,Pears Bar Soap 100g,20,1,27,110.00,96.40,12.3636,0,,17,2026-05-30 01:02:26
45,PRD00045,Twinings Green Tea 100 bags,35,7,39,465.00,396.14,14.8086,0,Veg,4,2026-05-30 01:02:26
46,PRD00046,Premium Bell Pepper 250g,36,8,40,130.00,102.97,20.7923,1,Veg,8,2026-05-30 01:02:26
47,PRD00047,Vim Dishwash Bar 200g,10,6,25,85.00,60.62,28.6824,0,,9,2026-05-30 01:02:26
48,PRD00048,Baygon Mosquito Spray 400ml,37,6,41,165.00,141.50,14.2424,0,,4,2026-05-30 01:02:26
49,PRD00049,Britannia Cookies 200g,8,4,24,200.00,149.37,25.3150,0,Veg,8,2026-05-30 01:02:26
50,PRD00050,Pepsodent Mouthwash 250ml,1,1,16,94.00,63.21,32.7553,0,,2,2026-05-30 01:02:26
51,PRD00051,Sting Energy Drink 500ml,38,7,29,139.00,91.40,34.2446,0,Veg,5,2026-05-30 01:02:26
52,PRD00052,Vim Dishwash Liquid 750ml,10,6,25,205.00,175.13,14.5707,0,,4,2026-05-30 01:02:26
53,PRD00053,24 Mantra Rajma 500g,13,3,28,199.00,141.26,29.0151,0,Veg,5,2026-05-30 01:02:26
54,PRD00054,Eclairs Toffees pack of 20,39,4,20,25.00,20.21,19.1600,0,Veg,28,2026-05-30 01:02:26
55,PRD00055,Fortune Mustard Oil 500ml,4,3,42,589.00,414.00,29.7114,0,Veg,4,2026-05-30 01:02:26
56,PRD00056,TRESemme Conditioner 175ml,40,1,32,369.00,302.20,18.1030,0,,7,2026-05-30 01:02:26
57,PRD00057,Red Bull Energy Drink 500ml,41,7,29,114.00,76.26,33.1053,0,Veg,9,2026-05-30 01:02:26
58,PRD00058,Too Yumm Potato Chips 150g,42,4,21,55.00,37.97,30.9636,0,Veg,7,2026-05-30 01:02:26
59,PRD00059,Palmolive Body Wash 250ml,43,1,27,349.00,237.69,31.8940,0,,6,2026-05-30 01:02:26
60,PRD00060,Pepsodent Toothbrush pack of 1,1,1,16,260.00,213.56,17.8615,0,,3,2026-05-30 01:02:26
61,PRD00061,Licious Chicken 250g,32,5,38,199.00,161.94,18.6231,1,Non-Veg,5,2026-05-30 01:02:26
62,PRD00062,Go Cheese Block 200g,44,2,43,250.00,191.68,23.3280,1,Veg,4,2026-05-30 01:02:26
63,PRD00063,Local Cabbage 500g,31,8,35,89.00,67.50,24.1573,1,Veg,7,2026-05-30 01:02:26
64,PRD00064,Himalaya Face Wash 150ml,45,1,17,130.00,109.29,15.9308,0,,4,2026-05-30 01:02:26
65,PRD00065,Mother Dairy Full Cream Milk 1L,46,2,18,60.00,42.48,29.2000,1,Veg,10,2026-05-30 01:02:26
66,PRD00066,Premia Maida 500g,47,3,19,54.00,41.36,23.4074,0,Veg,3,2026-05-30 01:02:26
67,PRD00067,Surf Excel Detergent Powder 4kg,48,6,31,660.00,551.97,16.3682,0,,2,2026-05-30 01:02:26
68,PRD00068,Dabur Amla Hair Oil 200ml,49,1,32,235.00,177.10,24.6383,0,,6,2026-05-30 01:02:26
69,PRD00069,Fortune Sona Masoori Rice 1kg,4,3,44,1269.00,932.55,26.5130,0,Veg,4,2026-05-30 01:02:26
70,PRD00070,Kwality Walls Vanilla Ice Cream 500ml,9,5,23,380.00,250.99,33.9500,1,Veg,5,2026-05-30 01:02:26
71,PRD00071,Nestle Milk Chocolate 40g,50,4,34,189.00,153.92,18.5608,0,Veg,14,2026-05-30 01:02:26
72,PRD00072,Vadilal Strawberry Ice Cream 500ml,25,5,23,35.00,23.25,33.5714,1,Veg,5,2026-05-30 01:02:26
73,PRD00073,Sunfeast Digestive 250g,28,4,24,125.00,100.35,19.7200,0,Veg,15,2026-05-30 01:02:26
74,PRD00074,Eggoz Regular Eggs pack of 30,51,5,45,290.00,199.13,31.3345,1,Non-Veg,3,2026-05-30 01:02:26
75,PRD00075,Happy Hens Country Eggs pack of 6,52,5,45,340.00,281.69,17.1500,1,Non-Veg,4,2026-05-30 01:02:26
76,PRD00076,Local Potato 2kg,31,8,35,99.00,67.91,31.4040,1,Veg,6,2026-05-30 01:02:26
77,PRD00077,Harpic Toilet Cleaner 500ml,53,6,36,115.00,84.65,26.3913,0,,5,2026-05-30 01:02:26
78,PRD00078,Sumeru Fish 1kg,54,5,38,684.00,552.23,19.2646,1,Non-Veg,5,2026-05-30 01:02:26
79,PRD00079,Mother Dairy Paneer 1kg,46,2,43,285.00,240.44,15.6351,1,Veg,6,2026-05-30 01:02:26
80,PRD00080,Red Label Masala Tea 500g,55,7,39,479.00,376.85,21.3257,0,Veg,2,2026-05-30 01:02:26
81,PRD00081,Fogg Spray Deodorant 150ml,56,1,46,310.00,229.44,25.9871,0,,4,2026-05-30 01:02:26
82,PRD00082,Tata Sampann Turmeric Powder 100g,57,3,30,200.00,156.07,21.9650,0,Veg,7,2026-05-30 01:02:26
83,PRD00083,Lotus Face Cream 200ml,14,1,17,119.00,79.97,32.7983,0,,6,2026-05-30 01:02:26
84,PRD00084,India Gate Basmati Rice 10kg,58,3,44,255.00,202.94,20.4157,0,Veg,2,2026-05-30 01:02:26
85,PRD00085,Paper Boat Mixed Fruit Juice 200ml,59,7,47,50.00,40.01,19.9800,0,Veg,3,2026-05-30 01:02:26
86,PRD00086,Himalaya Face Wash 150ml,45,1,17,255.00,200.25,21.4706,0,,4,2026-05-30 01:02:26
87,PRD00087,Parachute Hair Oil 100ml,60,1,32,310.00,221.60,28.5161,0,,8,2026-05-30 01:02:26
88,PRD00088,Kwality Walls Strawberry Ice Cream 500ml,9,5,23,160.00,140.02,12.4875,1,Veg,8,2026-05-30 01:02:26
89,PRD00089,Pril Dishwash Bar 500g,61,6,25,60.00,42.22,29.6333,0,,4,2026-05-30 01:02:26
90,PRD00090,Wagh Bakri Masala Tea 500g,62,7,39,469.00,375.16,20.0085,0,Veg,6,2026-05-30 01:02:26
91,PRD00091,Keggs Brown Eggs pack of 10,63,5,45,115.00,82.85,27.9565,1,Non-Veg,6,2026-05-30 01:02:26
92,PRD00092,Real Apple Juice 200ml,64,7,47,150.00,108.40,27.7333,0,Veg,8,2026-05-30 01:02:26
93,PRD00093,Mirinda Orange Drink 250ml,65,7,29,90.00,72.14,19.8444,0,Veg,10,2026-05-30 01:02:26
94,PRD00094,Imported Zucchini 500g,66,8,40,160.00,120.74,24.5375,1,Veg,6,2026-05-30 01:02:26
95,PRD00095,Dove Roll-on Deodorant 50ml,67,1,46,154.00,125.25,18.6688,0,,3,2026-05-30 01:02:26
96,PRD00096,Nescafe Instant Coffee 50g,68,7,48,459.00,302.89,34.0109,0,Veg,5,2026-05-30 01:02:26
97,PRD00097,Vim Dishwash Liquid 750ml,10,6,25,124.00,98.30,20.7258,0,,4,2026-05-30 01:02:26
98,PRD00098,Pepsi Cola 600ml,69,7,29,119.00,82.81,30.4118,0,Veg,8,2026-05-30 01:02:26
99,PRD00099,Imported Zucchini 500g,66,8,40,164.00,131.55,19.7866,1,Veg,6,2026-05-30 01:02:26
100,PRD00100,Godrej Aer Air Freshener Gel 50g,70,6,49,144.00,123.47,14.2569,0,,6,2026-05-30 01:02:26
101,PRD00101,MDH Chilli Powder 500g,18,3,30,65.00,50.06,22.9846,0,Veg,7,2026-05-30 01:02:26
102,PRD00102,Keggs Regular Eggs pack of 30,63,5,45,180.00,153.61,14.6611,1,Non-Veg,3,2026-05-30 01:02:26
103,PRD00103,Heritage Buttermilk 500ml,3,2,18,45.00,33.81,24.8667,1,Veg,8,2026-05-30 01:02:26
104,PRD00104,Mirinda Orange Drink 1.25L,65,7,29,125.00,88.10,29.5200,0,Veg,11,2026-05-30 01:02:26
105,PRD00105,Nestle Milk Chocolate 80g,50,4,34,145.00,127.50,12.0690,0,Veg,8,2026-05-30 01:02:26
106,PRD00106,Lays Potato Chips 30g,71,4,21,15.00,10.92,27.2000,0,Veg,17,2026-05-30 01:02:26
107,PRD00107,Polo Mints pack of 5,72,4,20,80.00,60.07,24.9125,0,Veg,14,2026-05-30 01:02:26
108,PRD00108,Odonil Air Freshener Gel 75g,73,6,49,124.00,104.68,15.5806,0,,5,2026-05-30 01:02:26
109,PRD00109,P Mark Mustard Oil 500ml,74,3,42,1160.00,771.46,33.4948,0,Veg,3,2026-05-30 01:02:26
110,PRD00110,Premium Bell Pepper 500g,36,8,40,85.00,64.07,24.6235,1,Veg,5,2026-05-30 01:02:26
111,PRD00111,Tata Sampann Brown Rice 1kg,57,3,44,325.00,241.19,25.7877,0,Veg,2,2026-05-30 01:02:26
112,PRD00112,Zorabian Mutton 500g,75,5,38,544.00,439.83,19.1489,1,Non-Veg,5,2026-05-30 01:02:26
113,PRD00113,Eggoz Regular Eggs pack of 30,51,5,45,110.00,84.38,23.2909,1,Non-Veg,7,2026-05-30 01:02:26
114,PRD00114,Amul Full Cream Milk 1L,7,2,18,85.00,59.68,29.7882,1,Veg,6,2026-05-30 01:02:26
115,PRD00115,Premia Sona Masoori Rice 10kg,47,3,44,1169.00,930.55,20.3978,0,Veg,4,2026-05-30 01:02:26
116,PRD00116,Local Banana dozen,31,8,37,45.00,33.07,26.5111,1,Veg,5,2026-05-30 01:02:26
117,PRD00117,English Oven Brown Bread 400g,76,2,22,64.00,42.10,34.2188,1,Veg,9,2026-05-30 01:02:26
118,PRD00118,Premia Maida 500g,47,3,19,85.00,70.27,17.3294,0,Veg,3,2026-05-30 01:02:26
119,PRD00119,Sprite Lemon Drink 250ml,77,7,29,95.00,74.87,21.1895,0,Veg,11,2026-05-30 01:02:26
120,PRD00120,Parachute Hair Oil 500ml,60,1,32,300.00,223.81,25.3967,0,,7,2026-05-30 01:02:26
121,PRD00121,Mother Dairy Buttermilk 200ml,46,2,18,54.00,37.97,29.6852,1,Veg,11,2026-05-30 01:02:26
122,PRD00122,Pepsodent Toothbrush pack of 2,1,1,16,125.00,93.58,25.1360,0,,8,2026-05-30 01:02:26
123,PRD00123,Fortune Chana Dal 1kg,4,3,28,270.00,228.57,15.3444,0,Veg,4,2026-05-30 01:02:26
124,PRD00124,HIT Mosquito Spray 200ml,78,6,41,270.00,187.59,30.5222,0,,6,2026-05-30 01:02:26
125,PRD00125,Godrej Yummiez Veg Cutlet 400g,11,5,26,264.00,201.75,23.5795,1,Veg,8,2026-05-30 01:02:26
126,PRD00126,Modern White Bread 700g,17,2,22,40.00,29.27,26.8250,1,Veg,10,2026-05-30 01:02:26
127,PRD00127,Premia Toor Dal 2kg,47,3,28,234.00,166.51,28.8419,0,Veg,3,2026-05-30 01:02:26
128,PRD00128,Britannia White Bread 200g,8,2,22,59.00,41.84,29.0847,1,Veg,3,2026-05-30 01:02:26
129,PRD00129,Local Orange 2kg,31,8,37,170.00,123.61,27.2882,1,Veg,8,2026-05-30 01:02:26
130,PRD00130,Bajaj Almond Hair Oil 500ml,79,1,32,370.00,297.18,19.6811,0,,5,2026-05-30 01:02:26
131,PRD00131,Mirinda Orange Drink 2L,65,7,29,55.00,40.95,25.5455,0,Veg,7,2026-05-30 01:02:26
132,PRD00132,Wheel Detergent Bar pack of 3,19,6,31,125.00,97.36,22.1120,0,,10,2026-05-30 01:02:26
133,PRD00133,Imported Broccoli 500g,66,8,40,140.00,118.53,15.3357,1,Veg,4,2026-05-30 01:02:26
134,PRD00134,Fortune Toor Dal 500g,4,3,28,125.00,86.09,31.1280,0,Veg,3,2026-05-30 01:02:26
135,PRD00135,Everest Chilli Powder 500g,80,3,30,175.00,148.29,15.2629,0,Veg,9,2026-05-30 01:02:26
136,PRD00136,English Oven White Bread 400g,76,2,22,39.00,31.83,18.3846,1,Veg,9,2026-05-30 01:02:26
137,PRD00137,Godrej Yummiez Veg Nuggets 200g,11,5,26,235.00,167.61,28.6766,1,Veg,8,2026-05-30 01:02:26
138,PRD00138,Farm Fresh Banana 1kg,24,8,37,60.00,44.62,25.6333,1,Veg,15,2026-05-30 01:02:26
139,PRD00139,Local Grapes 1kg,31,8,37,220.00,155.29,29.4136,1,Veg,3,2026-05-30 01:02:26
140,PRD00140,Local Potato 1kg,31,8,35,125.00,91.80,26.5600,1,Veg,8,2026-05-30 01:02:26
141,PRD00141,Tata Sampann Besan 1kg,57,3,19,175.00,135.14,22.7771,0,Veg,4,2026-05-30 01:02:26
142,PRD00142,Fortune Urad Dal 500g,4,3,28,155.00,124.33,19.7871,0,Veg,3,2026-05-30 01:02:26
143,PRD00143,Red Label Black Tea 250g,55,7,39,620.00,494.62,20.2226,0,Veg,4,2026-05-30 01:02:26
144,PRD00144,Odonil Air Freshener Gel 75g,73,6,49,160.00,117.01,26.8688,0,,5,2026-05-30 01:02:26
145,PRD00145,Britannia Crackers 200g,8,4,24,30.00,25.09,16.3667,0,Veg,11,2026-05-30 01:02:26
146,PRD00146,Madhur Sugar 500g,81,3,33,249.00,192.27,22.7831,0,Veg,5,2026-05-30 01:02:26
147,PRD00147,Britannia Brown Bread 200g,8,2,22,40.00,30.38,24.0500,1,Veg,4,2026-05-30 01:02:26
148,PRD00148,Himalaya Face Wash 100ml,45,1,17,330.00,227.45,31.0758,0,,2,2026-05-30 01:02:26
149,PRD00149,Farm Fresh Tomato 1kg,24,8,35,29.00,20.43,29.5517,1,Veg,11,2026-05-30 01:02:26
150,PRD00150,Parle Cream Biscuits 50g,82,4,24,55.00,45.03,18.1273,0,Veg,20,2026-05-30 01:02:26
151,PRD00151,Amul Milk Chocolate 150g,7,4,34,180.00,132.03,26.6500,0,Veg,8,2026-05-30 01:02:26
152,PRD00152,Fortune Toor Dal 1kg,4,3,28,175.00,152.74,12.7200,0,Veg,5,2026-05-30 01:02:26
153,PRD00153,Suguna Regular Eggs pack of 30,83,5,45,64.00,49.20,23.1250,1,Non-Veg,6,2026-05-30 01:02:26
154,PRD00154,Eggoz Country Eggs pack of 10,51,5,45,325.00,271.31,16.5200,1,Non-Veg,8,2026-05-30 01:02:26
155,PRD00155,Closeup Toothpaste 100g,84,1,16,189.00,138.86,26.5291,0,,4,2026-05-30 01:02:26
156,PRD00156,Ambipur Air Freshener Spray 250ml,85,6,49,170.00,122.13,28.1588,0,,2,2026-05-30 01:02:26
157,PRD00157,Tata Salt Iodized Salt 1kg,26,3,33,39.00,28.31,27.4103,0,Veg,8,2026-05-30 01:02:26
158,PRD00158,Ambipur Air Freshener Spray 250ml,85,6,49,160.00,137.06,14.3375,0,,5,2026-05-30 01:02:26
159,PRD00159,Premium Imported Orange 2kg,86,8,37,204.00,144.79,29.0245,1,Veg,6,2026-05-30 01:02:26
160,PRD00160,Heritage Buttermilk 200ml,3,2,18,35.00,25.46,27.2571,1,Veg,14,2026-05-30 01:02:26
161,PRD00161,Vadilal Strawberry Ice Cream 100ml,25,5,23,105.00,89.68,14.5905,1,Veg,4,2026-05-30 01:02:26
162,PRD00162,Local Onion 500g,31,8,35,100.00,68.00,32.0000,1,Veg,9,2026-05-30 01:02:26
163,PRD00163,Premium Bell Pepper 250g,36,8,40,54.00,38.12,29.4074,1,Veg,8,2026-05-30 01:02:26
164,PRD00164,ITC Master Chef Chicken Nuggets 400g,87,5,26,305.00,214.30,29.7377,1,Non-Veg,3,2026-05-30 01:02:26
165,PRD00165,Pril Dishwash Bar 200g,61,6,25,90.00,59.80,33.5556,0,,11,2026-05-30 01:02:26
166,PRD00166,Munch Wafer Chocolate 18g,88,4,34,20.00,17.49,12.5500,0,Veg,11,2026-05-30 01:02:26
167,PRD00167,Amul Butter 200g,7,2,43,159.00,122.48,22.9686,1,Veg,6,2026-05-30 01:02:26
168,PRD00168,Fortune Moong Dal 2kg,4,3,28,114.00,81.50,28.5088,0,Veg,3,2026-05-30 01:02:26
169,PRD00169,Balaji Bhujia 400g,89,4,21,190.00,151.20,20.4211,0,Veg,5,2026-05-30 01:02:26
170,PRD00170,McCain Veg Cutlet 400g,90,5,26,250.00,197.74,20.9040,1,Veg,4,2026-05-30 01:02:26
171,PRD00171,Dove Roll-on Deodorant 50ml,67,1,46,219.00,161.05,26.4612,0,,4,2026-05-30 01:02:26
172,PRD00172,Borges Olive Oil 500ml,91,3,42,775.00,560.78,27.6413,0,Veg,2,2026-05-30 01:02:26
173,PRD00173,Local Apple 500g,31,8,37,305.00,230.35,24.4754,1,Veg,3,2026-05-30 01:02:26
174,PRD00174,Dettol Hand Wash 200ml,92,1,27,239.00,186.19,22.0962,0,,6,2026-05-30 01:02:26
175,PRD00175,All Out Mosquito Liquid 45ml,93,6,41,245.00,181.18,26.0490,0,,3,2026-05-30 01:02:26
176,PRD00176,Exo Dishwash Bar 500g,94,6,25,75.00,59.82,20.2400,0,,4,2026-05-30 01:02:26
177,PRD00177,MDH Coriander Powder 500g,18,3,30,195.00,151.32,22.4000,0,Veg,5,2026-05-30 01:02:26
178,PRD00178,Sensodyne Toothbrush pack of 1,95,1,16,130.00,110.68,14.8615,0,,8,2026-05-30 01:02:26
179,PRD00179,Fortune Sona Masoori Rice 25kg,4,3,44,484.00,320.65,33.7500,0,Veg,3,2026-05-30 01:02:26
180,PRD00180,Harvest Gold Buns pack of 12,29,2,22,59.00,51.02,13.5254,1,Veg,5,2026-05-30 01:02:26
181,PRD00181,Oral-B Toothbrush pack of 2,16,1,16,225.00,190.20,15.4667,0,,5,2026-05-30 01:02:26
182,PRD00182,MDH Coriander Powder 200g,18,3,30,85.00,66.07,22.2706,0,Veg,7,2026-05-30 01:02:26
183,PRD00183,Mother Dairy Vanilla Ice Cream 1L,46,5,23,139.00,92.08,33.7554,1,Veg,2,2026-05-30 01:02:26
184,PRD00184,HIT Mosquito Spray 200ml,78,6,41,139.00,106.02,23.7266,0,,4,2026-05-30 01:02:26
185,PRD00185,Fortune Rajma 1kg,4,3,28,200.00,147.29,26.3550,0,Veg,2,2026-05-30 01:02:26
186,PRD00186,Eggoz Brown Eggs pack of 6,51,5,45,104.00,68.43,34.2019,1,Non-Veg,4,2026-05-30 01:02:26
187,PRD00187,Sanifresh Toilet Cleaner 500ml,96,6,36,105.00,86.47,17.6476,0,,2,2026-05-30 01:02:26
188,PRD00188,Everest Turmeric Powder 500g,80,3,30,134.00,90.23,32.6642,0,Veg,10,2026-05-30 01:02:26
189,PRD00189,TRESemme Conditioner 175ml,40,1,32,275.00,185.22,32.6473,0,,7,2026-05-30 01:02:26
190,PRD00190,Surf Excel Detergent Liquid 2L,48,6,31,620.00,464.20,25.1290,0,,3,2026-05-30 01:02:26
191,PRD00191,Vim Dishwash Liquid 250ml,10,6,25,215.00,158.54,26.2605,0,,8,2026-05-30 01:02:26
192,PRD00192,Catch Coriander Powder 200g,30,3,30,125.00,91.68,26.6560,0,Veg,7,2026-05-30 01:02:26
193,PRD00193,Licious Fish 500g,32,5,38,249.00,167.24,32.8353,1,Non-Veg,5,2026-05-30 01:02:26
194,PRD00194,Kitkat Wafer Chocolate 40g,97,4,34,60.00,45.48,24.2000,0,Veg,18,2026-05-30 01:02:26
195,PRD00195,Mr. Muscle Glass Cleaner 500ml,27,6,36,190.00,145.87,23.2263,0,,6,2026-05-30 01:02:26
196,PRD00196,Premium Imported Apple 500g,86,8,37,199.00,169.80,14.6734,1,Veg,10,2026-05-30 01:02:26
197,PRD00197,Clinic Plus Shampoo 175ml,98,1,32,155.00,120.72,22.1161,0,,2,2026-05-30 01:02:26
198,PRD00198,Catch Rock Salt 500g,30,3,33,180.00,139.10,22.7222,0,Veg,4,2026-05-30 01:02:26
199,PRD00199,Britannia Cream Biscuits 50g,8,4,24,29.00,19.56,32.5517,0,Veg,20,2026-05-30 01:02:26
200,PRD00200,Borges Olive Oil 500ml,91,3,42,675.00,505.26,25.1467,0,Veg,3,2026-05-30 01:02:26
201,PRD00201,Ghadi Detergent Powder 1kg,99,6,31,645.00,484.99,24.8078,0,,2,2026-05-30 01:02:26
202,PRD00202,Tata Tea Black Tea 1kg,100,7,39,550.00,421.73,23.3218,0,Veg,3,2026-05-30 01:02:26
203,PRD00203,Twinings Green Tea 100 bags,35,7,39,195.00,168.64,13.5179,0,Veg,2,2026-05-30 01:02:26
204,PRD00204,Amul Cold Coffee 200ml,7,7,48,54.00,45.17,16.3519,0,Veg,12,2026-05-30 01:02:26
205,PRD00205,Goodknight Mosquito Coil pack of 10,101,6,41,89.00,63.32,28.8539,0,,10,2026-05-30 01:02:26
206,PRD00206,24 Mantra Rajma 500g,13,3,28,134.00,94.43,29.5299,0,Veg,6,2026-05-30 01:02:26
207,PRD00207,Amul Paneer 1kg,7,2,43,170.00,131.08,22.8941,1,Veg,7,2026-05-30 01:02:26
208,PRD00208,Saffola Olive Oil 1L,102,3,42,655.00,524.14,19.9786,0,Veg,2,2026-05-30 01:02:26
209,PRD00209,Tata Sampann Urad Dal 1kg,57,3,28,275.00,226.10,17.7818,0,Veg,2,2026-05-30 01:02:26
210,PRD00210,Tata Tea Masala Tea 500g,100,7,39,229.00,185.53,18.9825,0,Veg,5,2026-05-30 01:02:26
211,PRD00211,Nescafe Cold Coffee 200ml,68,7,48,85.00,69.17,18.6235,0,Veg,3,2026-05-30 01:02:26
212,PRD00212,Red Label Masala Tea 500g,55,7,39,145.00,114.40,21.1034,0,Veg,7,2026-05-30 01:02:26
213,PRD00213,Sensodyne Toothpaste 200g,95,1,16,79.00,64.61,18.2152,0,,3,2026-05-30 01:02:26
214,PRD00214,Happy Hens Brown Eggs pack of 10,52,5,45,70.00,59.30,15.2857,1,Non-Veg,4,2026-05-30 01:02:26
215,PRD00215,24 Mantra Moong Dal 1kg,13,3,28,120.00,88.79,26.0083,0,Veg,3,2026-05-30 01:02:26
216,PRD00216,Catch Coriander Powder 500g,30,3,30,45.00,32.87,26.9556,0,Veg,5,2026-05-30 01:02:26
217,PRD00217,HIT Mosquito Coil pack of 12,78,6,41,169.00,142.35,15.7692,0,,10,2026-05-30 01:02:26
218,PRD00218,Harpic Toilet Cleaner 1L,53,6,36,255.00,198.40,22.1961,0,,3,2026-05-30 01:02:26
219,PRD00219,Fortune Rajma 1kg,4,3,28,95.00,75.19,20.8526,0,Veg,4,2026-05-30 01:02:26
220,PRD00220,Rin Detergent Bar pack of 6,103,6,31,85.00,58.57,31.0941,0,,3,2026-05-30 01:02:26
221,PRD00221,Tata Sampann Urad Dal 500g,57,3,28,175.00,118.47,32.3029,0,Veg,5,2026-05-30 01:02:26
222,PRD00222,Aashirvaad Whole Wheat Atta 10kg,22,3,19,70.00,49.37,29.4714,0,Veg,3,2026-05-30 01:02:26
223,PRD00223,Britannia Cheese Block 500g,8,2,43,545.00,440.34,19.2037,1,Veg,5,2026-05-30 01:02:26
224,PRD00224,Himalaya Face Wash 50ml,45,1,17,270.00,186.18,31.0444,0,,2,2026-05-30 01:02:26
225,PRD00225,ITC Master Chef Veg Cutlet 200g,87,5,26,105.00,84.39,19.6286,1,Veg,5,2026-05-30 01:02:26
226,PRD00226,Local Apple 1kg,31,8,37,199.00,172.53,13.3015,1,Veg,10,2026-05-30 01:02:26
227,PRD00227,Tide Detergent Bar pack of 6,104,6,31,94.00,67.19,28.5213,0,,9,2026-05-30 01:02:26
228,PRD00228,Go Cheese Slices 200g,44,2,43,194.00,165.95,14.4588,1,Veg,7,2026-05-30 01:02:26
229,PRD00229,Imported Grapes 500g,66,8,37,250.00,164.39,34.2440,1,Veg,4,2026-05-30 01:02:26
230,PRD00230,Dove Body Lotion 100ml,67,1,17,329.00,261.33,20.5684,0,,2,2026-05-30 01:02:26
231,PRD00231,Harvest Gold Brown Bread 200g,29,2,22,39.00,32.81,15.8718,1,Veg,4,2026-05-30 01:02:26
232,PRD00232,Catch Chilli Powder 200g,30,3,30,129.00,101.71,21.1550,0,Veg,8,2026-05-30 01:02:26
233,PRD00233,Harpic Toilet Cleaner 1L,53,6,36,239.00,198.90,16.7782,0,,2,2026-05-30 01:02:26
234,PRD00234,Aquafina Mineral Water 5L,105,7,50,34.00,25.88,23.8824,0,Veg,11,2026-05-30 01:02:26
235,PRD00235,Domex Toilet Cleaner 1L,106,6,36,190.00,147.15,22.5526,0,,6,2026-05-30 01:02:26
236,PRD00236,Nivea Face Cream 200ml,107,1,17,779.00,577.87,25.8190,0,,6,2026-05-30 01:02:26
237,PRD00237,Bikaji Bhujia 200g,108,4,21,105.00,76.49,27.1524,0,Veg,11,2026-05-30 01:02:26
238,PRD00238,Modern Brown Bread 400g,17,2,22,59.00,48.04,18.5763,1,Veg,5,2026-05-30 01:02:26
239,PRD00239,Ariel Detergent Liquid 2L,109,6,31,339.00,248.84,26.5959,0,,3,2026-05-30 01:02:26
240,PRD00240,Godrej Aer Air Freshener Gel 50g,70,6,49,229.00,151.16,33.9913,0,,6,2026-05-30 01:02:26
241,PRD00241,ITC Master Chef Chicken Nuggets 400g,87,5,26,485.00,392.40,19.0928,1,Non-Veg,5,2026-05-30 01:02:26
242,PRD00242,Tropicana Orange Juice 1L,110,7,47,40.00,32.68,18.3000,0,Veg,3,2026-05-30 01:02:26
243,PRD00243,Godrej Aer Air Freshener Gel 50g,70,6,49,164.00,121.63,25.8354,0,,4,2026-05-30 01:02:26
244,PRD00244,Baskin Robbins Chocolate Ice Cream 100ml,111,5,23,534.00,456.79,14.4588,1,Veg,7,2026-05-30 01:02:26
245,PRD00245,Axe Spray Deodorant 220ml,112,1,46,199.00,137.16,31.0754,0,,3,2026-05-30 01:02:26
246,PRD00246,Licious Fish 250g,32,5,38,249.00,218.63,12.1968,1,Non-Veg,4,2026-05-30 01:02:26
247,PRD00247,Local Bell Pepper 250g,31,8,40,180.00,144.77,19.5722,1,Veg,4,2026-05-30 01:02:26
248,PRD00248,Local Apple 1kg,31,8,37,229.00,177.65,22.4236,1,Veg,5,2026-05-30 01:02:26
249,PRD00249,Real Mango Juice 1L,64,7,47,125.00,100.83,19.3360,0,Veg,8,2026-05-30 01:02:26
250,PRD00250,Himalaya Face Wash 100ml,45,1,17,109.00,73.96,32.1468,0,,4,2026-05-30 01:02:26
251,PRD00251,MDH Chilli Powder 100g,18,3,30,290.00,232.90,19.6897,0,Veg,8,2026-05-30 01:02:26
252,PRD00252,McVitie's Cookies 500g,113,4,24,45.00,39.04,13.2444,0,Veg,14,2026-05-30 01:02:26
253,PRD00253,Mother Dairy Toned Milk 200ml,46,2,18,50.00,38.36,23.2800,1,Veg,8,2026-05-30 01:02:26
254,PRD00254,Tide Detergent Powder 1kg,104,6,31,159.00,110.35,30.5975,0,,4,2026-05-30 01:02:26
255,PRD00255,P Mark Mustard Oil 500ml,74,3,42,455.00,300.95,33.8571,0,Veg,4,2026-05-30 01:02:26
256,PRD00256,Tata Salt Iodized Salt 500g,26,3,33,35.00,30.61,12.5429,0,Veg,5,2026-05-30 01:02:26
257,PRD00257,7UP Lemon Drink 250ml,114,7,29,119.00,80.19,32.6134,0,Veg,5,2026-05-30 01:02:26
258,PRD00258,Britannia Pav pack of 12,8,2,22,59.00,41.41,29.8136,1,Veg,5,2026-05-30 01:02:26
259,PRD00259,English Oven White Bread 400g,76,2,22,34.00,23.70,30.2941,1,Veg,9,2026-05-30 01:02:26
260,PRD00260,Society Black Tea 250g,115,7,39,350.00,282.38,19.3200,0,Veg,6,2026-05-30 01:02:26
261,PRD00261,Too Yumm Potato Chips 30g,42,4,21,70.00,56.62,19.1143,0,Veg,20,2026-05-30 01:02:26
262,PRD00262,Sumeru Chicken Nuggets 200g,54,5,26,539.00,384.94,28.5826,1,Non-Veg,3,2026-05-30 01:02:26
263,PRD00263,Premia Chana Dal 1kg,47,3,28,105.00,79.09,24.6762,0,Veg,3,2026-05-30 01:02:26
264,PRD00264,Farm Fresh Onion 500g,24,8,35,125.00,95.07,23.9440,1,Veg,8,2026-05-30 01:02:26
265,PRD00265,Haldiram's Bhujia 100g,6,4,21,149.00,117.34,21.2483,0,Veg,8,2026-05-30 01:02:26
266,PRD00266,Fortune Brown Rice 1kg,4,3,44,185.00,126.08,31.8486,0,Veg,2,2026-05-30 01:02:26
267,PRD00267,Borges Olive Oil 1L,91,3,42,490.00,423.64,13.5429,0,Veg,4,2026-05-30 01:02:26
268,PRD00268,Pantene Shampoo 340ml,21,1,32,195.00,127.30,34.7179,0,,3,2026-05-30 01:02:26
269,PRD00269,Paper Boat Mixed Fruit Juice 1L,59,7,47,30.00,20.49,31.7000,0,Veg,3,2026-05-30 01:02:26
270,PRD00270,Axe Spray Deodorant 220ml,112,1,46,150.00,113.42,24.3867,0,,4,2026-05-30 01:02:26
271,PRD00271,Zorabian Mutton 1kg,75,5,38,869.00,740.52,14.7848,1,Non-Veg,5,2026-05-30 01:02:26
272,PRD00272,B Natural Apple Juice 1L,116,7,47,69.00,52.53,23.8696,0,Veg,12,2026-05-30 01:02:26
273,PRD00273,Keggs Regular Eggs pack of 10,63,5,45,229.00,153.69,32.8865,1,Non-Veg,3,2026-05-30 01:02:26
274,PRD00274,Catch Iodized Salt 1kg,30,3,33,40.00,28.10,29.7500,0,Veg,7,2026-05-30 01:02:26
275,PRD00275,Daawat Sona Masoori Rice 5kg,117,3,44,1475.00,966.07,34.5037,0,Veg,4,2026-05-30 01:02:26
276,PRD00276,Sunfeast Cookies 100g,28,4,24,185.00,149.76,19.0486,0,Veg,15,2026-05-30 01:02:26
277,PRD00277,Thums Up Cola 250ml,118,7,29,109.00,93.95,13.8073,0,Veg,7,2026-05-30 01:02:26
278,PRD00278,Aashirvaad Rock Salt 1kg,22,3,33,85.00,73.44,13.6000,0,Veg,6,2026-05-30 01:02:26
279,PRD00279,Mortein Mosquito Spray 400ml,119,6,41,259.00,196.32,24.2008,0,,3,2026-05-30 01:02:26
280,PRD00280,Premia Chana Dal 2kg,47,3,28,59.00,48.73,17.4068,0,Veg,2,2026-05-30 01:02:26
281,PRD00281,Vadilal Vanilla Ice Cream 500ml,25,5,23,125.00,92.09,26.3280,1,Veg,8,2026-05-30 01:02:26
282,PRD00282,Pillsbury Maida 500g,120,3,19,64.00,54.61,14.6719,0,Veg,6,2026-05-30 01:02:26
283,PRD00283,Munch Wafer Chocolate 40g,88,4,34,50.00,40.49,19.0200,0,Veg,18,2026-05-30 01:02:26
284,PRD00284,Britannia Crackers 100g,8,4,24,50.00,38.80,22.4000,0,Veg,15,2026-05-30 01:02:26
285,PRD00285,Farm Fresh Potato 2kg,24,8,35,105.00,69.84,33.4857,1,Veg,5,2026-05-30 01:02:26
286,PRD00286,Dove Roll-on Deodorant 50ml,67,1,46,215.00,162.12,24.5953,0,,2,2026-05-30 01:02:26
287,PRD00287,Haldiram's Bhujia 400g,6,4,21,50.00,40.34,19.3200,0,Veg,9,2026-05-30 01:02:26
288,PRD00288,ITC Master Chef Chicken Nuggets 200g,87,5,26,254.00,196.67,22.5709,1,Non-Veg,3,2026-05-30 01:02:26
289,PRD00289,Premia Maida 1kg,47,3,19,50.00,34.24,31.5200,0,Veg,3,2026-05-30 01:02:26
290,PRD00290,Nivea Face Cream 50ml,107,1,17,144.00,101.16,29.7500,0,,2,2026-05-30 01:02:26
291,PRD00291,Harpic Toilet Cleaner 1L,53,6,36,145.00,97.26,32.9241,0,,2,2026-05-30 01:02:26
292,PRD00292,Lifebuoy Hand Wash 750ml,12,1,27,100.00,85.47,14.5300,0,,4,2026-05-30 01:02:26
293,PRD00293,Fortune Besan 500g,4,3,19,179.00,127.79,28.6089,0,Veg,6,2026-05-30 01:02:26
294,PRD00294,Big Babol Chewing Gum pack of 10,121,4,20,40.00,26.39,34.0250,0,Veg,29,2026-05-30 01:02:26
295,PRD00295,Fortune Sona Masoori Rice 25kg,4,3,44,1115.00,868.63,22.0960,0,Veg,2,2026-05-30 01:02:26
296,PRD00296,Imported Grapes 500g,66,8,37,95.00,66.10,30.4211,1,Veg,6,2026-05-30 01:02:26
297,PRD00297,Nestle Milk Chocolate 18g,50,4,34,84.00,60.63,27.8214,0,Veg,18,2026-05-30 01:02:26
298,PRD00298,Garvi Gujarat Khakra 400g,122,4,21,200.00,158.99,20.5050,0,Veg,4,2026-05-30 01:02:26
299,PRD00299,Pantene Conditioner 80ml,21,1,32,445.00,351.81,20.9416,0,,6,2026-05-30 01:02:26
300,PRD00300,Licious Fish 250g,32,5,38,805.00,628.19,21.9640,1,Non-Veg,5,2026-05-30 01:02:26
301,PRD00301,Bikaji Mixture 200g,108,4,21,85.00,62.95,25.9412,0,Veg,12,2026-05-30 01:02:26
302,PRD00302,ITC Master Chef Veg Nuggets 400g,87,5,26,110.00,76.41,30.5364,1,Veg,7,2026-05-30 01:02:26
303,PRD00303,Local Banana dozen,31,8,37,50.00,36.69,26.6200,1,Veg,12,2026-05-30 01:02:26
304,PRD00304,Vadilal Vanilla Ice Cream 500ml,25,5,23,300.00,209.09,30.3033,1,Veg,6,2026-05-30 01:02:26
305,PRD00305,Tide Detergent Bar pack of 3,104,6,31,75.00,60.00,20.0000,0,,6,2026-05-30 01:02:26
306,PRD00306,Exo Dishwash Liquid 250ml,94,6,25,150.00,108.28,27.8133,0,,2,2026-05-30 01:02:26
307,PRD00307,Fortune Rajma 1kg,4,3,28,210.00,164.32,21.7524,0,Veg,2,2026-05-30 01:02:26
308,PRD00308,Tide Detergent Liquid 2L,104,6,31,635.00,511.28,19.4835,0,,2,2026-05-30 01:02:26
309,PRD00309,Pears Body Wash 250ml,20,1,27,150.00,110.20,26.5333,0,,5,2026-05-30 01:02:26
310,PRD00310,Heritage Paneer 200g,3,2,43,115.00,90.51,21.2957,1,Veg,5,2026-05-30 01:02:26
311,PRD00311,Premia Sona Masoori Rice 10kg,47,3,44,1205.00,872.09,27.6274,0,Veg,3,2026-05-30 01:02:26
312,PRD00312,Nescafe Instant Coffee 200g,68,7,48,384.00,336.35,12.4089,0,Veg,4,2026-05-30 01:02:26
313,PRD00313,Pillsbury Whole Wheat Atta 1kg,120,3,19,289.00,192.02,33.5571,0,Veg,3,2026-05-30 01:02:26
314,PRD00314,Local Banana dozen,31,8,37,85.00,56.88,33.0824,1,Veg,5,2026-05-30 01:02:26
315,PRD00315,Modern Pav pack of 12,17,2,22,54.00,42.51,21.2778,1,Veg,8,2026-05-30 01:02:26
316,PRD00316,Clinic Plus Shampoo 175ml,98,1,32,484.00,424.52,12.2893,0,,6,2026-05-30 01:02:26
317,PRD00317,ITC Master Chef Chicken Nuggets 750g,87,5,26,214.00,169.24,20.9159,1,Non-Veg,8,2026-05-30 01:02:26
318,PRD00318,Fortune Sooji 500g,4,3,19,95.00,70.97,25.2947,0,Veg,4,2026-05-30 01:02:26
319,PRD00319,Tide Detergent Liquid 1L,104,6,31,619.00,459.57,25.7561,0,,3,2026-05-30 01:02:26
320,PRD00320,Farm Fresh Banana dozen,24,8,37,69.00,57.05,17.3188,1,Veg,14,2026-05-30 01:02:26
321,PRD00321,Dove Body Lotion 100ml,67,1,17,149.00,118.99,20.1409,0,,2,2026-05-30 01:02:26
322,PRD00322,Parle Crackers 200g,82,4,24,55.00,39.32,28.5091,0,Veg,3,2026-05-30 01:02:26
323,PRD00323,Farm Fresh Cauliflower 500g,24,8,35,29.00,24.58,15.2414,1,Veg,8,2026-05-30 01:02:26
324,PRD00324,Aquafina Mineral Water 1L,105,7,50,45.00,31.10,30.8889,0,Veg,13,2026-05-30 01:02:26
325,PRD00325,Madhur Sugar 500g,81,3,33,99.00,73.20,26.0606,0,Veg,5,2026-05-30 01:02:26
326,PRD00326,Everest Chilli Powder 100g,80,3,30,125.00,84.09,32.7280,0,Veg,9,2026-05-30 01:02:26
327,PRD00327,Everest Garam Masala 100g,80,3,30,145.00,108.33,25.2897,0,Veg,9,2026-05-30 01:02:26
328,PRD00328,Nihar Hair Oil 100ml,123,1,32,135.00,109.79,18.6741,0,,7,2026-05-30 01:02:26
329,PRD00329,Heritage Full Cream Milk 1L,3,2,18,55.00,39.42,28.3273,1,Veg,7,2026-05-30 01:02:26
330,PRD00330,Sabena Dishwash Powder 500g,124,6,25,75.00,62.57,16.5733,0,,4,2026-05-30 01:02:26
331,PRD00331,Closeup Toothpaste 100g,84,1,16,160.00,124.69,22.0688,0,,9,2026-05-30 01:02:26
332,PRD00332,Premium Imported Orange 500g,86,8,37,70.00,57.58,17.7429,1,Veg,10,2026-05-30 01:02:26
333,PRD00333,Colgate Toothbrush pack of 1,125,1,16,230.00,187.28,18.5739,0,,3,2026-05-30 01:02:26
334,PRD00334,Tropicana Orange Juice 200ml,110,7,47,30.00,22.29,25.7000,0,Veg,9,2026-05-30 01:02:26
335,PRD00335,Premia Sooji 500g,47,3,19,69.00,52.91,23.3188,0,Veg,4,2026-05-30 01:02:26
336,PRD00336,Godrej Yummiez French Fries 400g,11,5,26,269.00,201.79,24.9851,1,Veg,7,2026-05-30 01:02:26
337,PRD00337,Fortune Besan 1kg,4,3,19,65.00,52.86,18.6769,0,Veg,5,2026-05-30 01:02:26
338,PRD00338,Heritage Buttermilk 200ml,3,2,18,24.00,15.96,33.5000,1,Veg,12,2026-05-30 01:02:26
339,PRD00339,Go Cheese Block 200g,44,2,43,374.00,313.50,16.1765,1,Veg,7,2026-05-30 01:02:26
340,PRD00340,Farm Fresh Cauliflower 1kg,24,8,35,34.00,26.24,22.8235,1,Veg,7,2026-05-30 01:02:26
341,PRD00341,MDH Coriander Powder 200g,18,3,30,220.00,193.28,12.1455,0,Veg,4,2026-05-30 01:02:26
342,PRD00342,Farm Fresh Onion 500g,24,8,35,69.00,49.48,28.2899,1,Veg,8,2026-05-30 01:02:26
343,PRD00343,Nivea Face Cream 200ml,107,1,17,369.00,240.52,34.8184,0,,5,2026-05-30 01:02:26
344,PRD00344,McCain Veg Nuggets 200g,90,5,26,259.00,222.54,14.0772,1,Veg,3,2026-05-30 01:02:26
345,PRD00345,Real Orange Juice 1L,64,7,47,130.00,112.07,13.7923,0,Veg,5,2026-05-30 01:02:26
346,PRD00346,Pears Body Wash 500ml,20,1,27,210.00,164.47,21.6810,0,,8,2026-05-30 01:02:26
347,PRD00347,ITC Master Chef Veg Nuggets 200g,87,5,26,145.00,106.09,26.8345,1,Veg,4,2026-05-30 01:02:26
348,PRD00348,Premia Sooji 500g,47,3,19,59.00,43.70,25.9322,0,Veg,4,2026-05-30 01:02:26
349,PRD00349,Ariel Detergent Liquid 500ml,109,6,31,455.00,386.32,15.0945,0,,5,2026-05-30 01:02:26
350,PRD00350,Odonil Air Freshener Gel 75g,73,6,49,164.00,137.98,15.8659,0,,7,2026-05-30 01:02:26
351,PRD00351,Colgate Toothpaste 50g,125,1,16,225.00,176.19,21.6933,0,,10,2026-05-30 01:02:26
352,PRD00352,Sunfeast Cookies 500g,28,4,24,105.00,80.69,23.1524,0,Veg,6,2026-05-30 01:02:26
353,PRD00353,Alphonso Mango 1kg,126,8,37,400.00,281.88,29.5300,1,Veg,8,2026-05-30 01:02:26
354,PRD00354,Local Orange 1kg,31,8,37,254.00,181.18,28.6693,1,Veg,4,2026-05-30 01:02:26
355,PRD00355,Mother Dairy Butter 500g,46,2,43,275.00,227.45,17.2909,1,Veg,3,2026-05-30 01:02:26
356,PRD00356,24 Mantra Rajma 500g,13,3,28,290.00,188.98,34.8345,0,Veg,4,2026-05-30 01:02:26
357,PRD00357,Mentos Mints pack of 5,5,4,20,20.00,14.90,25.5000,0,Veg,15,2026-05-30 01:02:26
358,PRD00358,Keggs Brown Eggs pack of 6,63,5,45,204.00,170.81,16.2696,1,Non-Veg,8,2026-05-30 01:02:26
359,PRD00359,Local Grapes 500g,31,8,37,205.00,177.34,13.4927,1,Veg,3,2026-05-30 01:02:26
360,PRD00360,Wagh Bakri Masala Tea 250g,62,7,39,264.00,200.99,23.8674,0,Veg,3,2026-05-30 01:02:26
361,PRD00361,Ariel Detergent Powder 4kg,109,6,31,139.00,121.06,12.9065,0,,4,2026-05-30 01:02:26
362,PRD00362,Alpenliebe Toffees jar,127,4,20,124.00,85.15,31.3306,0,Veg,21,2026-05-30 01:02:26
363,PRD00363,Tata Coffee Instant Coffee 200g,128,7,48,239.00,203.24,14.9623,0,Veg,3,2026-05-30 01:02:26
364,PRD00364,Eggoz Regular Eggs pack of 6,51,5,45,300.00,211.03,29.6567,1,Non-Veg,4,2026-05-30 01:02:26
365,PRD00365,Amul Toned Milk 200ml,7,2,18,30.00,20.34,32.2000,1,Veg,8,2026-05-30 01:02:26
366,PRD00366,Farm Fresh Potato 2kg,24,8,35,84.00,67.18,20.0238,1,Veg,9,2026-05-30 01:02:26
367,PRD00367,Godrej Yummiez Veg Nuggets 200g,11,5,26,239.00,187.09,21.7197,1,Veg,2,2026-05-30 01:02:26
368,PRD00368,Tata Coffee Instant Coffee 100g,128,7,48,200.00,141.44,29.2800,0,Veg,8,2026-05-30 01:02:26
369,PRD00369,Fortune Chana Dal 500g,4,3,28,69.00,57.58,16.5507,0,Veg,3,2026-05-30 01:02:26
370,PRD00370,Premia Sona Masoori Rice 10kg,47,3,44,1135.00,941.20,17.0749,0,Veg,2,2026-05-30 01:02:26
371,PRD00371,Tata Sampann Besan 1kg,57,3,19,160.00,139.77,12.6438,0,Veg,5,2026-05-30 01:02:26
372,PRD00372,Britannia Curd 400g,8,2,18,70.00,58.16,16.9143,1,Veg,12,2026-05-30 01:02:26
373,PRD00373,Tata Sampann Rajma 1kg,57,3,28,320.00,216.43,32.3656,0,Veg,5,2026-05-30 01:02:26
374,PRD00374,Madhur Sugar 500g,81,3,33,45.00,31.49,30.0222,0,Veg,3,2026-05-30 01:02:26
375,PRD00375,Lindt Dark Chocolate 80g,23,4,34,345.00,277.85,19.4638,0,Veg,15,2026-05-30 01:02:26
376,PRD00376,Mazaa Orange Drink 1.25L,129,7,29,65.00,51.77,20.3538,0,Veg,5,2026-05-30 01:02:26
377,PRD00377,Premium Bell Pepper 500g,36,8,40,190.00,146.62,22.8316,1,Veg,7,2026-05-30 01:02:26
378,PRD00378,Keggs Regular Eggs pack of 6,63,5,45,215.00,158.64,26.2140,1,Non-Veg,8,2026-05-30 01:02:26
379,PRD00379,Harpic Toilet Cleaner 1L,53,6,36,195.00,153.80,21.1282,0,,4,2026-05-30 01:02:26
380,PRD00380,Daawat Sona Masoori Rice 5kg,117,3,44,160.00,116.11,27.4313,0,Veg,5,2026-05-30 01:02:26
381,PRD00381,Haldiram's Bhujia 400g,6,4,21,245.00,171.41,30.0367,0,Veg,5,2026-05-30 01:02:26
382,PRD00382,Local Tomato 1kg,31,8,35,45.00,39.51,12.2000,1,Veg,7,2026-05-30 01:02:26
383,PRD00383,Lakme Face Wash 50ml,2,1,17,230.00,193.34,15.9391,0,,2,2026-05-30 01:02:26
384,PRD00384,Fortune Toor Dal 1kg,4,3,28,284.00,202.90,28.5563,0,Veg,5,2026-05-30 01:02:26
385,PRD00385,Fortune Mustard Oil 1L,4,3,42,785.00,510.49,34.9694,0,Veg,4,2026-05-30 01:02:26
386,PRD00386,Red Label Black Tea 500g,55,7,39,435.00,364.06,16.3080,0,Veg,2,2026-05-30 01:02:26
387,PRD00387,Premium Broccoli 250g,36,8,40,105.00,74.36,29.1810,1,Veg,7,2026-05-30 01:02:26
388,PRD00388,Britannia Cheese Slices 200g,8,2,43,190.00,143.56,24.4421,1,Veg,6,2026-05-30 01:02:26
389,PRD00389,Imported Grapes 1kg,66,8,37,89.00,59.42,33.2360,1,Veg,7,2026-05-30 01:02:26
390,PRD00390,Godrej Aer Air Freshener Spray 250ml,70,6,49,319.00,251.99,21.0063,0,,2,2026-05-30 01:02:26
391,PRD00391,Red Label Black Tea 250g,55,7,39,400.00,337.90,15.5250,0,Veg,6,2026-05-30 01:02:26
392,PRD00392,Bru Instant Coffee 200g,130,7,48,550.00,458.16,16.6982,0,Veg,7,2026-05-30 01:02:26
393,PRD00393,Ariel Detergent Liquid 500ml,109,6,31,545.00,415.50,23.7615,0,,5,2026-05-30 01:02:26
394,PRD00394,All Out Mosquito Liquid refill,93,6,41,205.00,151.62,26.0390,0,,3,2026-05-30 01:02:26
395,PRD00395,Banganapalli Mango 2kg,131,8,37,335.00,243.91,27.1910,1,Veg,6,2026-05-30 01:02:26
396,PRD00396,Real Orange Juice 200ml,64,7,47,79.00,54.04,31.5949,0,Veg,12,2026-05-30 01:02:26
397,PRD00397,Eclairs Toffees jar,39,4,20,10.00,7.30,27.0000,0,Veg,27,2026-05-30 01:02:26
398,PRD00398,Exo Dishwash Bar 500g,94,6,25,80.00,56.61,29.2375,0,,8,2026-05-30 01:02:26
399,PRD00399,Tata Tea Masala Tea 250g,100,7,39,290.00,252.02,13.0966,0,Veg,2,2026-05-30 01:02:26
400,PRD00400,Red Label Black Tea 1kg,55,7,39,564.00,448.10,20.5496,0,Veg,5,2026-05-30 01:02:26
401,PRD00401,Wheel Detergent Bar pack of 6,19,6,31,70.00,48.37,30.9000,0,,8,2026-05-30 01:02:26
402,PRD00402,Britannia Cream Biscuits 100g,8,4,24,44.00,36.32,17.4545,0,Veg,8,2026-05-30 01:02:26
403,PRD00403,Wagh Bakri Black Tea 250g,62,7,39,200.00,139.00,30.5000,0,Veg,5,2026-05-30 01:02:26
404,PRD00404,Real Mixed Fruit Juice 200ml,64,7,47,30.00,24.92,16.9333,0,Veg,12,2026-05-30 01:02:26
405,PRD00405,Aashirvaad Iodized Salt 1kg,22,3,33,40.00,34.62,13.4500,0,Veg,8,2026-05-30 01:02:26
406,PRD00406,Local Onion 2kg,31,8,35,45.00,39.25,12.7778,1,Veg,6,2026-05-30 01:02:26
407,PRD00407,Eggoz Country Eggs pack of 6,51,5,45,165.00,141.85,14.0303,1,Non-Veg,8,2026-05-30 01:02:26
408,PRD00408,Fortune Chana Dal 2kg,4,3,28,100.00,87.55,12.4500,0,Veg,4,2026-05-30 01:02:26
409,PRD00409,24 Mantra Moong Dal 500g,13,3,28,305.00,245.80,19.4098,0,Veg,3,2026-05-30 01:02:26
410,PRD00410,Tropicana Apple Juice 200ml,110,7,47,110.00,86.27,21.5727,0,Veg,6,2026-05-30 01:02:26
411,PRD00411,Amul Buttermilk 500ml,7,2,18,35.00,26.17,25.2286,1,Veg,7,2026-05-30 01:02:26
412,PRD00412,Premium Imported Orange 500g,86,8,37,110.00,91.33,16.9727,1,Veg,6,2026-05-30 01:02:26
413,PRD00413,Lifebuoy Bar Soap 100g,12,1,27,79.00,65.86,16.6329,0,,20,2026-05-30 01:02:26
414,PRD00414,Gold Winner Groundnut Oil 1L,132,3,42,915.00,723.30,20.9508,0,Veg,2,2026-05-30 01:02:26
415,PRD00415,English Oven White Bread 400g,76,2,22,70.00,52.31,25.2714,1,Veg,6,2026-05-30 01:02:26
416,PRD00416,Godrej Aer Air Freshener Gel 75g,70,6,49,149.00,110.78,25.6510,0,,5,2026-05-30 01:02:26
417,PRD00417,Polo Mints pack of 5,72,4,20,34.00,28.22,17.0000,0,Veg,7,2026-05-30 01:02:26
418,PRD00418,Tata Tea Black Tea 250g,100,7,39,125.00,88.33,29.3360,0,Veg,8,2026-05-30 01:02:26
419,PRD00419,Happy Hens Brown Eggs pack of 10,52,5,45,139.00,103.17,25.7770,1,Non-Veg,3,2026-05-30 01:02:26
420,PRD00420,Local Banana dozen,31,8,37,29.00,22.09,23.8276,1,Veg,8,2026-05-30 01:02:26
421,PRD00421,Rexona Roll-on Deodorant 50ml,133,1,46,220.00,158.86,27.7909,0,,6,2026-05-30 01:02:26
422,PRD00422,Everest Turmeric Powder 100g,80,3,30,50.00,42.46,15.0800,0,Veg,6,2026-05-30 01:02:26
423,PRD00423,Sumeru Fish 1kg,54,5,38,764.00,610.88,20.0419,1,Non-Veg,5,2026-05-30 01:02:26
424,PRD00424,Fortune Chana Dal 2kg,4,3,28,235.00,183.69,21.8340,0,Veg,3,2026-05-30 01:02:26
425,PRD00425,Induben Khakra 180g,134,4,21,189.00,162.57,13.9841,0,Veg,5,2026-05-30 01:02:26
426,PRD00426,Tropicana Orange Juice 1L,110,7,47,65.00,45.97,29.2769,0,Veg,7,2026-05-30 01:02:26
427,PRD00427,Nestle Milk Chocolate 18g,50,4,34,84.00,55.50,33.9286,0,Veg,7,2026-05-30 01:02:26
428,PRD00428,Fortune Sunflower Oil 5L,4,3,42,1150.00,857.23,25.4583,0,Veg,4,2026-05-30 01:02:26
429,PRD00429,Odonil Air Freshener Gel 75g,73,6,49,124.00,93.33,24.7339,0,,6,2026-05-30 01:02:26
430,PRD00430,Balaji Potato Chips 30g,89,4,21,64.00,42.45,33.6719,0,Veg,19,2026-05-30 01:02:26
431,PRD00431,Local Cabbage 1kg,31,8,35,49.00,41.84,14.6122,1,Veg,4,2026-05-30 01:02:26
432,PRD00432,Kinley Mineral Water 5L,135,7,50,40.00,32.95,17.6250,0,Veg,9,2026-05-30 01:02:26
433,PRD00433,Mother Dairy Paneer 1kg,46,2,43,350.00,278.11,20.5400,1,Veg,6,2026-05-30 01:02:26
434,PRD00434,Bru Instant Coffee 100g,130,7,48,620.00,471.58,23.9387,0,Veg,2,2026-05-30 01:02:26
435,PRD00435,Domex Floor Cleaner 500ml,106,6,36,295.00,206.04,30.1559,0,,2,2026-05-30 01:02:26
436,PRD00436,Lizol Floor Cleaner 500ml,136,6,36,360.00,270.90,24.7500,0,,6,2026-05-30 01:02:26
437,PRD00437,Britannia Buns pack of 6,8,2,22,35.00,27.08,22.6286,1,Veg,9,2026-05-30 01:02:26
438,PRD00438,Vim Dishwash Powder 500g,10,6,25,145.00,95.12,34.4000,0,,10,2026-05-30 01:02:26
439,PRD00439,Britannia Pav pack of 12,8,2,22,65.00,56.33,13.3385,1,Veg,9,2026-05-30 01:02:26
440,PRD00440,Ponds Body Lotion 200ml,137,1,17,100.00,74.86,25.1400,0,,5,2026-05-30 01:02:26
441,PRD00441,24 Mantra Rajma 500g,13,3,28,130.00,91.15,29.8846,0,Veg,4,2026-05-30 01:02:26
442,PRD00442,Local Banana 500g,31,8,37,90.00,73.92,17.8667,1,Veg,12,2026-05-30 01:02:26
443,PRD00443,Real Mango Juice 1L,64,7,47,110.00,73.33,33.3364,0,Veg,7,2026-05-30 01:02:26
444,PRD00444,Farm Fresh Tomato 1kg,24,8,35,95.00,78.25,17.6316,1,Veg,3,2026-05-30 01:02:26
445,PRD00445,Induben Khakra 180g,134,4,21,214.00,164.41,23.1729,0,Veg,10,2026-05-30 01:02:26
446,PRD00446,Bru Instant Coffee 100g,130,7,48,479.00,344.74,28.0292,0,Veg,8,2026-05-30 01:02:26
447,PRD00447,Britannia Cookies 200g,8,4,24,104.00,86.64,16.6923,0,Veg,9,2026-05-30 01:02:26
448,PRD00448,Ponds Body Lotion 100ml,137,1,17,245.00,167.73,31.5388,0,,5,2026-05-30 01:02:26
449,PRD00449,Amul Dark Chocolate 80g,7,4,34,164.00,131.20,20.0000,0,Veg,10,2026-05-30 01:02:26
450,PRD00450,Dove Shampoo 340ml,67,1,32,155.00,107.55,30.6129,0,,3,2026-05-30 01:02:26
451,PRD00451,Amul Cold Coffee 200ml,7,7,48,85.00,60.74,28.5412,0,Veg,9,2026-05-30 01:02:26
452,PRD00452,Tropicana Mixed Fruit Juice 1L,110,7,47,69.00,47.74,30.8116,0,Veg,9,2026-05-30 01:02:26
453,PRD00453,Vim Dishwash Powder 1kg,10,6,25,85.00,55.69,34.4824,0,,7,2026-05-30 01:02:26
454,PRD00454,Pantene Conditioner 80ml,21,1,32,240.00,159.11,33.7042,0,,5,2026-05-30 01:02:26
455,PRD00455,Ariel Detergent Liquid 2L,109,6,31,160.00,104.99,34.3813,0,,6,2026-05-30 01:02:26
456,PRD00456,Sunfeast Digestive 500g,28,4,24,90.00,76.82,14.6444,0,Veg,11,2026-05-30 01:02:26
457,PRD00457,Heritage Buttermilk 500ml,3,2,18,25.00,18.66,25.3600,1,Veg,12,2026-05-30 01:02:26
458,PRD00458,Fortune Toor Dal 2kg,4,3,28,85.00,60.30,29.0588,0,Veg,6,2026-05-30 01:02:26
459,PRD00459,Everest Coriander Powder 100g,80,3,30,210.00,179.27,14.6333,0,Veg,4,2026-05-30 01:02:26
460,PRD00460,Farm Fresh Potato 2kg,24,8,35,124.00,89.39,27.9113,1,Veg,8,2026-05-30 01:02:26
461,PRD00461,Tata Tea Black Tea 1kg,100,7,39,285.00,238.64,16.2667,0,Veg,8,2026-05-30 01:02:26
462,PRD00462,Wagh Bakri Masala Tea 250g,62,7,39,235.00,179.97,23.4170,0,Veg,2,2026-05-30 01:02:26
463,PRD00463,Ponds Face Cream 200ml,137,1,17,604.00,472.10,21.8377,0,,6,2026-05-30 01:02:26
464,PRD00464,B Natural Apple Juice 200ml,116,7,47,54.00,43.60,19.2593,0,Veg,9,2026-05-30 01:02:26
465,PRD00465,Tata Sampann Moong Dal 500g,57,3,28,374.00,315.70,15.5882,0,Veg,5,2026-05-30 01:02:26
466,PRD00466,Red Label Black Tea 250g,55,7,39,295.00,211.89,28.1729,0,Veg,3,2026-05-30 01:02:26
467,PRD00467,Big Babol Chewing Gum pack of 10,121,4,20,29.00,24.08,16.9655,0,Veg,17,2026-05-30 01:02:26
468,PRD00468,Sensodyne Toothpaste 100g,95,1,16,290.00,243.20,16.1379,0,,7,2026-05-30 01:02:26
469,PRD00469,Pears Body Wash 250ml,20,1,27,285.00,201.05,29.4561,0,,5,2026-05-30 01:02:26
470,PRD00470,Catch Chilli Powder 200g,30,3,30,90.00,64.36,28.4889,0,Veg,4,2026-05-30 01:02:26
471,PRD00471,Godrej Yummiez French Fries 400g,11,5,26,300.00,249.49,16.8367,1,Veg,7,2026-05-30 01:02:26
472,PRD00472,Center Fresh Mints pack of 10,34,4,20,44.00,32.25,26.7045,0,Veg,22,2026-05-30 01:02:26
473,PRD00473,Pril Dishwash Bar 200g,61,6,25,79.00,52.65,33.3544,0,,4,2026-05-30 01:02:26
474,PRD00474,Amul Cold Coffee 180ml,7,7,48,110.00,87.37,20.5727,0,Veg,11,2026-05-30 01:02:26
475,PRD00475,Amul Full Cream Milk 500ml,7,2,18,70.00,57.63,17.6714,1,Veg,6,2026-05-30 01:02:26
476,PRD00476,Godrej Aer Air Freshener Gel 50g,70,6,49,130.00,100.45,22.7308,0,,5,2026-05-30 01:02:26
477,PRD00477,Balaji Mixture 200g,89,4,21,204.00,148.22,27.3431,0,Veg,5,2026-05-30 01:02:26
478,PRD00478,Pillsbury Maida 1kg,120,3,19,29.00,19.93,31.2759,0,Veg,6,2026-05-30 01:02:26
479,PRD00479,Vadilal Vanilla Ice Cream 1L,25,5,23,205.00,147.94,27.8341,1,Veg,8,2026-05-30 01:02:26
480,PRD00480,Pepsodent Toothbrush pack of 2,1,1,16,170.00,121.48,28.5412,0,,9,2026-05-30 01:02:26
481,PRD00481,Santoor Bar Soap 125g,138,1,27,29.00,24.79,14.5172,0,,16,2026-05-30 01:02:26
482,PRD00482,Himalaya Face Wash 150ml,45,1,17,84.00,66.81,20.4643,0,,6,2026-05-30 01:02:26
483,PRD00483,Parle Crackers 100g,82,4,24,40.00,32.28,19.3000,0,Veg,4,2026-05-30 01:02:26
484,PRD00484,Big Babol Chewing Gum pack of 10,121,4,20,74.00,50.83,31.3108,0,Veg,6,2026-05-30 01:02:26
485,PRD00485,MDH Garam Masala 100g,18,3,30,145.00,106.22,26.7448,0,Veg,10,2026-05-30 01:02:26
486,PRD00486,Tide Detergent Liquid 2L,104,6,31,375.00,324.73,13.4053,0,,2,2026-05-30 01:02:26
487,PRD00487,Induben Khakra 400g,134,4,21,175.00,133.02,23.9886,0,Veg,7,2026-05-30 01:02:26
488,PRD00488,Catch Iodized Salt 500g,30,3,33,19.00,14.02,26.2105,0,Veg,8,2026-05-30 01:02:26
489,PRD00489,Tata Sampann Urad Dal 1kg,57,3,28,215.00,174.74,18.7256,0,Veg,4,2026-05-30 01:02:26
490,PRD00490,ITC Master Chef Chicken Nuggets 400g,87,5,26,515.00,347.58,32.5087,1,Non-Veg,4,2026-05-30 01:02:26
491,PRD00491,Catch Chilli Powder 100g,30,3,30,274.00,193.63,29.3321,0,Veg,5,2026-05-30 01:02:26
492,PRD00492,Kwality Walls Chocolate Ice Cream 500ml,9,5,23,130.00,107.62,17.2154,1,Veg,2,2026-05-30 01:02:26
493,PRD00493,Britannia Pav pack of 6,8,2,22,64.00,51.92,18.8750,1,Veg,3,2026-05-30 01:02:26
494,PRD00494,Olay Face Cream 100ml,139,1,17,360.00,256.76,28.6778,0,,3,2026-05-30 01:02:26
495,PRD00495,Ariel Detergent Liquid 2L,109,6,31,589.00,420.51,28.6061,0,,2,2026-05-30 01:02:26
496,PRD00496,Sabena Dishwash Powder 1kg,124,6,25,65.00,55.23,15.0308,0,,8,2026-05-30 01:02:26
497,PRD00497,Sumeru Fish 500g,54,5,38,444.00,347.77,21.6734,1,Non-Veg,4,2026-05-30 01:02:26
498,PRD00498,Britannia Pav pack of 6,8,2,22,65.00,50.65,22.0769,1,Veg,5,2026-05-30 01:02:26
499,PRD00499,Fortune Sunflower Oil 1L,4,3,42,510.00,442.67,13.2020,0,Veg,4,2026-05-30 01:02:26
500,PRD00500,Local Banana 500g,31,8,37,59.00,49.38,16.3051,1,Veg,11,2026-05-30 01:02:26
501,PRD00501,Pril Dishwash Liquid 750ml,61,6,25,220.00,188.84,14.1636,0,,8,2026-05-30 01:02:26
502,PRD00502,Rin Detergent Bar pack of 6,103,6,31,149.00,101.81,31.6711,0,,7,2026-05-30 01:02:26
503,PRD00503,Dove Body Lotion 400ml,67,1,17,470.00,335.88,28.5362,0,,5,2026-05-30 01:02:26
504,PRD00504,Center Fresh Chewing Gum pack of 10,34,4,20,15.00,11.31,24.6000,0,Veg,10,2026-05-30 01:02:26
505,PRD00505,Harvest Gold Buns pack of 6,29,2,22,70.00,61.14,12.6571,1,Veg,7,2026-05-30 01:02:26
506,PRD00506,24 Mantra Moong Dal 2kg,13,3,28,174.00,118.54,31.8736,0,Veg,5,2026-05-30 01:02:26
507,PRD00507,Vim Dishwash Bar 200g,10,6,25,69.00,60.27,12.6522,0,,11,2026-05-30 01:02:26
508,PRD00508,Modern Brown Bread 200g,17,2,22,55.00,40.67,26.0545,1,Veg,7,2026-05-30 01:02:26
509,PRD00509,Dove Shampoo 650ml,67,1,32,105.00,80.45,23.3810,0,,6,2026-05-30 01:02:26
510,PRD00510,Zorabian Chicken 500g,75,5,38,560.00,426.44,23.8500,1,Non-Veg,5,2026-05-30 01:02:26
511,PRD00511,Nestle Milk Chocolate 18g,50,4,34,234.00,177.35,24.2094,0,Veg,20,2026-05-30 01:02:26
512,PRD00512,Premium Imported Orange 2kg,86,8,37,209.00,145.01,30.6172,1,Veg,4,2026-05-30 01:02:26
513,PRD00513,Induben Khakra 200g,134,4,21,190.00,144.39,24.0053,0,Veg,8,2026-05-30 01:02:26
514,PRD00514,Local Grapes 1kg,31,8,37,80.00,68.34,14.5750,1,Veg,3,2026-05-30 01:02:26
515,PRD00515,Mr. Muscle Glass Cleaner 1L,27,6,36,185.00,125.01,32.4270,0,,4,2026-05-30 01:02:26
516,PRD00516,Aashirvaad Rock Salt 1kg,22,3,33,120.00,91.12,24.0667,0,Veg,8,2026-05-30 01:02:26
517,PRD00517,Tata Tea Masala Tea 500g,100,7,39,325.00,225.17,30.7169,0,Veg,3,2026-05-30 01:02:26
518,PRD00518,Mother Dairy Paneer 500g,46,2,43,515.00,357.05,30.6699,1,Veg,6,2026-05-30 01:02:26
519,PRD00519,Mother Dairy Butter 500g,46,2,43,315.00,269.39,14.4794,1,Veg,3,2026-05-30 01:02:26
520,PRD00520,24 Mantra Rajma 1kg,13,3,28,194.00,152.01,21.6443,0,Veg,4,2026-05-30 01:02:26
521,PRD00521,Tata Sampann Turmeric Powder 100g,57,3,30,164.00,139.24,15.0976,0,Veg,4,2026-05-30 01:02:26
522,PRD00522,Nivea Roll-on Deodorant 50ml,107,1,46,164.00,136.52,16.7561,0,,4,2026-05-30 01:02:26
523,PRD00523,Cadbury Milk Chocolate 80g,140,4,34,119.00,102.39,13.9580,0,Veg,20,2026-05-30 01:02:26
524,PRD00524,Happy Hens Country Eggs pack of 10,52,5,45,374.00,317.53,15.0989,1,Non-Veg,5,2026-05-30 01:02:26
525,PRD00525,Modern Pav pack of 6,17,2,22,39.00,28.52,26.8718,1,Veg,8,2026-05-30 01:02:26
526,PRD00526,Go Cheese Slices 200g,44,2,43,135.00,98.84,26.7852,1,Veg,6,2026-05-30 01:02:26
527,PRD00527,Mother Dairy Toned Milk 500ml,46,2,18,60.00,47.21,21.3167,1,Veg,15,2026-05-30 01:02:26
528,PRD00528,Premium Zucchini 500g,36,8,40,215.00,176.16,18.0651,1,Veg,4,2026-05-30 01:02:26
529,PRD00529,Exo Dishwash Liquid 500ml,94,6,25,260.00,216.08,16.8923,0,,4,2026-05-30 01:02:26
530,PRD00530,Catch Coriander Powder 200g,30,3,30,50.00,39.72,20.5600,0,Veg,4,2026-05-30 01:02:26
531,PRD00531,Limca Lemon Drink 1.25L,141,7,29,69.00,59.96,13.1014,0,Veg,14,2026-05-30 01:02:26
532,PRD00532,Catch Turmeric Powder 100g,30,3,30,74.00,59.41,19.7162,0,Veg,6,2026-05-30 01:02:26
533,PRD00533,Everest Garam Masala 200g,80,3,30,220.00,191.40,13.0000,0,Veg,4,2026-05-30 01:02:26
534,PRD00534,Red Label Black Tea 500g,55,7,39,320.00,224.00,30.0000,0,Veg,6,2026-05-30 01:02:26
535,PRD00535,Lifebuoy Bar Soap 125g,12,1,27,99.00,67.62,31.6970,0,,17,2026-05-30 01:02:26
536,PRD00536,Mortein Mosquito Spray 200ml,119,6,41,330.00,277.41,15.9364,0,,2,2026-05-30 01:02:26
537,PRD00537,Pepsodent Mouthwash 250ml,1,1,16,175.00,115.53,33.9829,0,,2,2026-05-30 01:02:26
538,PRD00538,Happy Hens Brown Eggs pack of 6,52,5,45,135.00,90.38,33.0519,1,Non-Veg,5,2026-05-30 01:02:26
539,PRD00539,Go Cheese Slices 100g,44,2,43,165.00,121.41,26.4182,1,Veg,6,2026-05-30 01:02:26
540,PRD00540,Sundrop Sunflower Oil 1L,142,3,42,150.00,122.56,18.2933,0,Veg,3,2026-05-30 01:02:26
541,PRD00541,Keggs Regular Eggs pack of 10,63,5,45,169.00,119.19,29.4734,1,Non-Veg,3,2026-05-30 01:02:26
542,PRD00542,Heritage Full Cream Milk 500ml,3,2,18,34.00,25.35,25.4412,1,Veg,7,2026-05-30 01:02:26
543,PRD00543,Premium Bell Pepper 250g,36,8,40,64.00,51.23,19.9531,1,Veg,7,2026-05-30 01:02:26
544,PRD00544,Tata Salt Iodized Salt 1kg,26,3,33,39.00,27.84,28.6154,0,Veg,7,2026-05-30 01:02:26
545,PRD00545,Colgate Toothpaste 50g,125,1,16,70.00,52.44,25.0857,0,,9,2026-05-30 01:02:26
546,PRD00546,Vaseline Body Lotion 200ml,143,1,17,479.00,318.29,33.5511,0,,4,2026-05-30 01:02:26
547,PRD00547,Tide Detergent Powder 1kg,104,6,31,454.00,369.31,18.6542,0,,6,2026-05-30 01:02:26
548,PRD00548,Godrej Yummiez French Fries 400g,11,5,26,205.00,165.43,19.3024,1,Veg,3,2026-05-30 01:02:26
549,PRD00549,Aashirvaad Sooji 1kg,22,3,19,44.00,36.19,17.7500,0,Veg,3,2026-05-30 01:02:26
550,PRD00550,Farm Fresh Potato 500g,24,8,35,29.00,21.41,26.1724,1,Veg,10,2026-05-30 01:02:26
551,PRD00551,Imported Zucchini 500g,66,8,40,140.00,100.94,27.9000,1,Veg,6,2026-05-30 01:02:26
552,PRD00552,Britannia Crackers 200g,8,4,24,39.00,30.71,21.2564,0,Veg,11,2026-05-30 01:02:26
553,PRD00553,Lakme Face Cream 100ml,2,1,17,134.00,100.46,25.0299,0,,3,2026-05-30 01:02:26
554,PRD00554,HIT Mosquito Coil pack of 12,78,6,41,80.00,68.75,14.0625,0,,7,2026-05-30 01:02:26
555,PRD00555,Local Grapes 1kg,31,8,37,195.00,165.58,15.0872,1,Veg,7,2026-05-30 01:02:26
556,PRD00556,Amul Curd 1kg,7,2,18,59.00,43.85,25.6780,1,Veg,9,2026-05-30 01:02:26
557,PRD00557,Munch Wafer Chocolate 18g,88,4,34,24.00,15.67,34.7083,0,Veg,7,2026-05-30 01:02:26
558,PRD00558,Haldiram's Khakra 400g,6,4,21,200.00,155.69,22.1550,0,Veg,6,2026-05-30 01:02:26
559,PRD00559,Red Label Black Tea 500g,55,7,39,180.00,149.90,16.7222,0,Veg,5,2026-05-30 01:02:26
560,PRD00560,Lux Bar Soap 75g,144,1,27,59.00,42.61,27.7797,0,,17,2026-05-30 01:02:26
561,PRD00561,Vim Dishwash Liquid 250ml,10,6,25,229.00,170.84,25.3974,0,,2,2026-05-30 01:02:26
562,PRD00562,Fortune Toor Dal 2kg,4,3,28,225.00,186.22,17.2356,0,Veg,2,2026-05-30 01:02:26
563,PRD00563,Nivea Face Cream 200ml,107,1,17,675.00,540.55,19.9185,0,,6,2026-05-30 01:02:26
564,PRD00564,Red Bull Energy Drink 500ml,41,7,29,135.00,108.50,19.6296,0,Veg,6,2026-05-30 01:02:26
565,PRD00565,Annapurna Whole Wheat Atta 10kg,145,3,19,600.00,507.32,15.4467,0,Veg,5,2026-05-30 01:02:26
566,PRD00566,Tata Sampann Urad Dal 1kg,57,3,28,155.00,133.94,13.5871,0,Veg,5,2026-05-30 01:02:26
567,PRD00567,Eggoz Country Eggs pack of 6,51,5,45,335.00,256.41,23.4597,1,Non-Veg,7,2026-05-30 01:02:26
568,PRD00568,Cadbury Dark Chocolate 150g,140,4,34,135.00,94.59,29.9333,0,Veg,4,2026-05-30 01:02:26
569,PRD00569,Amul Buttermilk 1L,7,2,18,30.00,25.21,15.9667,1,Veg,9,2026-05-30 01:02:26
570,PRD00570,Catch Rock Salt 1kg,30,3,33,119.00,96.20,19.1597,0,Veg,5,2026-05-30 01:02:26
571,PRD00571,Ambipur Air Freshener Spray 250ml,85,6,49,200.00,167.00,16.5000,0,,4,2026-05-30 01:02:26
572,PRD00572,Heritage Paneer 1kg,3,2,43,410.00,312.92,23.6780,1,Veg,7,2026-05-30 01:02:26
573,PRD00573,All Out Mosquito Liquid 45ml,93,6,41,89.00,66.90,24.8315,0,,7,2026-05-30 01:02:26
574,PRD00574,Nescafe Instant Coffee 200g,68,7,48,640.00,551.78,13.7844,0,Veg,3,2026-05-30 01:02:26
575,PRD00575,McCain French Fries 400g,90,5,26,215.00,155.55,27.6512,1,Veg,8,2026-05-30 01:02:26
576,PRD00576,Wild Stone Spray Deodorant 220ml,146,1,46,320.00,215.41,32.6844,0,,4,2026-05-30 01:02:26
577,PRD00577,Balaji Mixture 100g,89,4,21,179.00,151.10,15.5866,0,Veg,8,2026-05-30 01:02:26
578,PRD00578,Real Mango Juice 1L,64,7,47,84.00,71.76,14.5714,0,Veg,4,2026-05-30 01:02:26
579,PRD00579,Pril Dishwash Liquid 750ml,61,6,25,90.00,60.33,32.9667,0,,7,2026-05-30 01:02:26
580,PRD00580,Aquafina Mineral Water 1L,105,7,50,15.00,12.36,17.6000,0,Veg,20,2026-05-30 01:02:26
581,PRD00581,Cadbury Dark Chocolate 80g,140,4,34,99.00,74.87,24.3737,0,Veg,3,2026-05-30 01:02:26
582,PRD00582,Balaji Mixture 100g,89,4,21,100.00,69.41,30.5900,0,Veg,3,2026-05-30 01:02:26
583,PRD00583,Tropicana Apple Juice 1L,110,7,47,140.00,95.11,32.0643,0,Veg,11,2026-05-30 01:02:26
584,PRD00584,ITC Master Chef Veg Nuggets 400g,87,5,26,145.00,126.66,12.6483,1,Veg,8,2026-05-30 01:02:26
585,PRD00585,Slice Mango Juice 1L,147,7,47,54.00,47.24,12.5185,0,Veg,9,2026-05-30 01:02:26
586,PRD00586,Fortune Rajma 500g,4,3,28,144.00,98.53,31.5764,0,Veg,3,2026-05-30 01:02:26
587,PRD00587,Local Orange 2kg,31,8,37,205.00,143.88,29.8146,1,Veg,7,2026-05-30 01:02:26
588,PRD00588,Farm Fresh Apple 1kg,24,8,37,154.00,134.24,12.8312,1,Veg,5,2026-05-30 01:02:26
589,PRD00589,Catch Chilli Powder 100g,30,3,30,145.00,113.19,21.9379,0,Veg,9,2026-05-30 01:02:26
590,PRD00590,Farm Fresh Banana 500g,24,8,37,29.00,23.48,19.0345,1,Veg,14,2026-05-30 01:02:26
591,PRD00591,Britannia Buns pack of 12,8,2,22,39.00,29.96,23.1795,1,Veg,8,2026-05-30 01:02:26
592,PRD00592,Mother Dairy Paneer 1kg,46,2,43,430.00,305.31,28.9977,1,Veg,8,2026-05-30 01:02:26
593,PRD00593,India Gate Sona Masoori Rice 25kg,58,3,44,710.00,584.78,17.6366,0,Veg,5,2026-05-30 01:02:26
594,PRD00594,Sunfeast Cream Biscuits 100g,28,4,24,29.00,25.35,12.5862,0,Veg,5,2026-05-30 01:02:26
595,PRD00595,Premia Chana Dal 500g,47,3,28,119.00,97.49,18.0756,0,Veg,2,2026-05-30 01:02:26
596,PRD00596,Kitkat Wafer Chocolate 40g,97,4,34,80.00,68.24,14.7000,0,Veg,18,2026-05-30 01:02:26
597,PRD00597,Slice Mango Juice 1L,147,7,47,45.00,36.58,18.7111,0,Veg,11,2026-05-30 01:02:26
598,PRD00598,Britannia Cream Biscuits 50g,8,4,24,45.00,36.54,18.8000,0,Veg,12,2026-05-30 01:02:26
599,PRD00599,Colgate Plax Mouthwash 100ml,148,1,16,235.00,198.96,15.3362,0,,2,2026-05-30 01:02:26
600,PRD00600,Amul Buttermilk 1L,7,2,18,50.00,41.71,16.5800,1,Veg,9,2026-05-30 01:02:26
601,PRD00601,Colgate Toothbrush pack of 2,125,1,16,169.00,122.52,27.5030,0,,9,2026-05-30 01:02:26
602,PRD00602,Rajdhani Besan 500g,149,3,19,115.00,99.48,13.4957,0,Veg,7,2026-05-30 01:02:26
603,PRD00603,Vaseline Body Lotion 100ml,143,1,17,269.00,202.09,24.8736,0,,3,2026-05-30 01:02:26
604,PRD00604,Mr. Muscle Glass Cleaner 500ml,27,6,36,220.00,154.96,29.5636,0,,4,2026-05-30 01:02:26
605,PRD00605,Parle Crackers 200g,82,4,24,90.00,60.49,32.7889,0,Veg,6,2026-05-30 01:02:26
606,PRD00606,Sumeru Fish 1kg,54,5,38,659.00,527.92,19.8907,1,Non-Veg,3,2026-05-30 01:02:26
607,PRD00607,Mother Dairy Paneer 200g,46,2,43,165.00,137.53,16.6485,1,Veg,6,2026-05-30 01:02:26
608,PRD00608,Zorabian Mutton 500g,75,5,38,1025.00,883.02,13.8517,1,Non-Veg,3,2026-05-30 01:02:26
609,PRD00609,Go Cheese Block 200g,44,2,43,325.00,221.01,31.9969,1,Veg,6,2026-05-30 01:02:26
610,PRD00610,Munch Wafer Chocolate 18g,88,4,34,60.00,47.24,21.2667,0,Veg,12,2026-05-30 01:02:26
611,PRD00611,Sanifresh Toilet Cleaner 1L,96,6,36,140.00,101.99,27.1500,0,,3,2026-05-30 01:02:26
612,PRD00612,Cadbury Milk Chocolate 150g,140,4,34,144.00,104.76,27.2500,0,Veg,10,2026-05-30 01:02:26
613,PRD00613,Listerine Mouthwash 500ml,150,1,16,284.00,240.37,15.3627,0,,3,2026-05-30 01:02:26
614,PRD00614,Balaji Mixture 200g,89,4,21,100.00,70.55,29.4500,0,Veg,4,2026-05-30 01:02:26
615,PRD00615,Amul Dark Chocolate 80g,7,4,34,394.00,328.00,16.7513,0,Veg,9,2026-05-30 01:02:26
616,PRD00616,Trust Sugar 500g,151,3,33,215.00,151.47,29.5488,0,Veg,4,2026-05-30 01:02:26
617,PRD00617,Britannia Pav pack of 12,8,2,22,44.00,35.76,18.7273,1,Veg,7,2026-05-30 01:02:26
618,PRD00618,Local Cauliflower 500g,31,8,35,90.00,76.45,15.0556,1,Veg,8,2026-05-30 01:02:26
619,PRD00619,Tide Detergent Powder 4kg,104,6,31,100.00,84.10,15.9000,0,,2,2026-05-30 01:02:26
620,PRD00620,24 Mantra Rajma 1kg,13,3,28,195.00,128.80,33.9487,0,Veg,2,2026-05-30 01:02:26
621,PRD00621,Local Banana dozen,31,8,37,29.00,21.25,26.7241,1,Veg,15,2026-05-30 01:02:26
622,PRD00622,Annapurna Whole Wheat Atta 5kg,145,3,19,300.00,217.32,27.5600,0,Veg,3,2026-05-30 01:02:26
623,PRD00623,Local Cauliflower 1kg,31,8,35,80.00,62.38,22.0250,1,Veg,3,2026-05-30 01:02:26
624,PRD00624,Tata Sampann Moong Dal 2kg,57,3,28,70.00,57.71,17.5571,0,Veg,4,2026-05-30 01:02:26
625,PRD00625,Santoor Bar Soap 100g,138,1,27,140.00,107.01,23.5643,0,,14,2026-05-30 01:02:26
626,PRD00626,Local Bell Pepper 250g,31,8,40,94.00,77.97,17.0532,1,Veg,4,2026-05-30 01:02:26
627,PRD00627,Farm Fresh Apple 500g,24,8,37,210.00,140.18,33.2476,1,Veg,3,2026-05-30 01:02:26
628,PRD00628,English Oven Brown Bread 400g,76,2,22,65.00,43.41,33.2154,1,Veg,10,2026-05-30 01:02:26
629,PRD00629,Mother Dairy Curd 1kg,46,2,18,54.00,46.21,14.4259,1,Veg,12,2026-05-30 01:02:26
630,PRD00630,Fortune Sona Masoori Rice 25kg,4,3,44,1325.00,939.44,29.0989,0,Veg,3,2026-05-30 01:02:26
631,PRD00631,Kwality Walls Strawberry Ice Cream 1L,9,5,23,75.00,50.89,32.1467,1,Veg,7,2026-05-30 01:02:26
632,PRD00632,Premia Toor Dal 2kg,47,3,28,375.00,277.12,26.1013,0,Veg,2,2026-05-30 01:02:26
633,PRD00633,Kinley Mineral Water 1L,135,7,50,20.00,17.30,13.5000,0,Veg,19,2026-05-30 01:02:26
634,PRD00634,Happy Hens Country Eggs pack of 6,52,5,45,139.00,94.54,31.9856,1,Non-Veg,6,2026-05-30 01:02:26
635,PRD00635,Modern Buns pack of 6,17,2,22,50.00,40.68,18.6400,1,Veg,10,2026-05-30 01:02:26
636,PRD00636,Zorabian Mutton 500g,75,5,38,600.00,433.30,27.7833,1,Non-Veg,4,2026-05-30 01:02:26
637,PRD00637,B Natural Apple Juice 200ml,116,7,47,134.00,95.12,29.0149,0,Veg,11,2026-05-30 01:02:26
638,PRD00638,Britannia Curd 200g,8,2,18,40.00,26.06,34.8500,1,Veg,7,2026-05-30 01:02:26
639,PRD00639,Modern Buns pack of 6,17,2,22,55.00,42.48,22.7636,1,Veg,7,2026-05-30 01:02:26
640,PRD00640,Britannia Buns pack of 6,8,2,22,70.00,47.87,31.6143,1,Veg,4,2026-05-30 01:02:26
641,PRD00641,Aashirvaad Rock Salt 1kg,22,3,33,55.00,45.93,16.4909,0,Veg,6,2026-05-30 01:02:26
642,PRD00642,Godrej Yummiez French Fries 750g,11,5,26,214.00,168.90,21.0748,1,Veg,3,2026-05-30 01:02:26
643,PRD00643,Britannia Pav pack of 6,8,2,22,25.00,20.34,18.6400,1,Veg,7,2026-05-30 01:02:26
644,PRD00644,Everest Garam Masala 200g,80,3,30,320.00,209.50,34.5313,0,Veg,10,2026-05-30 01:02:26
645,PRD00645,Head & Shoulders Shampoo 340ml,152,1,32,495.00,399.79,19.2343,0,,2,2026-05-30 01:02:26
646,PRD00646,Mentos Mints pack of 5,5,4,20,50.00,38.53,22.9400,0,Veg,15,2026-05-30 01:02:26
647,PRD00647,Mr. Muscle Floor Cleaner 2L,27,6,36,305.00,207.93,31.8262,0,,2,2026-05-30 01:02:26
648,PRD00648,Domex Toilet Cleaner 1L,106,6,36,240.00,204.38,14.8417,0,,4,2026-05-30 01:02:26
649,PRD00649,Wheel Detergent Powder 500g,19,6,31,535.00,398.39,25.5346,0,,2,2026-05-30 01:02:26
650,PRD00650,Eggoz Regular Eggs pack of 30,51,5,45,155.00,106.05,31.5806,1,Non-Veg,6,2026-05-30 01:02:26
651,PRD00651,Kwality Walls Strawberry Ice Cream 100ml,9,5,23,285.00,185.98,34.7439,1,Veg,4,2026-05-30 01:02:26
652,PRD00652,Tata Sampann Besan 1kg,57,3,19,79.00,62.12,21.3671,0,Veg,3,2026-05-30 01:02:26
653,PRD00653,Fortune Groundnut Oil 500ml,4,3,42,250.00,202.27,19.0920,0,Veg,2,2026-05-30 01:02:26
654,PRD00654,Nestle Milk Chocolate 40g,50,4,34,244.00,175.01,28.2746,0,Veg,20,2026-05-30 01:02:26
655,PRD00655,Pears Body Wash 250ml,20,1,27,374.00,304.86,18.4866,0,,6,2026-05-30 01:02:26
656,PRD00656,Kohinoor Basmati Rice 5kg,153,3,44,885.00,677.80,23.4124,0,Veg,2,2026-05-30 01:02:26
657,PRD00657,B Natural Orange Juice 200ml,116,7,47,65.00,50.64,22.0923,0,Veg,3,2026-05-30 01:02:26
658,PRD00658,Wheel Detergent Bar pack of 3,19,6,31,155.00,129.75,16.2903,0,,3,2026-05-30 01:02:26
659,PRD00659,24 Mantra Rajma 1kg,13,3,28,104.00,69.68,33.0000,0,Veg,6,2026-05-30 01:02:26
660,PRD00660,Exo Dishwash Liquid 250ml,94,6,25,89.00,75.57,15.0899,0,,4,2026-05-30 01:02:26
661,PRD00661,Vim Dishwash Liquid 250ml,10,6,25,259.00,221.92,14.3166,0,,6,2026-05-30 01:02:26
662,PRD00662,Farm Fresh Cabbage 500g,24,8,35,70.00,56.92,18.6857,1,Veg,7,2026-05-30 01:02:26
663,PRD00663,Farm Fresh Onion 500g,24,8,35,135.00,92.49,31.4889,1,Veg,8,2026-05-30 01:02:26
664,PRD00664,Tata Sampann Chana Dal 1kg,57,3,28,134.00,103.18,23.0000,0,Veg,3,2026-05-30 01:02:26
665,PRD00665,Tata Sampann Besan 1kg,57,3,19,109.00,88.16,19.1193,0,Veg,3,2026-05-30 01:02:26
666,PRD00666,Harpic Toilet Cleaner 500ml,53,6,36,250.00,171.37,31.4520,0,,3,2026-05-30 01:02:26
667,PRD00667,Nestle a+ Curd 200g,154,2,18,85.00,70.73,16.7882,1,Veg,12,2026-05-30 01:02:26
668,PRD00668,Dhara Mustard Oil 500ml,155,3,42,1475.00,1075.40,27.0915,0,Veg,2,2026-05-30 01:02:26
669,PRD00669,Kwality Walls Strawberry Ice Cream 100ml,9,5,23,399.00,294.87,26.0977,1,Veg,8,2026-05-30 01:02:26
670,PRD00670,Surf Excel Detergent Liquid 1L,48,6,31,480.00,338.61,29.4563,0,,3,2026-05-30 01:02:26
671,PRD00671,Amul Toned Milk 500ml,7,2,18,40.00,32.43,18.9250,1,Veg,6,2026-05-30 01:02:26
672,PRD00672,Goodknight Mosquito Coil pack of 12,101,6,41,75.00,55.62,25.8400,0,,6,2026-05-30 01:02:26
673,PRD00673,Lakme Face Cream 200ml,2,1,17,575.00,463.10,19.4609,0,,4,2026-05-30 01:02:26
674,PRD00674,MDH Coriander Powder 100g,18,3,30,160.00,123.31,22.9313,0,Veg,10,2026-05-30 01:02:26
675,PRD00675,Imported Grapes 500g,66,8,37,255.00,184.18,27.7725,1,Veg,4,2026-05-30 01:02:26
676,PRD00676,Balaji Bhujia 100g,89,4,21,125.00,82.11,34.3120,0,Veg,6,2026-05-30 01:02:26
677,PRD00677,Britannia Digestive 250g,8,4,24,100.00,65.47,34.5300,0,Veg,14,2026-05-30 01:02:26
678,PRD00678,Licious Fish 250g,32,5,38,849.00,692.81,18.3969,1,Non-Veg,5,2026-05-30 01:02:26
679,PRD00679,Everest Turmeric Powder 500g,80,3,30,170.00,136.72,19.5765,0,Veg,8,2026-05-30 01:02:26
680,PRD00680,Mother Dairy Paneer 1kg,46,2,43,265.00,200.07,24.5019,1,Veg,6,2026-05-30 01:02:26
681,PRD00681,Kwality Walls Strawberry Ice Cream 100ml,9,5,23,89.00,65.56,26.3371,1,Veg,8,2026-05-30 01:02:26
682,PRD00682,Kesar Mango 1kg,156,8,37,575.00,425.13,26.0643,1,Veg,10,2026-05-30 01:02:26
683,PRD00683,Happy Hens Country Eggs pack of 10,52,5,45,239.00,170.48,28.6695,1,Non-Veg,3,2026-05-30 01:02:26
684,PRD00684,Dove Shampoo 80ml,67,1,32,255.00,210.26,17.5451,0,,2,2026-05-30 01:02:26
685,PRD00685,Tata Tea Masala Tea 250g,100,7,39,335.00,267.28,20.2149,0,Veg,7,2026-05-30 01:02:26
686,PRD00686,Godrej Aer Air Freshener Gel 75g,70,6,49,175.00,144.64,17.3486,0,,8,2026-05-30 01:02:26
687,PRD00687,Mr. Muscle Glass Cleaner 1L,27,6,36,110.00,96.03,12.7000,0,,5,2026-05-30 01:02:26
688,PRD00688,Catch Coriander Powder 100g,30,3,30,40.00,34.35,14.1250,0,Veg,4,2026-05-30 01:02:26
689,PRD00689,Dove Roll-on Deodorant 50ml,67,1,46,230.00,152.57,33.6652,0,,3,2026-05-30 01:02:26
690,PRD00690,Local Bell Pepper 500g,31,8,40,120.00,102.09,14.9250,1,Veg,6,2026-05-30 01:02:26
691,PRD00691,Eggoz Country Eggs pack of 10,51,5,45,90.00,64.18,28.6889,1,Non-Veg,4,2026-05-30 01:02:26
692,PRD00692,Harpic Toilet Cleaner 1L,53,6,36,194.00,157.38,18.8763,0,,4,2026-05-30 01:02:26
693,PRD00693,Kesar Mango 2kg,156,8,37,409.00,358.58,12.3276,1,Veg,10,2026-05-30 01:02:26
694,PRD00694,Madhur Sugar 500g,81,3,33,80.00,63.36,20.8000,0,Veg,2,2026-05-30 01:02:26
695,PRD00695,Exo Dishwash Liquid 250ml,94,6,25,179.00,120.97,32.4190,0,,3,2026-05-30 01:02:26
696,PRD00696,Center Fresh Chewing Gum pack of 10,34,4,20,94.00,79.31,15.6277,0,Veg,25,2026-05-30 01:02:26
697,PRD00697,Ponds Face Wash 100ml,137,1,17,175.00,136.31,22.1086,0,,8,2026-05-30 01:02:26
698,PRD00698,Imported Broccoli 250g,66,8,40,195.00,130.34,33.1590,1,Veg,7,2026-05-30 01:02:26
699,PRD00699,Organic India Green Tea 25 bags,157,7,39,295.00,203.80,30.9153,0,Veg,3,2026-05-30 01:02:26
700,PRD00700,Colgate Plax Mouthwash 500ml,148,1,16,295.00,220.50,25.2542,0,,6,2026-05-30 01:02:26
701,PRD00701,Modern Brown Bread 400g,17,2,22,44.00,28.61,34.9773,1,Veg,4,2026-05-30 01:02:26
702,PRD00702,24 Mantra Moong Dal 2kg,13,3,28,290.00,222.29,23.3483,0,Veg,5,2026-05-30 01:02:26
703,PRD00703,Tata Sampann Garam Masala 100g,57,3,30,300.00,204.11,31.9633,0,Veg,7,2026-05-30 01:02:26
704,PRD00704,Local Bell Pepper 500g,31,8,40,59.00,40.61,31.1695,1,Veg,3,2026-05-30 01:02:26
705,PRD00705,Amul Toned Milk 1L,7,2,18,24.00,19.98,16.7500,1,Veg,5,2026-05-30 01:02:26
706,PRD00706,Haldiram's Mixture 400g,6,4,21,125.00,91.97,26.4240,0,Veg,7,2026-05-30 01:02:26
707,PRD00707,Red Bull Energy Drink 500ml,41,7,29,125.00,98.45,21.2400,0,Veg,5,2026-05-30 01:02:26
708,PRD00708,Amul Strawberry Ice Cream 1L,7,5,23,70.00,60.53,13.5286,1,Veg,7,2026-05-30 01:02:26
709,PRD00709,Nivea Face Wash 150ml,107,1,17,174.00,139.52,19.8161,0,,7,2026-05-30 01:02:26
710,PRD00710,English Oven Brown Bread 400g,76,2,22,74.00,48.85,33.9865,1,Veg,7,2026-05-30 01:02:26
711,PRD00711,Axe Spray Deodorant 150ml,112,1,46,350.00,287.13,17.9629,0,,5,2026-05-30 01:02:26
712,PRD00712,ITC Master Chef Chicken Nuggets 400g,87,5,26,245.00,160.82,34.3592,1,Non-Veg,3,2026-05-30 01:02:26
713,PRD00713,Cadbury Milk Chocolate 40g,140,4,34,180.00,139.05,22.7500,0,Veg,19,2026-05-30 01:02:26
714,PRD00714,Dove Roll-on Deodorant 50ml,67,1,46,294.00,205.60,30.0680,0,,2,2026-05-30 01:02:26
715,PRD00715,Vadilal Vanilla Ice Cream 100ml,25,5,23,309.00,233.48,24.4401,1,Veg,2,2026-05-30 01:02:26
716,PRD00716,Amul Vanilla Ice Cream 100ml,7,5,23,245.00,197.68,19.3143,1,Veg,3,2026-05-30 01:02:26
717,PRD00717,Tata Sampann Besan 1kg,57,3,19,105.00,76.79,26.8667,0,Veg,5,2026-05-30 01:02:26
718,PRD00718,India Gate Basmati Rice 10kg,58,3,44,2280.00,1854.92,18.6439,0,Veg,4,2026-05-30 01:02:26
719,PRD00719,MDH Chilli Powder 500g,18,3,30,225.00,190.64,15.2711,0,Veg,5,2026-05-30 01:02:26
720,PRD00720,Everest Coriander Powder 100g,80,3,30,145.00,100.54,30.6621,0,Veg,6,2026-05-30 01:02:26
721,PRD00721,Tropicana Apple Juice 1L,110,7,47,74.00,60.59,18.1216,0,Veg,11,2026-05-30 01:02:26
722,PRD00722,Britannia Buns pack of 6,8,2,22,55.00,36.41,33.8000,1,Veg,8,2026-05-30 01:02:26
723,PRD00723,Real Mixed Fruit Juice 1L,64,7,47,150.00,126.06,15.9600,0,Veg,8,2026-05-30 01:02:26
724,PRD00724,Annapurna Whole Wheat Atta 10kg,145,3,19,335.00,262.97,21.5015,0,Veg,2,2026-05-30 01:02:26
725,PRD00725,Center Fresh Chewing Gum pack of 10,34,4,20,30.00,20.78,30.7333,0,Veg,30,2026-05-30 01:02:26
726,PRD00726,Tata Coffee Instant Coffee 200g,128,7,48,610.00,444.56,27.1213,0,Veg,2,2026-05-30 01:02:26
727,PRD00727,Mortein Mosquito Liquid 35ml,119,6,41,180.00,149.56,16.9111,0,,6,2026-05-30 01:02:26
728,PRD00728,Local Potato 500g,31,8,35,100.00,82.78,17.2200,1,Veg,12,2026-05-30 01:02:26
729,PRD00729,Premium Bell Pepper 250g,36,8,40,59.00,43.63,26.0508,1,Veg,6,2026-05-30 01:02:26
730,PRD00730,Center Fresh Mints pack of 10,34,4,20,25.00,18.26,26.9600,0,Veg,28,2026-05-30 01:02:26
731,PRD00731,Cadbury Milk Chocolate 80g,140,4,34,210.00,154.82,26.2762,0,Veg,14,2026-05-30 01:02:26
732,PRD00732,Premia Sona Masoori Rice 25kg,47,3,44,1119.00,955.30,14.6291,0,Veg,3,2026-05-30 01:02:26
733,PRD00733,Keggs Brown Eggs pack of 6,63,5,45,70.00,50.16,28.3429,1,Non-Veg,7,2026-05-30 01:02:26
734,PRD00734,Real Mango Juice 200ml,64,7,47,60.00,45.13,24.7833,0,Veg,6,2026-05-30 01:02:26
735,PRD00735,Local Tomato 1kg,31,8,35,65.00,54.35,16.3846,1,Veg,11,2026-05-30 01:02:26
736,PRD00736,Center Fresh Chewing Gum pack of 10,34,4,20,25.00,19.03,23.8800,0,Veg,18,2026-05-30 01:02:26
737,PRD00737,Premium Imported Apple 500g,86,8,37,340.00,276.88,18.5647,1,Veg,4,2026-05-30 01:02:26
738,PRD00738,McVitie's Cookies 200g,113,4,24,190.00,140.65,25.9737,0,Veg,12,2026-05-30 01:02:26
739,PRD00739,Surf Excel Detergent Liquid 2L,48,6,31,120.00,82.42,31.3167,0,,2,2026-05-30 01:02:26
740,PRD00740,24 Mantra Brown Rice 5kg,13,3,44,540.00,435.56,19.3407,0,Veg,4,2026-05-30 01:02:26
741,PRD00741,Haldiram's Khakra 400g,6,4,21,134.00,107.45,19.8134,0,Veg,7,2026-05-30 01:02:26
742,PRD00742,Pantene Shampoo 175ml,21,1,32,80.00,64.83,18.9625,0,,8,2026-05-30 01:02:26
743,PRD00743,Britannia Brown Bread 200g,8,2,22,65.00,52.71,18.9077,1,Veg,10,2026-05-30 01:02:26
744,PRD00744,Real Apple Juice 1L,64,7,47,65.00,54.49,16.1692,0,Veg,4,2026-05-30 01:02:26
745,PRD00745,Lifebuoy Hand Wash 250ml,12,1,27,250.00,174.94,30.0240,0,,10,2026-05-30 01:02:26
746,PRD00746,Catch Garam Masala 100g,30,3,30,130.00,102.97,20.7923,0,Veg,5,2026-05-30 01:02:26
747,PRD00747,ITC Master Chef Veg Nuggets 200g,87,5,26,219.00,185.00,15.5251,1,Veg,2,2026-05-30 01:02:26
748,PRD00748,Eclairs Toffees pack of 10,39,4,20,80.00,64.79,19.0125,0,Veg,16,2026-05-30 01:02:26
749,PRD00749,Sundrop Sunflower Oil 500ml,142,3,42,770.00,614.98,20.1325,0,Veg,4,2026-05-30 01:02:26
750,PRD00750,Fortune Chana Dal 500g,4,3,28,380.00,306.71,19.2868,0,Veg,4,2026-05-30 01:02:26
751,PRD00751,Aashirvaad Sooji 500g,22,3,19,94.00,66.66,29.0851,0,Veg,7,2026-05-30 01:02:26
752,PRD00752,Colgate Plax Mouthwash 100ml,148,1,16,255.00,215.11,15.6431,0,,5,2026-05-30 01:02:26
753,PRD00753,Zorabian Mutton 500g,75,5,38,1145.00,956.20,16.4891,1,Non-Veg,3,2026-05-30 01:02:26
754,PRD00754,Mr. Muscle Glass Cleaner 500ml,27,6,36,185.00,146.02,21.0703,0,,3,2026-05-30 01:02:26
755,PRD00755,Real Apple Juice 200ml,64,7,47,64.00,46.50,27.3438,0,Veg,5,2026-05-30 01:02:26
756,PRD00756,Surf Excel Detergent Liquid 1L,48,6,31,365.00,292.71,19.8055,0,,5,2026-05-30 01:02:26
757,PRD00757,Rin Detergent Bar pack of 3,103,6,31,115.00,78.07,32.1130,0,,8,2026-05-30 01:02:26
758,PRD00758,Polo Mints pack of 5,72,4,20,45.00,38.62,14.1778,0,Veg,6,2026-05-30 01:02:26
759,PRD00759,Amul Cheese Slices 100g,7,2,43,90.00,63.30,29.6667,1,Veg,6,2026-05-30 01:02:26
760,PRD00760,Sunfeast Crackers 100g,28,4,24,64.00,44.87,29.8906,0,Veg,6,2026-05-30 01:02:26
761,PRD00761,Vim Dishwash Bar 200g,10,6,25,29.00,23.06,20.4828,0,,9,2026-05-30 01:02:26
762,PRD00762,Fortune Mustard Oil 1L,4,3,42,1295.00,1037.21,19.9066,0,Veg,3,2026-05-30 01:02:26
763,PRD00763,Domex Toilet Cleaner 1L,106,6,36,155.00,127.82,17.5355,0,,3,2026-05-30 01:02:26
764,PRD00764,Nivea Face Wash 100ml,107,1,17,84.00,66.48,20.8571,0,,4,2026-05-30 01:02:26
765,PRD00765,English Oven White Bread 200g,76,2,22,54.00,44.58,17.4444,1,Veg,3,2026-05-30 01:02:26
766,PRD00766,Colgate Toothbrush pack of 1,125,1,16,205.00,175.34,14.4683,0,,10,2026-05-30 01:02:26
767,PRD00767,Goodknight Mosquito Liquid refill,101,6,41,270.00,193.96,28.1630,0,,4,2026-05-30 01:02:26
768,PRD00768,Red Label Masala Tea 250g,55,7,39,239.00,168.43,29.5272,0,Veg,5,2026-05-30 01:02:26
769,PRD00769,Gold Winner Groundnut Oil 1L,132,3,42,885.00,694.08,21.5729,0,Veg,3,2026-05-30 01:02:26
770,PRD00770,Imported Grapes 1kg,66,8,37,169.00,145.97,13.6272,1,Veg,10,2026-05-30 01:02:26
771,PRD00771,Godrej Protekt Hand Wash 750ml,33,1,27,145.00,97.28,32.9103,0,,3,2026-05-30 01:02:26
772,PRD00772,Suguna Regular Eggs pack of 10,83,5,45,75.00,55.50,26.0000,1,Non-Veg,6,2026-05-30 01:02:26
773,PRD00773,Mr. Muscle Floor Cleaner 1L,27,6,36,274.00,230.40,15.9124,0,,5,2026-05-30 01:02:26
774,PRD00774,Farm Fresh Banana dozen,24,8,37,70.00,58.85,15.9286,1,Veg,5,2026-05-30 01:02:26
775,PRD00775,Fortune Sunflower Oil 1L,4,3,42,495.00,393.43,20.5192,0,Veg,2,2026-05-30 01:02:26
776,PRD00776,Godrej Yummiez Veg Cutlet 200g,11,5,26,130.00,112.35,13.5769,1,Veg,2,2026-05-30 01:02:26
777,PRD00777,ITC Master Chef Chicken Nuggets 200g,87,5,26,215.00,151.50,29.5349,1,Non-Veg,3,2026-05-30 01:02:26
778,PRD00778,Sunfeast Crackers 100g,28,4,24,50.00,40.60,18.8000,0,Veg,15,2026-05-30 01:02:26
779,PRD00779,Dove Body Wash 500ml,67,1,27,410.00,353.59,13.7585,0,,3,2026-05-30 01:02:26
780,PRD00780,Mysore Sandal Bar Soap 75g,158,1,27,129.00,102.13,20.8295,0,,18,2026-05-30 01:02:26
781,PRD00781,Clinic Plus Shampoo 175ml,98,1,32,429.00,299.73,30.1329,0,,8,2026-05-30 01:02:26
782,PRD00782,Nivea Body Lotion 400ml,107,1,17,415.00,351.42,15.3205,0,,5,2026-05-30 01:02:26
783,PRD00783,Local Apple 1kg,31,8,37,215.00,180.18,16.1953,1,Veg,6,2026-05-30 01:02:26
784,PRD00784,McCain Veg Cutlet 400g,90,5,26,175.00,121.02,30.8457,1,Veg,5,2026-05-30 01:02:26
785,PRD00785,Ariel Detergent Liquid 2L,109,6,31,584.00,456.37,21.8545,0,,6,2026-05-30 01:02:26
786,PRD00786,Tropicana Apple Juice 200ml,110,7,47,54.00,39.83,26.2407,0,Veg,6,2026-05-30 01:02:26
787,PRD00787,B Natural Orange Juice 200ml,116,7,47,135.00,102.44,24.1185,0,Veg,10,2026-05-30 01:02:26
788,PRD00788,Tata Tea Black Tea 250g,100,7,39,255.00,181.76,28.7216,0,Veg,6,2026-05-30 01:02:26
789,PRD00789,Licious Fish 250g,32,5,38,419.00,347.09,17.1623,1,Non-Veg,5,2026-05-30 01:02:26
790,PRD00790,Tata Sampann Moong Dal 2kg,57,3,28,349.00,250.65,28.1805,0,Veg,6,2026-05-30 01:02:26
791,PRD00791,Catch Garam Masala 100g,30,3,30,355.00,289.38,18.4845,0,Veg,4,2026-05-30 01:02:26
792,PRD00792,Nestle a+ Curd 1kg,154,2,18,49.00,39.91,18.5510,1,Veg,8,2026-05-30 01:02:26
793,PRD00793,Parachute Hair Oil 100ml,60,1,32,304.00,211.27,30.5033,0,,2,2026-05-30 01:02:26
794,PRD00794,Ambipur Air Freshener Spray 250ml,85,6,49,320.00,260.16,18.7000,0,,3,2026-05-30 01:02:26
795,PRD00795,Amul Cheese Slices 100g,7,2,43,245.00,208.55,14.8776,1,Veg,3,2026-05-30 01:02:26
796,PRD00796,Local Tomato 1kg,31,8,35,99.00,70.60,28.6869,1,Veg,9,2026-05-30 01:02:26
797,PRD00797,Vim Dishwash Powder 1kg,10,6,25,54.00,36.54,32.3333,0,,3,2026-05-30 01:02:26
798,PRD00798,Amul Cold Coffee 180ml,7,7,48,60.00,41.72,30.4667,0,Veg,5,2026-05-30 01:02:26
799,PRD00799,Munch Wafer Chocolate 40g,88,4,34,35.00,23.15,33.8571,0,Veg,16,2026-05-30 01:02:26
800,PRD00800,Tata Sampann Moong Dal 2kg,57,3,28,110.00,83.01,24.5364,0,Veg,2,2026-05-30 01:02:26
801,PRD00801,Tata Coffee Instant Coffee 200g,128,7,48,255.00,168.31,33.9961,0,Veg,7,2026-05-30 01:02:26
802,PRD00802,Big Babol Chewing Gum pack of 10,121,4,20,59.00,44.14,25.1864,0,Veg,16,2026-05-30 01:02:26
803,PRD00803,Vim Dishwash Powder 500g,10,6,25,100.00,83.79,16.2100,0,,3,2026-05-30 01:02:26
804,PRD00804,Britannia Butter 500g,8,2,43,70.00,46.53,33.5286,1,Veg,6,2026-05-30 01:02:26
805,PRD00805,Tropicana Orange Juice 1L,110,7,47,145.00,120.65,16.7931,0,Veg,4,2026-05-30 01:02:26
806,PRD00806,Amul Chocolate Ice Cream 1L,7,5,23,129.00,99.28,23.0388,1,Veg,7,2026-05-30 01:02:26
807,PRD00807,Bru Instant Coffee 200g,130,7,48,319.00,207.69,34.8934,0,Veg,8,2026-05-30 01:02:26
808,PRD00808,Bru Cold Coffee 200ml,130,7,48,75.00,52.84,29.5467,0,Veg,12,2026-05-30 01:02:26
809,PRD00809,Polo Mints pack of 10,72,4,20,5.00,4.25,15.0000,0,Veg,18,2026-05-30 01:02:26
810,PRD00810,Vim Dishwash Liquid 750ml,10,6,25,230.00,185.36,19.4087,0,,2,2026-05-30 01:02:26
811,PRD00811,Haldiram's Mixture 400g,6,4,21,204.00,155.16,23.9412,0,Veg,3,2026-05-30 01:02:26
812,PRD00812,Polo Mints pack of 10,72,4,20,25.00,20.98,16.0800,0,Veg,22,2026-05-30 01:02:26
813,PRD00813,Wheel Detergent Bar pack of 6,19,6,31,50.00,35.42,29.1600,0,,4,2026-05-30 01:02:26
814,PRD00814,Fortune Groundnut Oil 5L,4,3,42,1035.00,738.98,28.6010,0,Veg,4,2026-05-30 01:02:26
815,PRD00815,McVitie's Digestive 500g,113,4,24,149.00,125.99,15.4430,0,Veg,7,2026-05-30 01:02:26
816,PRD00816,Exo Dishwash Liquid 250ml,94,6,25,210.00,140.95,32.8810,0,,2,2026-05-30 01:02:26
817,PRD00817,Go Butter 200g,44,2,43,255.00,213.33,16.3412,1,Veg,10,2026-05-30 01:02:26
818,PRD00818,Tata Tea Masala Tea 250g,100,7,39,444.00,315.13,29.0248,0,Veg,4,2026-05-30 01:02:26
819,PRD00819,Kwality Walls Strawberry Ice Cream 500ml,9,5,23,84.00,57.91,31.0595,1,Veg,3,2026-05-30 01:02:26
820,PRD00820,Sensodyne Toothpaste 50g,95,1,16,65.00,43.40,33.2308,0,,7,2026-05-30 01:02:26
821,PRD00821,Premia Maida 1kg,47,3,19,44.00,32.57,25.9773,0,Veg,8,2026-05-30 01:02:26
822,PRD00822,Domex Floor Cleaner 2L,106,6,36,274.00,206.99,24.4562,0,,2,2026-05-30 01:02:26
823,PRD00823,Colgate Toothpaste 100g,125,1,16,309.00,233.44,24.4531,0,,10,2026-05-30 01:02:26
824,PRD00824,Zorabian Mutton 1kg,75,5,38,880.00,609.96,30.6864,1,Non-Veg,3,2026-05-30 01:02:26
825,PRD00825,Fortune Basmati Rice 1kg,4,3,44,1534.00,1336.81,12.8546,0,Veg,5,2026-05-30 01:02:26
826,PRD00826,Haldiram's Khakra 200g,6,4,21,100.00,73.40,26.6000,0,Veg,8,2026-05-30 01:02:26
827,PRD00827,Premium Broccoli 500g,36,8,40,115.00,86.74,24.5739,1,Veg,5,2026-05-30 01:02:26
828,PRD00828,Sumeru Fish 1kg,54,5,38,319.00,209.39,34.3605,1,Non-Veg,3,2026-05-30 01:02:26
829,PRD00829,Mr. Muscle Glass Cleaner 500ml,27,6,36,120.00,84.13,29.8917,0,,6,2026-05-30 01:02:26
830,PRD00830,Ponds Face Cream 50ml,137,1,17,590.00,455.07,22.8695,0,,4,2026-05-30 01:02:26
831,PRD00831,Gold Winner Groundnut Oil 1L,132,3,42,189.00,128.42,32.0529,0,Veg,2,2026-05-30 01:02:26
832,PRD00832,Premia Chana Dal 500g,47,3,28,380.00,300.52,20.9158,0,Veg,4,2026-05-30 01:02:26
833,PRD00833,Lizol Floor Cleaner 1L,136,6,36,364.00,282.20,22.4725,0,,5,2026-05-30 01:02:26
834,PRD00834,Catch Garam Masala 100g,30,3,30,340.00,272.59,19.8265,0,Veg,4,2026-05-30 01:02:26
835,PRD00835,Colin Glass Cleaner 500ml,159,6,36,109.00,80.24,26.3853,0,,3,2026-05-30 01:02:26
836,PRD00836,Boomer Chewing Gum pack of 10,160,4,20,10.00,7.32,26.8000,0,Veg,27,2026-05-30 01:02:26
837,PRD00837,P Mark Mustard Oil 1L,74,3,42,694.00,458.98,33.8646,0,Veg,3,2026-05-30 01:02:26
838,PRD00838,Balaji Bhujia 200g,89,4,21,275.00,236.79,13.8945,0,Veg,11,2026-05-30 01:02:26
839,PRD00839,Too Yumm Potato Chips 60g,42,4,21,50.00,38.93,22.1400,0,Veg,16,2026-05-30 01:02:26
840,PRD00840,Tetley Green Tea 100 bags,161,7,39,365.00,243.64,33.2493,0,Veg,4,2026-05-30 01:02:26
841,PRD00841,Lizol Floor Cleaner 500ml,136,6,36,305.00,201.69,33.8721,0,,4,2026-05-30 01:02:26
842,PRD00842,Amul Full Cream Milk 500ml,7,2,18,85.00,59.54,29.9529,1,Veg,11,2026-05-30 01:02:26
843,PRD00843,Vim Dishwash Powder 1kg,10,6,25,134.00,90.16,32.7164,0,,7,2026-05-30 01:02:26
844,PRD00844,ITC Master Chef Chicken Nuggets 200g,87,5,26,370.00,313.84,15.1784,1,Non-Veg,7,2026-05-30 01:02:26
845,PRD00845,Tata Tea Masala Tea 500g,100,7,39,255.00,186.65,26.8039,0,Veg,4,2026-05-30 01:02:26
846,PRD00846,Rin Detergent Bar pack of 6,103,6,31,35.00,30.11,13.9714,0,,7,2026-05-30 01:02:26
847,PRD00847,Local Cabbage 1kg,31,8,35,25.00,20.29,18.8400,1,Veg,9,2026-05-30 01:02:26
848,PRD00848,Bru Instant Coffee 100g,130,7,48,635.00,463.67,26.9811,0,Veg,3,2026-05-30 01:02:26
849,PRD00849,Real Orange Juice 1L,64,7,47,140.00,112.39,19.7214,0,Veg,7,2026-05-30 01:02:26
850,PRD00850,Godrej Yummiez Chicken Nuggets 750g,11,5,26,355.00,238.82,32.7268,1,Non-Veg,7,2026-05-30 01:02:26
851,PRD00851,Nescafe Cold Coffee 200ml,68,7,48,90.00,68.73,23.6333,0,Veg,7,2026-05-30 01:02:26
852,PRD00852,Everest Coriander Powder 500g,80,3,30,254.00,189.97,25.2087,0,Veg,8,2026-05-30 01:02:26
853,PRD00853,McVitie's Digestive 250g,113,4,24,149.00,117.93,20.8523,0,Veg,9,2026-05-30 01:02:26
854,PRD00854,Amul Cheese Block 500g,7,2,43,279.00,218.17,21.8029,1,Veg,7,2026-05-30 01:02:26
855,PRD00855,Amul Cheese Block 500g,7,2,43,270.00,211.19,21.7815,1,Veg,3,2026-05-30 01:02:26
856,PRD00856,Amul Chocolate Ice Cream 100ml,7,5,23,225.00,163.30,27.4222,1,Veg,7,2026-05-30 01:02:26
857,PRD00857,Goodknight Mosquito Coil pack of 12,101,6,41,130.00,96.70,25.6154,0,,6,2026-05-30 01:02:26
858,PRD00858,Nescafe Instant Coffee 200g,68,7,48,630.00,418.54,33.5651,0,Veg,2,2026-05-30 01:02:26
859,PRD00859,Axe Spray Deodorant 220ml,112,1,46,160.00,123.20,23.0000,0,,4,2026-05-30 01:02:26
860,PRD00860,Mother Dairy Curd 200g,46,2,18,65.00,50.77,21.8923,1,Veg,5,2026-05-30 01:02:26
861,PRD00861,Sumeru Fish 250g,54,5,38,565.00,495.58,12.2867,1,Non-Veg,5,2026-05-30 01:02:26
862,PRD00862,Wheel Detergent Bar pack of 6,19,6,31,80.00,55.02,31.2250,0,,4,2026-05-30 01:02:26
863,PRD00863,Amul Cheese Block 200g,7,2,43,545.00,465.42,14.6018,1,Veg,7,2026-05-30 01:02:26
864,PRD00864,Farm Fresh Cabbage 1kg,24,8,35,70.00,60.27,13.9000,1,Veg,10,2026-05-30 01:02:26
865,PRD00865,Madhur Sugar 1kg,81,3,33,160.00,131.80,17.6250,0,Veg,3,2026-05-30 01:02:26
866,PRD00866,Harvest Gold White Bread 700g,29,2,22,75.00,53.02,29.3067,1,Veg,4,2026-05-30 01:02:26
867,PRD00867,Britannia Cream Biscuits 100g,8,4,24,29.00,20.72,28.5517,0,Veg,5,2026-05-30 01:02:26
868,PRD00868,Lia Air Freshener Spray 250ml,162,6,49,280.00,210.87,24.6893,0,,5,2026-05-30 01:02:26
869,PRD00869,Melody Toffees jar,163,4,20,59.00,51.20,13.2203,0,Veg,30,2026-05-30 01:02:26
870,PRD00870,Nestle Milk Chocolate 18g,50,4,34,90.00,64.68,28.1333,0,Veg,7,2026-05-30 01:02:26
871,PRD00871,Ponds Face Cream 200ml,137,1,17,184.00,152.37,17.1902,0,,6,2026-05-30 01:02:26
872,PRD00872,Modern White Bread 400g,17,2,22,59.00,51.57,12.5932,1,Veg,10,2026-05-30 01:02:26
873,PRD00873,Heritage Full Cream Milk 1L,3,2,18,85.00,71.39,16.0118,1,Veg,5,2026-05-30 01:02:26
874,PRD00874,Tata Sampann Moong Dal 1kg,57,3,28,105.00,70.32,33.0286,0,Veg,3,2026-05-30 01:02:26
875,PRD00875,Tide Detergent Powder 500g,104,6,31,79.00,61.33,22.3671,0,,4,2026-05-30 01:02:26
876,PRD00876,Tata Sampann Urad Dal 1kg,57,3,28,330.00,236.89,28.2152,0,Veg,4,2026-05-30 01:02:26
877,PRD00877,Mother Dairy Toned Milk 500ml,46,2,18,75.00,55.29,26.2800,1,Veg,6,2026-05-30 01:02:26
878,PRD00878,Amul Milk Chocolate 18g,7,4,34,84.00,58.16,30.7619,0,Veg,16,2026-05-30 01:02:26
879,PRD00879,Tata Tea Masala Tea 500g,100,7,39,145.00,114.05,21.3448,0,Veg,8,2026-05-30 01:02:26
880,PRD00880,All Out Mosquito Liquid 45ml,93,6,41,245.00,179.45,26.7551,0,,8,2026-05-30 01:02:26
881,PRD00881,McCain Veg Nuggets 400g,90,5,26,270.00,214.60,20.5185,1,Veg,6,2026-05-30 01:02:26
882,PRD00882,Local Cabbage 500g,31,8,35,49.00,39.34,19.7143,1,Veg,8,2026-05-30 01:02:26
883,PRD00883,Pantene Shampoo 175ml,21,1,32,479.00,413.06,13.7662,0,,2,2026-05-30 01:02:26
884,PRD00884,Real Apple Juice 200ml,64,7,47,160.00,113.46,29.0875,0,Veg,5,2026-05-30 01:02:26
885,PRD00885,Nescafe Instant Coffee 100g,68,7,48,430.00,350.38,18.5163,0,Veg,5,2026-05-30 01:02:26
886,PRD00886,Tata Sampann Garam Masala 100g,57,3,30,294.00,227.54,22.6054,0,Veg,10,2026-05-30 01:02:26
887,PRD00887,Bingo Potato Chips 90g,164,4,21,54.00,37.57,30.4259,0,Veg,12,2026-05-30 01:02:26
888,PRD00888,Haldiram's Khakra 200g,6,4,21,95.00,69.39,26.9579,0,Veg,3,2026-05-30 01:02:26
889,PRD00889,Mr. Muscle Glass Cleaner 1L,27,6,36,129.00,113.30,12.1705,0,,2,2026-05-30 01:02:26
890,PRD00890,Dhara Groundnut Oil 5L,155,3,42,1080.00,832.43,22.9231,0,Veg,4,2026-05-30 01:02:26
891,PRD00891,Tata Coffee Instant Coffee 100g,128,7,48,244.00,169.31,30.6107,0,Veg,3,2026-05-30 01:02:26
892,PRD00892,24 Mantra Rajma 500g,13,3,28,224.00,195.48,12.7321,0,Veg,2,2026-05-30 01:02:26
893,PRD00893,Eggoz Brown Eggs pack of 10,51,5,45,194.00,133.76,31.0515,1,Non-Veg,5,2026-05-30 01:02:26
894,PRD00894,Tata Salt Iodized Salt 1kg,26,3,33,25.00,19.93,20.2800,0,Veg,4,2026-05-30 01:02:26
895,PRD00895,Dhara Mustard Oil 5L,155,3,42,1490.00,1039.99,30.2020,0,Veg,4,2026-05-30 01:02:26
896,PRD00896,Britannia White Bread 400g,8,2,22,54.00,45.92,14.9630,1,Veg,4,2026-05-30 01:02:26
897,PRD00897,Dove Shampoo 340ml,67,1,32,649.00,474.56,26.8783,0,,3,2026-05-30 01:02:26
898,PRD00898,Pepsodent Toothbrush pack of 2,1,1,16,260.00,207.33,20.2577,0,,8,2026-05-30 01:02:26
899,PRD00899,Kwality Walls Chocolate Ice Cream 100ml,9,5,23,90.00,58.98,34.4667,1,Veg,7,2026-05-30 01:02:26
900,PRD00900,Amul Buttermilk 500ml,7,2,18,35.00,28.91,17.4000,1,Veg,9,2026-05-30 01:02:26
901,PRD00901,Too Yumm Potato Chips 30g,42,4,21,39.00,30.14,22.7179,0,Veg,7,2026-05-30 01:02:26
902,PRD00902,Britannia Digestive 100g,8,4,24,139.00,106.62,23.2950,0,Veg,9,2026-05-30 01:02:26
903,PRD00903,Sunsilk Shampoo 340ml,165,1,32,635.00,537.09,15.4189,0,,6,2026-05-30 01:02:26
904,PRD00904,Center Fresh Mints pack of 10,34,4,20,75.00,65.51,12.6533,0,Veg,23,2026-05-30 01:02:26
905,PRD00905,Farm Fresh Cauliflower 1kg,24,8,35,95.00,72.46,23.7263,1,Veg,8,2026-05-30 01:02:26
906,PRD00906,Pril Dishwash Liquid 750ml,61,6,25,275.00,229.61,16.5055,0,,5,2026-05-30 01:02:26
907,PRD00907,Local Orange 500g,31,8,37,70.00,58.33,16.6714,1,Veg,4,2026-05-30 01:02:26
908,PRD00908,Gold Winner Groundnut Oil 500ml,132,3,42,1414.00,1171.88,17.1231,0,Veg,2,2026-05-30 01:02:26
909,PRD00909,Colin Glass Cleaner 1L,159,6,36,90.00,67.94,24.5111,0,,4,2026-05-30 01:02:26
910,PRD00910,Mortein Mosquito Spray 400ml,119,6,41,350.00,245.37,29.8943,0,,6,2026-05-30 01:02:26
911,PRD00911,Eclairs Toffees pack of 20,39,4,20,125.00,95.65,23.4800,0,Veg,11,2026-05-30 01:02:26
912,PRD00912,Sprite Lemon Drink 600ml,77,7,29,119.00,97.79,17.8235,0,Veg,14,2026-05-30 01:02:26
913,PRD00913,Dove Conditioner 340ml,67,1,32,225.00,197.33,12.2978,0,,5,2026-05-30 01:02:26
914,PRD00914,Melody Toffees jar,163,4,20,95.00,73.48,22.6526,0,Veg,8,2026-05-30 01:02:26
915,PRD00915,Imported Broccoli 250g,66,8,40,95.00,72.47,23.7158,1,Veg,5,2026-05-30 01:02:26
916,PRD00916,Bingo Potato Chips 150g,164,4,21,39.00,25.49,34.6410,0,Veg,7,2026-05-30 01:02:26
917,PRD00917,Modern Pav pack of 6,17,2,22,54.00,41.25,23.6111,1,Veg,6,2026-05-30 01:02:26
918,PRD00918,Licious Mutton 500g,32,5,38,475.00,356.78,24.8884,1,Non-Veg,4,2026-05-30 01:02:26
919,PRD00919,ITC Master Chef Veg Cutlet 200g,87,5,26,124.00,108.88,12.1935,1,Veg,3,2026-05-30 01:02:26
920,PRD00920,Amul Paneer 500g,7,2,43,269.00,235.15,12.5836,1,Veg,7,2026-05-30 01:02:26
921,PRD00921,MDH Garam Masala 100g,18,3,30,295.00,214.47,27.2983,0,Veg,8,2026-05-30 01:02:26
922,PRD00922,Britannia Cheese Block 200g,8,2,43,530.00,455.52,14.0528,1,Veg,7,2026-05-30 01:02:26
923,PRD00923,Bajaj Almond Hair Oil 200ml,79,1,32,159.00,137.54,13.4969,0,,7,2026-05-30 01:02:26
924,PRD00924,Closeup Toothpaste 200g,84,1,16,310.00,270.00,12.9032,0,,8,2026-05-30 01:02:26
925,PRD00925,Heritage Paneer 500g,3,2,43,410.00,334.50,18.4146,1,Veg,5,2026-05-30 01:02:26
926,PRD00926,Real Apple Juice 200ml,64,7,47,69.00,54.83,20.5362,0,Veg,8,2026-05-30 01:02:26
927,PRD00927,Dove Conditioner 175ml,67,1,32,254.00,201.94,20.4961,0,,5,2026-05-30 01:02:26
928,PRD00928,Amul Cheese Slices 200g,7,2,43,155.00,122.88,20.7226,1,Veg,7,2026-05-30 01:02:26
929,PRD00929,Sting Energy Drink 330ml,38,7,29,105.00,74.93,28.6381,0,Veg,7,2026-05-30 01:02:26
930,PRD00930,Real Mango Juice 200ml,64,7,47,135.00,99.31,26.4370,0,Veg,8,2026-05-30 01:02:26
931,PRD00931,Palmolive Body Wash 500ml,43,1,27,125.00,99.53,20.3760,0,,5,2026-05-30 01:02:26
932,PRD00932,Fortune Rajma 1kg,4,3,28,294.00,195.77,33.4116,0,Veg,6,2026-05-30 01:02:26
933,PRD00933,Amul Cheese Block 200g,7,2,43,239.00,195.31,18.2803,1,Veg,4,2026-05-30 01:02:26
934,PRD00934,Tropicana Apple Juice 1L,110,7,47,80.00,59.99,25.0125,0,Veg,5,2026-05-30 01:02:26
935,PRD00935,Sumeru Fish 500g,54,5,38,280.00,231.41,17.3536,1,Non-Veg,3,2026-05-30 01:02:26
936,PRD00936,Tata Sampann Turmeric Powder 200g,57,3,30,45.00,37.88,15.8222,0,Veg,4,2026-05-30 01:02:26
937,PRD00937,Fortune Sunflower Oil 500ml,4,3,42,209.00,149.85,28.3014,0,Veg,3,2026-05-30 01:02:26
938,PRD00938,Amul Paneer 200g,7,2,43,344.00,284.46,17.3081,1,Veg,3,2026-05-30 01:02:26
939,PRD00939,Heritage Paneer 200g,3,2,43,475.00,394.31,16.9874,1,Veg,3,2026-05-30 01:02:26
940,PRD00940,Tata Sampann Moong Dal 1kg,57,3,28,380.00,308.61,18.7868,0,Veg,2,2026-05-30 01:02:26
941,PRD00941,Nivea Spray Deodorant 220ml,107,1,46,320.00,247.40,22.6875,0,,6,2026-05-30 01:02:26
942,PRD00942,Trust Sugar 1kg,151,3,33,160.00,108.69,32.0688,0,Veg,3,2026-05-30 01:02:26
943,PRD00943,Dhara Sunflower Oil 500ml,155,3,42,1310.00,888.13,32.2038,0,Veg,4,2026-05-30 01:02:26
944,PRD00944,Modern Buns pack of 12,17,2,22,50.00,34.30,31.4000,1,Veg,9,2026-05-30 01:02:26
945,PRD00945,Kesar Mango 2kg,156,8,37,165.00,120.99,26.6727,1,Veg,6,2026-05-30 01:02:26
946,PRD00946,Rin Detergent Powder 2kg,103,6,31,485.00,367.80,24.1649,0,,4,2026-05-30 01:02:26
947,PRD00947,Surf Excel Detergent Powder 500g,48,6,31,95.00,75.76,20.2526,0,,2,2026-05-30 01:02:26
948,PRD00948,Domex Floor Cleaner 2L,106,6,36,324.00,257.95,20.3858,0,,6,2026-05-30 01:02:26
949,PRD00949,Tata Sampann Rajma 500g,57,3,28,170.00,121.79,28.3588,0,Veg,3,2026-05-30 01:02:26
950,PRD00950,Nivea Body Wash 250ml,107,1,27,249.00,197.66,20.6185,0,,8,2026-05-30 01:02:26
951,PRD00951,Britannia Pav pack of 6,8,2,22,45.00,38.58,14.2667,1,Veg,3,2026-05-30 01:02:26
952,PRD00952,Pril Dishwash Bar 200g,61,6,25,64.00,53.05,17.1094,0,,6,2026-05-30 01:02:26
953,PRD00953,Nivea Roll-on Deodorant 50ml,107,1,46,125.00,88.06,29.5520,0,,6,2026-05-30 01:02:26
954,PRD00954,Godrej Real Good Chicken 1kg,166,5,38,515.00,360.43,30.0136,1,Non-Veg,2,2026-05-30 01:02:26
955,PRD00955,Amul Buttermilk 500ml,7,2,18,44.00,29.83,32.2045,1,Veg,5,2026-05-30 01:02:26
956,PRD00956,Limca Lemon Drink 1.25L,141,7,29,85.00,56.46,33.5765,0,Veg,8,2026-05-30 01:02:26
957,PRD00957,Red Label Masala Tea 500g,55,7,39,259.00,209.25,19.2085,0,Veg,4,2026-05-30 01:02:26
958,PRD00958,Mother Dairy Vanilla Ice Cream 500ml,46,5,23,204.00,140.53,31.1127,1,Veg,5,2026-05-30 01:02:26
959,PRD00959,Aashirvaad Sooji 500g,22,3,19,75.00,59.77,20.3067,0,Veg,8,2026-05-30 01:02:26
960,PRD00960,Harvest Gold White Bread 400g,29,2,22,75.00,51.76,30.9867,1,Veg,5,2026-05-30 01:02:26
961,PRD00961,Tata Sampann Turmeric Powder 500g,57,3,30,190.00,126.81,33.2579,0,Veg,5,2026-05-30 01:02:26
962,PRD00962,Odonil Air Freshener Gel 50g,73,6,49,135.00,106.16,21.3630,0,,8,2026-05-30 01:02:26
963,PRD00963,Harpic Toilet Cleaner 500ml,53,6,36,150.00,99.49,33.6733,0,,4,2026-05-30 01:02:26
964,PRD00964,P Mark Mustard Oil 1L,74,3,42,1374.00,1151.67,16.1812,0,Veg,2,2026-05-30 01:02:26
965,PRD00965,Rexona Roll-on Deodorant 50ml,133,1,46,205.00,164.80,19.6098,0,,3,2026-05-30 01:02:26
966,PRD00966,Cadbury Milk Chocolate 40g,140,4,34,15.00,11.43,23.8000,0,Veg,6,2026-05-30 01:02:26
967,PRD00967,India Gate Sona Masoori Rice 10kg,58,3,44,1499.00,1105.95,26.2208,0,Veg,5,2026-05-30 01:02:26
968,PRD00968,Fortune Toor Dal 2kg,4,3,28,335.00,229.92,31.3672,0,Veg,4,2026-05-30 01:02:26
969,PRD00969,Unibic Cookies 500g,167,4,24,80.00,53.36,33.3000,0,Veg,4,2026-05-30 01:02:26
970,PRD00970,Bingo Potato Chips 60g,164,4,21,50.00,38.58,22.8400,0,Veg,20,2026-05-30 01:02:26
971,PRD00971,Nivea Roll-on Deodorant 50ml,107,1,46,200.00,142.84,28.5800,0,,6,2026-05-30 01:02:26
972,PRD00972,Colgate Toothbrush pack of 1,125,1,16,110.00,75.52,31.3455,0,,8,2026-05-30 01:02:26
973,PRD00973,Licious Fish 1kg,32,5,38,459.00,328.01,28.5381,1,Non-Veg,2,2026-05-30 01:02:26
974,PRD00974,Real Apple Juice 200ml,64,7,47,75.00,61.85,17.5333,0,Veg,8,2026-05-30 01:02:26
975,PRD00975,Fortune Sooji 500g,4,3,19,80.00,52.74,34.0750,0,Veg,4,2026-05-30 01:02:26
976,PRD00976,Sunfeast Cream Biscuits 100g,28,4,24,55.00,38.83,29.4000,0,Veg,19,2026-05-30 01:02:26
977,PRD00977,Wheel Detergent Bar pack of 3,19,6,31,119.00,86.26,27.5126,0,,6,2026-05-30 01:02:26
978,PRD00978,Fortune Urad Dal 500g,4,3,28,80.00,54.41,31.9875,0,Veg,5,2026-05-30 01:02:26
979,PRD00979,Center Fresh Mints pack of 5,34,4,20,70.00,47.50,32.1429,0,Veg,23,2026-05-30 01:02:26
980,PRD00980,Dhara Sunflower Oil 500ml,155,3,42,959.00,664.94,30.6632,0,Veg,2,2026-05-30 01:02:26
981,PRD00981,Center Fresh Chewing Gum pack of 10,34,4,20,85.00,57.66,32.1647,0,Veg,25,2026-05-30 01:02:26
982,PRD00982,Tropicana Mixed Fruit Juice 200ml,110,7,47,59.00,43.22,26.7458,0,Veg,6,2026-05-30 01:02:26
983,PRD00983,Parle Crackers 200g,82,4,24,45.00,30.61,31.9778,0,Veg,9,2026-05-30 01:02:26
984,PRD00984,Harvest Gold Brown Bread 400g,29,2,22,79.00,67.20,14.9367,1,Veg,8,2026-05-30 01:02:26
985,PRD00985,Paper Boat Mixed Fruit Juice 200ml,59,7,47,90.00,64.53,28.3000,0,Veg,3,2026-05-30 01:02:26
986,PRD00986,Local Cabbage 1kg,31,8,35,40.00,30.68,23.3000,1,Veg,4,2026-05-30 01:02:26
987,PRD00987,Colin Glass Cleaner 1L,159,6,36,155.00,124.43,19.7226,0,,3,2026-05-30 01:02:26
988,PRD00988,Sensodyne Toothpaste 100g,95,1,16,215.00,183.98,14.4279,0,,6,2026-05-30 01:02:26
989,PRD00989,Mother Dairy Buttermilk 1L,46,2,18,34.00,26.13,23.1471,1,Veg,7,2026-05-30 01:02:26
990,PRD00990,Harvest Gold Buns pack of 6,29,2,22,70.00,57.60,17.7143,1,Veg,8,2026-05-30 01:02:26
991,PRD00991,Saffola Sunflower Oil 1L,102,3,42,914.00,642.01,29.7582,0,Veg,3,2026-05-30 01:02:26
992,PRD00992,Amul Toned Milk 200ml,7,2,18,54.00,47.16,12.6667,1,Veg,10,2026-05-30 01:02:26
993,PRD00993,Listerine Mouthwash 250ml,150,1,16,189.00,149.16,21.0794,0,,3,2026-05-30 01:02:26
994,PRD00994,Cadbury Milk Chocolate 80g,140,4,34,170.00,137.93,18.8647,0,Veg,8,2026-05-30 01:02:26
995,PRD00995,Amul Curd 200g,7,2,18,79.00,61.37,22.3165,1,Veg,10,2026-05-30 01:02:26
996,PRD00996,Imported Broccoli 250g,66,8,40,94.00,62.61,33.3936,1,Veg,6,2026-05-30 01:02:26
997,PRD00997,Local Cauliflower 500g,31,8,35,59.00,51.00,13.5593,1,Veg,6,2026-05-30 01:02:26
998,PRD00998,Fortune Toor Dal 2kg,4,3,28,259.00,174.45,32.6448,0,Veg,2,2026-05-30 01:02:26
999,PRD00999,Tata Sampann Urad Dal 500g,57,3,28,99.00,76.88,22.3434,0,Veg,4,2026-05-30 01:02:26
1000,PRD01000,India Gate Basmati Rice 5kg,58,3,44,2320.00,1980.86,14.6181,0,Veg,2,2026-05-30 01:02:26
1001,PRD01001,Palmolive Body Wash 500ml,43,1,27,380.00,284.63,25.0974,0,,8,2026-05-30 01:02:26
1002,PRD01002,Real Apple Juice 200ml,64,7,47,60.00,49.96,16.7333,0,Veg,12,2026-05-30 01:02:26
1003,PRD01003,Godrej Yummiez Chicken Nuggets 750g,11,5,26,535.00,447.35,16.3832,1,Non-Veg,6,2026-05-30 01:02:26
1004,PRD01004,Godrej Yummiez French Fries 750g,11,5,26,190.00,147.63,22.3000,1,Veg,7,2026-05-30 01:02:26
1005,PRD01005,Dove Roll-on Deodorant 50ml,67,1,46,164.00,142.79,12.9329,0,,3,2026-05-30 01:02:26
1006,PRD01006,Haldiram's Mixture 400g,6,4,21,99.00,77.51,21.7071,0,Veg,4,2026-05-30 01:02:26
1007,PRD01007,Surf Excel Detergent Liquid 500ml,48,6,31,295.00,213.72,27.5525,0,,3,2026-05-30 01:02:26
1008,PRD01008,Pepsodent Toothbrush pack of 1,1,1,16,65.00,44.33,31.8000,0,,4,2026-05-30 01:02:26
1009,PRD01009,Sundrop Sunflower Oil 500ml,142,3,42,795.00,649.82,18.2616,0,Veg,4,2026-05-30 01:02:26
1010,PRD01010,Colin Glass Cleaner 1L,159,6,36,199.00,158.89,20.1558,0,,4,2026-05-30 01:02:26
1011,PRD01011,Alpenliebe Toffees jar,127,4,20,35.00,26.98,22.9143,0,Veg,22,2026-05-30 01:02:26
1012,PRD01012,Farm Fresh Potato 500g,24,8,35,19.00,14.57,23.3158,1,Veg,9,2026-05-30 01:02:26
1013,PRD01013,Park Avenue Spray Deodorant 150ml,168,1,46,330.00,279.85,15.1970,0,,4,2026-05-30 01:02:26
1014,PRD01014,Paper Boat Mixed Fruit Juice 1L,59,7,47,105.00,84.27,19.7429,0,Veg,11,2026-05-30 01:02:26
1015,PRD01015,Saffola Olive Oil 500ml,102,3,42,870.00,587.37,32.4862,0,Veg,2,2026-05-30 01:02:26
1016,PRD01016,Amul Cheese Block 200g,7,2,43,200.00,133.76,33.1200,1,Veg,6,2026-05-30 01:02:26
1017,PRD01017,Farm Fresh Tomato 1kg,24,8,35,39.00,28.55,26.7949,1,Veg,6,2026-05-30 01:02:26
1018,PRD01018,Tata Coffee Filter Coffee 200g,128,7,48,324.00,213.17,34.2068,0,Veg,4,2026-05-30 01:02:26
1019,PRD01019,Licious Chicken 1kg,32,5,38,235.00,185.88,20.9021,1,Non-Veg,3,2026-05-30 01:02:26
1020,PRD01020,Dove Body Lotion 400ml,67,1,17,175.00,139.22,20.4457,0,,6,2026-05-30 01:02:26
1021,PRD01021,Tata Sampann Urad Dal 1kg,57,3,28,235.00,189.08,19.5404,0,Veg,6,2026-05-30 01:02:26
1022,PRD01022,Tide Detergent Bar pack of 6,104,6,31,110.00,90.81,17.4455,0,,3,2026-05-30 01:02:26
1023,PRD01023,Catch Turmeric Powder 200g,30,3,30,154.00,114.34,25.7532,0,Veg,6,2026-05-30 01:02:26
1024,PRD01024,Fortune Urad Dal 500g,4,3,28,245.00,194.92,20.4408,0,Veg,5,2026-05-30 01:02:26
1025,PRD01025,Paper Boat Mixed Fruit Juice 200ml,59,7,47,140.00,118.06,15.6714,0,Veg,7,2026-05-30 01:02:26
1026,PRD01026,Tata Sampann Urad Dal 500g,57,3,28,339.00,291.46,14.0236,0,Veg,3,2026-05-30 01:02:26
1027,PRD01027,Heritage Buttermilk 200ml,3,2,18,19.00,15.21,19.9474,1,Veg,14,2026-05-30 01:02:26
1028,PRD01028,Real Apple Juice 1L,64,7,47,30.00,21.79,27.3667,0,Veg,12,2026-05-30 01:02:26
1029,PRD01029,Britannia Cheese Slices 200g,8,2,43,240.00,200.92,16.2833,1,Veg,3,2026-05-30 01:02:26
1030,PRD01030,Sabena Dishwash Powder 500g,124,6,25,139.00,93.37,32.8273,0,,7,2026-05-30 01:02:26
1031,PRD01031,Colgate Toothbrush pack of 4,125,1,16,254.00,166.60,34.4094,0,,9,2026-05-30 01:02:26
1032,PRD01032,Oreo Cream Biscuits 50g,169,4,24,55.00,44.00,20.0000,0,Veg,13,2026-05-30 01:02:26
1033,PRD01033,Licious Chicken 500g,32,5,38,404.00,323.10,20.0248,1,Non-Veg,3,2026-05-30 01:02:26
1034,PRD01034,Twinings Green Tea 25 bags,35,7,39,235.00,199.24,15.2170,0,Veg,3,2026-05-30 01:02:26
1035,PRD01035,Sting Energy Drink 500ml,38,7,29,55.00,42.88,22.0364,0,Veg,4,2026-05-30 01:02:26
1036,PRD01036,Farm Fresh Cauliflower 500g,24,8,35,49.00,32.29,34.1020,1,Veg,8,2026-05-30 01:02:26
1037,PRD01037,Britannia Digestive 100g,8,4,24,140.00,106.92,23.6286,0,Veg,10,2026-05-30 01:02:26
1038,PRD01038,Nestle a+ Curd 200g,154,2,18,54.00,35.88,33.5556,1,Veg,10,2026-05-30 01:02:26
1039,PRD01039,Happy Hens Country Eggs pack of 6,52,5,45,330.00,246.74,25.2303,1,Non-Veg,6,2026-05-30 01:02:26
1040,PRD01040,ITC Master Chef Veg Nuggets 200g,87,5,26,200.00,140.41,29.7950,1,Veg,4,2026-05-30 01:02:26
1041,PRD01041,Catch Turmeric Powder 100g,30,3,30,160.00,131.83,17.6063,0,Veg,6,2026-05-30 01:02:26
1042,PRD01042,Fortune Rajma 1kg,4,3,28,315.00,219.39,30.3524,0,Veg,5,2026-05-30 01:02:26
1043,PRD01043,Fortune Rajma 1kg,4,3,28,195.00,161.76,17.0462,0,Veg,2,2026-05-30 01:02:26
1044,PRD01044,7UP Lemon Drink 600ml,114,7,29,34.00,29.16,14.2353,0,Veg,8,2026-05-30 01:02:26
1045,PRD01045,Tata Sampann Brown Rice 2kg,57,3,44,635.00,452.26,28.7780,0,Veg,4,2026-05-30 01:02:26
1046,PRD01046,Nestle Milk Chocolate 80g,50,4,34,110.00,74.60,32.1818,0,Veg,6,2026-05-30 01:02:26
1047,PRD01047,Bisleri Mineral Water 5L,170,7,50,39.00,25.48,34.6667,0,Veg,18,2026-05-30 01:02:26
1048,PRD01048,Pillsbury Maida 1kg,120,3,19,60.00,52.53,12.4500,0,Veg,4,2026-05-30 01:02:26
1049,PRD01049,B Natural Apple Juice 200ml,116,7,47,35.00,28.34,19.0286,0,Veg,10,2026-05-30 01:02:26
1050,PRD01050,Vim Dishwash Liquid 250ml,10,6,25,275.00,187.86,31.6873,0,,3,2026-05-30 01:02:26
1051,PRD01051,Amul Buttermilk 1L,7,2,18,30.00,25.18,16.0667,1,Veg,15,2026-05-30 01:02:26
1052,PRD01052,Baygon Mosquito Spray 200ml,37,6,41,214.00,140.55,34.3224,0,,6,2026-05-30 01:02:26
1053,PRD01053,Britannia Cheese Slices 200g,8,2,43,215.00,151.02,29.7581,1,Veg,7,2026-05-30 01:02:26
1054,PRD01054,Nestle Milk Chocolate 18g,50,4,34,25.00,20.63,17.4800,0,Veg,8,2026-05-30 01:02:26
1055,PRD01055,Tata Sampann Moong Dal 1kg,57,3,28,359.00,313.52,12.6685,0,Veg,4,2026-05-30 01:02:26
1056,PRD01056,Pillsbury Whole Wheat Atta 1kg,120,3,19,370.00,320.15,13.4730,0,Veg,3,2026-05-30 01:02:26
1057,PRD01057,Local Cabbage 1kg,31,8,35,64.00,43.86,31.4688,1,Veg,8,2026-05-30 01:02:26
1058,PRD01058,Premium Bell Pepper 500g,36,8,40,144.00,110.27,23.4236,1,Veg,3,2026-05-30 01:02:26
1059,PRD01059,Dove Roll-on Deodorant 50ml,67,1,46,255.00,171.72,32.6588,0,,4,2026-05-30 01:02:26
1060,PRD01060,Godrej Aer Air Freshener Spray 250ml,70,6,49,150.00,131.19,12.5400,0,,2,2026-05-30 01:02:26
1061,PRD01061,MDH Turmeric Powder 200g,18,3,30,135.00,109.59,18.8222,0,Veg,6,2026-05-30 01:02:26
1062,PRD01062,Dettol Hand Wash 750ml,92,1,27,249.00,163.37,34.3896,0,,10,2026-05-30 01:02:26
1063,PRD01063,Godrej Yummiez Veg Nuggets 200g,11,5,26,100.00,73.87,26.1300,1,Veg,8,2026-05-30 01:02:26
1064,PRD01064,Farm Fresh Onion 500g,24,8,35,99.00,86.17,12.9596,1,Veg,10,2026-05-30 01:02:26
1065,PRD01065,Mortein Mosquito Spray 400ml,119,6,41,234.00,166.65,28.7821,0,,5,2026-05-30 01:02:26
1066,PRD01066,Modern Brown Bread 400g,17,2,22,64.00,42.49,33.6094,1,Veg,3,2026-05-30 01:02:26
1067,PRD01067,Domex Toilet Cleaner 1L,106,6,36,59.00,42.01,28.7966,0,,3,2026-05-30 01:02:26
1068,PRD01068,Bournville Dark Chocolate 80g,171,4,34,375.00,260.63,30.4987,0,Veg,11,2026-05-30 01:02:26
1069,PRD01069,Godrej Aer Air Freshener Gel 75g,70,6,49,200.00,172.06,13.9700,0,,5,2026-05-30 01:02:26
1070,PRD01070,Mother Dairy Vanilla Ice Cream 100ml,46,5,23,84.00,69.47,17.2976,1,Veg,7,2026-05-30 01:02:26
1071,PRD01071,Mother Dairy Vanilla Ice Cream 1L,46,5,23,129.00,112.00,13.1783,1,Veg,8,2026-05-30 01:02:26
1072,PRD01072,Tata Sampann Urad Dal 500g,57,3,28,330.00,249.73,24.3242,0,Veg,2,2026-05-30 01:02:26
1073,PRD01073,Fortune Rajma 500g,4,3,28,314.00,227.39,27.5828,0,Veg,2,2026-05-30 01:02:26
1074,PRD01074,Kesar Mango 1kg,156,8,37,479.00,374.89,21.7349,1,Veg,7,2026-05-30 01:02:26
1075,PRD01075,Odonil Air Freshener Gel 50g,73,6,49,149.00,116.16,22.0403,0,,7,2026-05-30 01:02:26
1076,PRD01076,HIT Mosquito Spray 400ml,78,6,41,205.00,155.75,24.0244,0,,3,2026-05-30 01:02:26
1077,PRD01077,Sensodyne Toothpaste 50g,95,1,16,244.00,190.65,21.8648,0,,4,2026-05-30 01:02:26
1078,PRD01078,Fogg Spray Deodorant 150ml,56,1,46,255.00,168.63,33.8706,0,,2,2026-05-30 01:02:26
1079,PRD01079,Madhur Sugar 1kg,81,3,33,155.00,108.25,30.1613,0,Veg,6,2026-05-30 01:02:26
1080,PRD01080,Vim Dishwash Powder 500g,10,6,25,99.00,69.06,30.2424,0,,3,2026-05-30 01:02:26
1081,PRD01081,Premia Sona Masoori Rice 1kg,47,3,44,1715.00,1328.47,22.5382,0,Veg,3,2026-05-30 01:02:26
1082,PRD01082,Sanifresh Toilet Cleaner 500ml,96,6,36,129.00,89.81,30.3798,0,,4,2026-05-30 01:02:26
1083,PRD01083,Aashirvaad Rock Salt 1kg,22,3,33,179.00,148.05,17.2905,0,Veg,4,2026-05-30 01:02:26
1084,PRD01084,Limca Lemon Drink 600ml,141,7,29,25.00,20.49,18.0400,0,Veg,11,2026-05-30 01:02:26
1085,PRD01085,Amul Full Cream Milk 1L,7,2,18,55.00,48.07,12.6000,1,Veg,5,2026-05-30 01:02:26
1086,PRD01086,Local Banana 1kg,31,8,37,59.00,47.25,19.9153,1,Veg,6,2026-05-30 01:02:26
1087,PRD01087,Britannia Pav pack of 12,8,2,22,64.00,51.66,19.2813,1,Veg,6,2026-05-30 01:02:26
1088,PRD01088,Paper Boat Mixed Fruit Juice 200ml,59,7,47,129.00,89.89,30.3178,0,Veg,5,2026-05-30 01:02:26
1089,PRD01089,Figaro Olive Oil 1L,172,3,42,1770.00,1374.24,22.3593,0,Veg,3,2026-05-30 01:02:26
1090,PRD01090,Pillsbury Maida 1kg,120,3,19,35.00,30.36,13.2571,0,Veg,4,2026-05-30 01:02:26
1091,PRD01091,Nihar Hair Oil 200ml,123,1,32,265.00,178.93,32.4792,0,,3,2026-05-30 01:02:26
1092,PRD01092,Pears Bar Soap 75g,20,1,27,100.00,75.35,24.6500,0,,20,2026-05-30 01:02:26
1093,PRD01093,Sabena Dishwash Powder 1kg,124,6,25,74.00,52.76,28.7027,0,,8,2026-05-30 01:02:26
1094,PRD01094,Mother Dairy Full Cream Milk 500ml,46,2,18,60.00,45.51,24.1500,1,Veg,13,2026-05-30 01:02:26
1095,PRD01095,McVitie's Digestive 500g,113,4,24,165.00,144.70,12.3030,0,Veg,5,2026-05-30 01:02:26
1096,PRD01096,Tropicana Orange Juice 200ml,110,7,47,55.00,41.73,24.1273,0,Veg,3,2026-05-30 01:02:26
1097,PRD01097,Go Butter 500g,44,2,43,235.00,161.13,31.4340,1,Veg,7,2026-05-30 01:02:26
1098,PRD01098,Saffola Sunflower Oil 500ml,102,3,42,144.00,124.13,13.7986,0,Veg,3,2026-05-30 01:02:26
1099,PRD01099,Sundrop Sunflower Oil 500ml,142,3,42,960.00,745.02,22.3938,0,Veg,4,2026-05-30 01:02:26
1100,PRD01100,Local Onion 500g,31,8,35,30.00,23.65,21.1667,1,Veg,11,2026-05-30 01:02:26
1101,PRD01101,Everest Chilli Powder 500g,80,3,30,279.00,213.34,23.5341,0,Veg,5,2026-05-30 01:02:26
1102,PRD01102,McCain French Fries 750g,90,5,26,145.00,124.59,14.0759,1,Veg,5,2026-05-30 01:02:26
1103,PRD01103,Limca Lemon Drink 250ml,141,7,29,124.00,95.22,23.2097,0,Veg,15,2026-05-30 01:02:26
1104,PRD01104,Surf Excel Detergent Liquid 1L,48,6,31,495.00,338.74,31.5677,0,,4,2026-05-30 01:02:26
1105,PRD01105,Godrej Aer Air Freshener Spray 250ml,70,6,49,119.00,102.33,14.0084,0,,3,2026-05-30 01:02:26
1106,PRD01106,Polo Mints pack of 10,72,4,20,65.00,43.61,32.9077,0,Veg,19,2026-05-30 01:02:26
1107,PRD01107,Heritage Paneer 1kg,3,2,43,235.00,182.02,22.5447,1,Veg,6,2026-05-30 01:02:26
1108,PRD01108,Pillsbury Maida 500g,120,3,19,34.00,23.88,29.7647,0,Veg,5,2026-05-30 01:02:26
1109,PRD01109,Farm Fresh Potato 2kg,24,8,35,99.00,82.93,16.2323,1,Veg,6,2026-05-30 01:02:26
1110,PRD01110,Kwality Walls Vanilla Ice Cream 100ml,9,5,23,359.00,287.04,20.0446,1,Veg,5,2026-05-30 01:02:26
1111,PRD01111,Polo Mints pack of 5,72,4,20,10.00,7.82,21.8000,0,Veg,9,2026-05-30 01:02:26
1112,PRD01112,Catch Iodized Salt 500g,30,3,33,24.00,15.83,34.0417,0,Veg,6,2026-05-30 01:02:26
1113,PRD01113,Amul Full Cream Milk 500ml,7,2,18,70.00,57.03,18.5286,1,Veg,11,2026-05-30 01:02:26
1114,PRD01114,Mortein Mosquito Coil pack of 10,119,6,41,105.00,69.00,34.2857,0,,8,2026-05-30 01:02:26
1115,PRD01115,Vadilal Strawberry Ice Cream 100ml,25,5,23,55.00,47.55,13.5455,1,Veg,7,2026-05-30 01:02:26
1116,PRD01116,McCain Veg Cutlet 200g,90,5,26,169.00,130.20,22.9586,1,Veg,2,2026-05-30 01:02:26
1117,PRD01117,Mentos Mints pack of 10,5,4,20,80.00,59.37,25.7875,0,Veg,26,2026-05-30 01:02:26
1118,PRD01118,Center Fresh Mints pack of 10,34,4,20,10.00,6.64,33.6000,0,Veg,17,2026-05-30 01:02:26
1119,PRD01119,Mirinda Orange Drink 1.25L,65,7,29,70.00,60.67,13.3286,0,Veg,4,2026-05-30 01:02:26
1120,PRD01120,Eclairs Toffees pack of 10,39,4,20,64.00,48.14,24.7813,0,Veg,16,2026-05-30 01:02:26
1121,PRD01121,Pril Dishwash Liquid 750ml,61,6,25,229.00,164.31,28.2489,0,,8,2026-05-30 01:02:26
1122,PRD01122,Local Banana dozen,31,8,37,65.00,42.33,34.8769,1,Veg,7,2026-05-30 01:02:26
1123,PRD01123,McCain French Fries 400g,90,5,26,299.00,218.10,27.0569,1,Veg,6,2026-05-30 01:02:26
1124,PRD01124,Fortune Mustard Oil 5L,4,3,42,1180.00,1017.37,13.7822,0,Veg,3,2026-05-30 01:02:26
1125,PRD01125,Listerine Mouthwash 250ml,150,1,16,324.00,256.07,20.9660,0,,4,2026-05-30 01:02:26
1126,PRD01126,Farm Fresh Cauliflower 500g,24,8,35,45.00,34.03,24.3778,1,Veg,10,2026-05-30 01:02:26
1127,PRD01127,Pril Dishwash Liquid 250ml,61,6,25,160.00,119.01,25.6188,0,,5,2026-05-30 01:02:26
1128,PRD01128,Olay Face Cream 200ml,139,1,17,705.00,561.89,20.2993,0,,4,2026-05-30 01:02:26
1129,PRD01129,Godrej Aer Air Freshener Spray 250ml,70,6,49,145.00,100.85,30.4483,0,,5,2026-05-30 01:02:26
1130,PRD01130,Bru Filter Coffee 100g,130,7,48,504.00,436.94,13.3056,0,Veg,4,2026-05-30 01:02:26
1131,PRD01131,Surf Excel Detergent Powder 1kg,48,6,31,815.00,676.77,16.9607,0,,3,2026-05-30 01:02:26
1132,PRD01132,Paper Boat Mixed Fruit Juice 1L,59,7,47,54.00,44.73,17.1667,0,Veg,10,2026-05-30 01:02:26
1133,PRD01133,Britannia Butter 200g,8,2,43,305.00,210.44,31.0033,1,Veg,10,2026-05-30 01:02:26
1134,PRD01134,Fortune Whole Wheat Atta 10kg,4,3,19,534.00,443.90,16.8727,0,Veg,3,2026-05-30 01:02:26
1135,PRD01135,Go Cheese Slices 100g,44,2,43,219.00,171.72,21.5890,1,Veg,7,2026-05-30 01:02:26
1136,PRD01136,Amul Cheese Block 200g,7,2,43,444.00,291.24,34.4054,1,Veg,8,2026-05-30 01:02:26
1137,PRD01137,Ghadi Detergent Powder 1kg,99,6,31,730.00,631.52,13.4904,0,,6,2026-05-30 01:02:26
1138,PRD01138,Local Tomato 1kg,31,8,35,39.00,28.34,27.3333,1,Veg,12,2026-05-30 01:02:26
1139,PRD01139,Mirinda Orange Drink 250ml,65,7,29,80.00,67.03,16.2125,0,Veg,8,2026-05-30 01:02:26
1140,PRD01140,Farm Fresh Cabbage 500g,24,8,35,25.00,21.99,12.0400,1,Veg,3,2026-05-30 01:02:26
1141,PRD01141,Farm Fresh Cauliflower 500g,24,8,35,55.00,45.68,16.9455,1,Veg,3,2026-05-30 01:02:26
1142,PRD01142,Farm Fresh Banana 500g,24,8,37,85.00,58.09,31.6588,1,Veg,6,2026-05-30 01:02:26
1143,PRD01143,Surf Excel Detergent Liquid 500ml,48,6,31,514.00,443.40,13.7354,0,,3,2026-05-30 01:02:26
1144,PRD01144,Wagh Bakri Masala Tea 250g,62,7,39,430.00,332.42,22.6930,0,Veg,4,2026-05-30 01:02:26
1145,PRD01145,Sunfeast Crackers 200g,28,4,24,55.00,39.10,28.9091,0,Veg,12,2026-05-30 01:02:26
1146,PRD01146,Mr. Muscle Floor Cleaner 2L,27,6,36,365.00,264.09,27.6466,0,,2,2026-05-30 01:02:26
1147,PRD01147,McCain French Fries 400g,90,5,26,269.00,203.10,24.4981,1,Veg,8,2026-05-30 01:02:26
1148,PRD01148,Local Cauliflower 1kg,31,8,35,79.00,67.37,14.7215,1,Veg,8,2026-05-30 01:02:26
1149,PRD01149,Britannia Buns pack of 6,8,2,22,70.00,60.79,13.1571,1,Veg,6,2026-05-30 01:02:26
1150,PRD01150,Fortune Sona Masoori Rice 25kg,4,3,44,1339.00,923.20,31.0530,0,Veg,3,2026-05-30 01:02:26
1151,PRD01151,Pril Dishwash Bar 200g,61,6,25,65.00,44.09,32.1692,0,,9,2026-05-30 01:02:26
1152,PRD01152,Dove Body Wash 250ml,67,1,27,355.00,252.82,28.7831,0,,8,2026-05-30 01:02:26
1153,PRD01153,Bournville Dark Chocolate 40g,171,4,34,329.00,221.08,32.8024,0,Veg,15,2026-05-30 01:02:26
1154,PRD01154,Wagh Bakri Masala Tea 500g,62,7,39,270.00,184.79,31.5593,0,Veg,7,2026-05-30 01:02:26
1155,PRD01155,Nivea Spray Deodorant 220ml,107,1,46,305.00,236.73,22.3836,0,,4,2026-05-30 01:02:26
1156,PRD01156,Kitkat Wafer Chocolate 40g,97,4,34,35.00,23.88,31.7714,0,Veg,15,2026-05-30 01:02:26
1157,PRD01157,Godrej Yummiez French Fries 400g,11,5,26,229.00,159.79,30.2227,1,Veg,2,2026-05-30 01:02:26
1158,PRD01158,Amul Cheese Block 200g,7,2,43,225.00,154.18,31.4756,1,Veg,4,2026-05-30 01:02:26
1159,PRD01159,Balaji Potato Chips 150g,89,4,21,34.00,25.20,25.8824,0,Veg,20,2026-05-30 01:02:26
1160,PRD01160,Tata Sampann Urad Dal 500g,57,3,28,184.00,125.18,31.9674,0,Veg,4,2026-05-30 01:02:26
1161,PRD01161,Fortune Toor Dal 500g,4,3,28,90.00,61.89,31.2333,0,Veg,5,2026-05-30 01:02:26
1162,PRD01162,Rin Detergent Powder 2kg,103,6,31,50.00,37.73,24.5400,0,,2,2026-05-30 01:02:26
1163,PRD01163,Haldiram's Mixture 400g,6,4,21,75.00,64.98,13.3600,0,Veg,4,2026-05-30 01:02:26
1164,PRD01164,Tata Tea Masala Tea 250g,100,7,39,184.00,151.91,17.4402,0,Veg,2,2026-05-30 01:02:26
1165,PRD01165,Catch Turmeric Powder 200g,30,3,30,45.00,37.66,16.3111,0,Veg,5,2026-05-30 01:02:26
1166,PRD01166,Nescafe Instant Coffee 100g,68,7,48,565.00,386.56,31.5823,0,Veg,7,2026-05-30 01:02:26
1167,PRD01167,Real Apple Juice 200ml,64,7,47,25.00,18.33,26.6800,0,Veg,7,2026-05-30 01:02:26
1168,PRD01168,Local Cauliflower 1kg,31,8,35,65.00,52.34,19.4769,1,Veg,4,2026-05-30 01:02:26
1169,PRD01169,Mr. Muscle Glass Cleaner 500ml,27,6,36,139.00,103.88,25.2662,0,,6,2026-05-30 01:02:26
1170,PRD01170,Melody Toffees jar,163,4,20,64.00,49.97,21.9219,0,Veg,9,2026-05-30 01:02:26
1171,PRD01171,Surf Excel Detergent Powder 4kg,48,6,31,105.00,69.04,34.2476,0,,2,2026-05-30 01:02:26
1172,PRD01172,Go Cheese Block 200g,44,2,43,420.00,282.08,32.8381,1,Veg,3,2026-05-30 01:02:26
1173,PRD01173,Eggoz Brown Eggs pack of 6,51,5,45,139.00,112.35,19.1727,1,Non-Veg,8,2026-05-30 01:02:26
1174,PRD01174,Melody Toffees pack of 10,163,4,20,145.00,109.99,24.1448,0,Veg,11,2026-05-30 01:02:26
1175,PRD01175,Odonil Air Freshener Gel 75g,73,6,49,135.00,89.79,33.4889,0,,7,2026-05-30 01:02:26
1176,PRD01176,Local Potato 1kg,31,8,35,29.00,23.47,19.0690,1,Veg,9,2026-05-30 01:02:26
1177,PRD01177,Saffola Olive Oil 500ml,102,3,42,1535.00,1108.72,27.7707,0,Veg,3,2026-05-30 01:02:26
1178,PRD01178,Mortein Mosquito Spray 400ml,119,6,41,260.00,169.33,34.8731,0,,5,2026-05-30 01:02:26
1179,PRD01179,Amul Cheese Block 200g,7,2,43,210.00,183.50,12.6190,1,Veg,7,2026-05-30 01:02:26
1180,PRD01180,Sunfeast Digestive 100g,28,4,24,125.00,106.86,14.5120,0,Veg,5,2026-05-30 01:02:26
1181,PRD01181,Limca Lemon Drink 1.25L,141,7,29,60.00,42.88,28.5333,0,Veg,9,2026-05-30 01:02:26
1182,PRD01182,Farm Fresh Potato 500g,24,8,35,24.00,18.97,20.9583,1,Veg,11,2026-05-30 01:02:26
1183,PRD01183,Licious Fish 1kg,32,5,38,824.00,718.74,12.7743,1,Non-Veg,3,2026-05-30 01:02:26
1184,PRD01184,Polo Mints pack of 10,72,4,20,10.00,8.50,15.0000,0,Veg,27,2026-05-30 01:02:26
1185,PRD01185,Pril Dishwash Bar 200g,61,6,25,80.00,52.61,34.2375,0,,3,2026-05-30 01:02:26
1186,PRD01186,Pril Dishwash Bar 200g,61,6,25,70.00,51.65,26.2143,0,,7,2026-05-30 01:02:26
1187,PRD01187,Sensodyne Toothbrush pack of 1,95,1,16,35.00,30.20,13.7143,0,,5,2026-05-30 01:02:26
1188,PRD01188,Pril Dishwash Liquid 250ml,61,6,25,165.00,120.60,26.9091,0,,3,2026-05-30 01:02:26
1189,PRD01189,Limca Lemon Drink 250ml,141,7,29,125.00,92.69,25.8480,0,Veg,8,2026-05-30 01:02:26
1190,PRD01190,Amul Cheese Block 200g,7,2,43,475.00,343.97,27.5853,1,Veg,3,2026-05-30 01:02:26
1191,PRD01191,Local Apple 500g,31,8,37,250.00,181.61,27.3560,1,Veg,8,2026-05-30 01:02:26
1192,PRD01192,Fanta Orange Drink 1.25L,15,7,29,80.00,60.59,24.2625,0,Veg,8,2026-05-30 01:02:26
1193,PRD01193,Mentos Mints pack of 10,5,4,20,50.00,40.10,19.8000,0,Veg,10,2026-05-30 01:02:26
1194,PRD01194,Premia Toor Dal 500g,47,3,28,334.00,267.66,19.8623,0,Veg,5,2026-05-30 01:02:26
1195,PRD01195,Eggoz Country Eggs pack of 10,51,5,45,220.00,145.14,34.0273,1,Non-Veg,5,2026-05-30 01:02:26
1196,PRD01196,Mortein Mosquito Liquid 45ml,119,6,41,135.00,104.62,22.5037,0,,8,2026-05-30 01:02:26
1197,PRD01197,Tide Detergent Liquid 2L,104,6,31,444.00,324.12,27.0000,0,,4,2026-05-30 01:02:26
1198,PRD01198,Haldiram's Bhujia 100g,6,4,21,180.00,120.53,33.0389,0,Veg,9,2026-05-30 01:02:26
1199,PRD01199,Vim Dishwash Powder 1kg,10,6,25,50.00,33.14,33.7200,0,,5,2026-05-30 01:02:26
1200,PRD01200,Sunfeast Cream Biscuits 50g,28,4,24,19.00,12.61,33.6316,0,Veg,16,2026-05-30 01:02:26
1201,PRD01201,Local Orange 1kg,31,8,37,229.00,172.80,24.5415,1,Veg,4,2026-05-30 01:02:26
1202,PRD01202,Fortune Toor Dal 1kg,4,3,28,194.00,159.58,17.7423,0,Veg,4,2026-05-30 01:02:26
1203,PRD01203,Amul Buttermilk 1L,7,2,18,25.00,17.21,31.1600,1,Veg,12,2026-05-30 01:02:26
1204,PRD01204,Balaji Mixture 200g,89,4,21,239.00,168.51,29.4937,0,Veg,5,2026-05-30 01:02:26
1205,PRD01205,Sunfeast Crackers 200g,28,4,24,49.00,33.38,31.8776,0,Veg,5,2026-05-30 01:02:26
1206,PRD01206,Tata Tea Black Tea 500g,100,7,39,565.00,457.24,19.0726,0,Veg,2,2026-05-30 01:02:26
1207,PRD01207,Britannia Pav pack of 6,8,2,22,40.00,29.06,27.3500,1,Veg,9,2026-05-30 01:02:26
1208,PRD01208,Premium Imported Orange 500g,86,8,37,155.00,133.09,14.1355,1,Veg,10,2026-05-30 01:02:26
1209,PRD01209,Dove Body Lotion 400ml,67,1,17,130.00,111.83,13.9769,0,,3,2026-05-30 01:02:26
1210,PRD01210,Head & Shoulders Shampoo 340ml,152,1,32,359.00,289.64,19.3203,0,,7,2026-05-30 01:02:26
1211,PRD01211,Eggoz Brown Eggs pack of 6,51,5,45,79.00,65.44,17.1646,1,Non-Veg,4,2026-05-30 01:02:26
1212,PRD01212,Madhur Sugar 1kg,81,3,33,265.00,198.36,25.1472,0,Veg,3,2026-05-30 01:02:26
1213,PRD01213,Nivea Body Wash 250ml,107,1,27,319.00,229.05,28.1975,0,,8,2026-05-30 01:02:26
1214,PRD01214,Sunfeast Digestive 100g,28,4,24,175.00,133.03,23.9829,0,Veg,15,2026-05-30 01:02:26
1215,PRD01215,Zorabian Mutton 500g,75,5,38,635.00,420.58,33.7669,1,Non-Veg,2,2026-05-30 01:02:26
1216,PRD01216,Eggoz Country Eggs pack of 6,51,5,45,369.00,246.27,33.2602,1,Non-Veg,8,2026-05-30 01:02:26
1217,PRD01217,Catch Iodized Salt 1kg,30,3,33,30.00,19.95,33.5000,0,Veg,3,2026-05-30 01:02:26
1218,PRD01218,Kwality Walls Chocolate Ice Cream 1L,9,5,23,285.00,194.82,31.6421,1,Veg,8,2026-05-30 01:02:26
1219,PRD01219,Saffola Olive Oil 1L,102,3,42,1474.00,1021.48,30.7001,0,Veg,2,2026-05-30 01:02:26
1220,PRD01220,Local Potato 500g,31,8,35,50.00,41.87,16.2600,1,Veg,6,2026-05-30 01:02:26
1221,PRD01221,Licious Fish 250g,32,5,38,845.00,576.64,31.7586,1,Non-Veg,2,2026-05-30 01:02:26
1222,PRD01222,Premium Bell Pepper 250g,36,8,40,114.00,79.31,30.4298,1,Veg,7,2026-05-30 01:02:26
1223,PRD01223,Tata Sampann Chana Dal 1kg,57,3,28,245.00,171.90,29.8367,0,Veg,5,2026-05-30 01:02:26
1224,PRD01224,Bingo Potato Chips 60g,164,4,21,60.00,42.34,29.4333,0,Veg,8,2026-05-30 01:02:26
1225,PRD01225,Tata Sampann Urad Dal 500g,57,3,28,205.00,134.91,34.1902,0,Veg,5,2026-05-30 01:02:26
1226,PRD01226,Fortune Maida 1kg,4,3,19,44.00,35.06,20.3182,0,Veg,3,2026-05-30 01:02:26
1227,PRD01227,Parle Cream Biscuits 200g,82,4,24,70.00,55.65,20.5000,0,Veg,17,2026-05-30 01:02:26
1228,PRD01228,McCain Veg Nuggets 200g,90,5,26,199.00,161.61,18.7889,1,Veg,5,2026-05-30 01:02:26
1229,PRD01229,Tata Tea Black Tea 250g,100,7,39,310.00,228.86,26.1742,0,Veg,4,2026-05-30 01:02:26
1230,PRD01230,Farm Fresh Apple 1kg,24,8,37,250.00,173.41,30.6360,1,Veg,9,2026-05-30 01:02:26
1231,PRD01231,Sunfeast Cookies 200g,28,4,24,40.00,33.42,16.4500,0,Veg,7,2026-05-30 01:02:26
1232,PRD01232,Go Cheese Slices 200g,44,2,43,145.00,119.52,17.5724,1,Veg,8,2026-05-30 01:02:26
1233,PRD01233,Baygon Mosquito Spray 200ml,37,6,41,130.00,101.94,21.5846,0,,3,2026-05-30 01:02:26
1234,PRD01234,Sumeru Fish 500g,54,5,38,295.00,254.02,13.8915,1,Non-Veg,5,2026-05-30 01:02:26
1235,PRD01235,Dettol Hand Wash 250ml,92,1,27,114.00,81.98,28.0877,0,,8,2026-05-30 01:02:26
1236,PRD01236,Red Label Masala Tea 250g,55,7,39,245.00,209.26,14.5878,0,Veg,3,2026-05-30 01:02:26
1237,PRD01237,Parle Cream Biscuits 200g,82,4,24,10.00,6.87,31.3000,0,Veg,16,2026-05-30 01:02:26
1238,PRD01238,Lux Bar Soap 100g,144,1,27,109.00,95.59,12.3028,0,,19,2026-05-30 01:02:26
1239,PRD01239,Twinings Green Tea 25 bags,35,7,39,205.00,141.03,31.2049,0,Veg,5,2026-05-30 01:02:26
1240,PRD01240,Mother Dairy Toned Milk 1L,46,2,18,30.00,21.71,27.6333,1,Veg,10,2026-05-30 01:02:26
1241,PRD01241,Sabena Dishwash Powder 500g,124,6,25,65.00,43.84,32.5538,0,,6,2026-05-30 01:02:26
1242,PRD01242,Mother Dairy Paneer 1kg,46,2,43,424.00,359.64,15.1792,1,Veg,6,2026-05-30 01:02:26
1243,PRD01243,Happy Hens Country Eggs pack of 10,52,5,45,140.00,99.74,28.7571,1,Non-Veg,6,2026-05-30 01:02:26
1244,PRD01244,Nescafe Cold Coffee 180ml,68,7,48,45.00,38.61,14.2000,0,Veg,10,2026-05-30 01:02:26
1245,PRD01245,Mother Dairy Full Cream Milk 1L,46,2,18,70.00,46.59,33.4429,1,Veg,15,2026-05-30 01:02:26
1246,PRD01246,Licious Chicken 500g,32,5,38,320.00,219.85,31.2969,1,Non-Veg,2,2026-05-30 01:02:26
1247,PRD01247,P Mark Mustard Oil 500ml,74,3,42,884.00,692.87,21.6210,0,Veg,3,2026-05-30 01:02:26
1248,PRD01248,All Out Mosquito Liquid 35ml,93,6,41,150.00,100.13,33.2467,0,,5,2026-05-30 01:02:26
1249,PRD01249,Suguna Regular Eggs pack of 30,83,5,45,199.00,150.81,24.2161,1,Non-Veg,8,2026-05-30 01:02:26
1250,PRD01250,Dove Roll-on Deodorant 50ml,67,1,46,305.00,258.72,15.1738,0,,3,2026-05-30 01:02:26
1251,PRD01251,Axe Spray Deodorant 150ml,112,1,46,299.00,215.58,27.8997,0,,6,2026-05-30 01:02:26
1252,PRD01252,Dove Body Lotion 200ml,67,1,17,210.00,175.67,16.3476,0,,3,2026-05-30 01:02:26
1253,PRD01253,Nestle Milk Chocolate 80g,50,4,34,74.00,64.35,13.0405,0,Veg,16,2026-05-30 01:02:26
1254,PRD01254,Mazaa Orange Drink 1.25L,129,7,29,39.00,26.03,33.2564,0,Veg,7,2026-05-30 01:02:26
1255,PRD01255,Local Bell Pepper 500g,31,8,40,104.00,89.45,13.9904,1,Veg,3,2026-05-30 01:02:26
1256,PRD01256,Gold Winner Groundnut Oil 5L,132,3,42,335.00,245.92,26.5910,0,Veg,2,2026-05-30 01:02:26
1257,PRD01257,Cadbury Milk Chocolate 150g,140,4,34,244.00,161.70,33.7295,0,Veg,17,2026-05-30 01:02:26
1258,PRD01258,Mr. Muscle Floor Cleaner 500ml,27,6,36,270.00,188.50,30.1852,0,,2,2026-05-30 01:02:26
1259,PRD01259,Haldiram's Khakra 400g,6,4,21,190.00,123.66,34.9158,0,Veg,7,2026-05-30 01:02:26
1260,PRD01260,Fortune Urad Dal 500g,4,3,28,329.00,247.38,24.8085,0,Veg,4,2026-05-30 01:02:26
1261,PRD01261,Real Apple Juice 1L,64,7,47,119.00,87.50,26.4706,0,Veg,6,2026-05-30 01:02:26
1262,PRD01262,Licious Mutton 1kg,32,5,38,765.00,501.09,34.4980,1,Non-Veg,5,2026-05-30 01:02:26
1263,PRD01263,P Mark Mustard Oil 5L,74,3,42,1250.00,1066.65,14.6680,0,Veg,4,2026-05-30 01:02:26
1264,PRD01264,Goodknight Mosquito Liquid refill,101,6,41,165.00,126.12,23.5636,0,,3,2026-05-30 01:02:26
1265,PRD01265,Mortein Mosquito Liquid refill,119,6,41,80.00,68.31,14.6125,0,,8,2026-05-30 01:02:26
1266,PRD01266,Amul Strawberry Ice Cream 100ml,7,5,23,299.00,203.45,31.9565,1,Veg,6,2026-05-30 01:02:26
1267,PRD01267,Modern Buns pack of 6,17,2,22,30.00,21.88,27.0667,1,Veg,10,2026-05-30 01:02:26
1268,PRD01268,Thums Up Cola 1.25L,118,7,29,125.00,87.77,29.7840,0,Veg,11,2026-05-30 01:02:26
1269,PRD01269,Farm Fresh Potato 500g,24,8,35,50.00,40.03,19.9400,1,Veg,9,2026-05-30 01:02:26
1270,PRD01270,Dhara Mustard Oil 500ml,155,3,42,480.00,407.81,15.0396,0,Veg,4,2026-05-30 01:02:26
1271,PRD01271,Sundrop Sunflower Oil 1L,142,3,42,1130.00,903.04,20.0850,0,Veg,4,2026-05-30 01:02:26
1272,PRD01272,Tropicana Mixed Fruit Juice 200ml,110,7,47,45.00,35.53,21.0444,0,Veg,6,2026-05-30 01:02:26
1273,PRD01273,Godrej Yummiez Chicken Nuggets 400g,11,5,26,364.00,254.42,30.1044,1,Non-Veg,8,2026-05-30 01:02:26
1274,PRD01274,Bisleri Mineral Water 20L,170,7,50,15.00,10.23,31.8000,0,Veg,19,2026-05-30 01:02:26
1275,PRD01275,Aquafina Mineral Water 20L,105,7,50,20.00,13.18,34.1000,0,Veg,20,2026-05-30 01:02:26
1276,PRD01276,Tata Sampann Chana Dal 500g,57,3,28,370.00,303.51,17.9703,0,Veg,5,2026-05-30 01:02:26
1277,PRD01277,Lays Potato Chips 90g,71,4,21,100.00,66.35,33.6500,0,Veg,8,2026-05-30 01:02:26
1278,PRD01278,Ponds Body Lotion 400ml,137,1,17,175.00,133.29,23.8343,0,,6,2026-05-30 01:02:26
1279,PRD01279,Heritage Full Cream Milk 1L,3,2,18,79.00,69.26,12.3291,1,Veg,6,2026-05-30 01:02:26
1280,PRD01280,English Oven White Bread 700g,76,2,22,44.00,32.06,27.1364,1,Veg,5,2026-05-30 01:02:26
1281,PRD01281,Amul Full Cream Milk 1L,7,2,18,84.00,69.86,16.8333,1,Veg,9,2026-05-30 01:02:26
1282,PRD01282,Happy Hens Country Eggs pack of 10,52,5,45,310.00,238.01,23.2226,1,Non-Veg,8,2026-05-30 01:02:26
1283,PRD01283,Sundrop Sunflower Oil 5L,142,3,42,720.00,607.26,15.6583,0,Veg,4,2026-05-30 01:02:26
1284,PRD01284,Minute Maid Orange Juice 1L,173,7,47,64.00,48.97,23.4844,0,Veg,12,2026-05-30 01:02:26
1285,PRD01285,Lia Air Freshener Spray 250ml,162,6,49,204.00,142.66,30.0686,0,,2,2026-05-30 01:02:26
1286,PRD01286,Haldiram's Mixture 200g,6,4,21,170.00,141.71,16.6412,0,Veg,8,2026-05-30 01:02:26
1287,PRD01287,24 Mantra Brown Rice 5kg,13,3,44,624.00,412.90,33.8301,0,Veg,2,2026-05-30 01:02:26
1288,PRD01288,Godrej Real Good Chicken 1kg,166,5,38,320.00,229.81,28.1844,1,Non-Veg,3,2026-05-30 01:02:26
1289,PRD01289,Olay Face Cream 100ml,139,1,17,640.00,562.98,12.0344,0,,4,2026-05-30 01:02:26
1290,PRD01290,India Gate Basmati Rice 1kg,58,3,44,1020.00,716.05,29.7990,0,Veg,5,2026-05-30 01:02:26
1291,PRD01291,Farm Fresh Cauliflower 1kg,24,8,35,70.00,52.17,25.4714,1,Veg,4,2026-05-30 01:02:26
1292,PRD01292,Palmolive Body Wash 500ml,43,1,27,174.00,138.31,20.5115,0,,7,2026-05-30 01:02:26
1293,PRD01293,Coca-Cola Cola 250ml,174,7,29,69.00,50.73,26.4783,0,Veg,14,2026-05-30 01:02:26
1294,PRD01294,Mr. Muscle Glass Cleaner 500ml,27,6,36,205.00,142.33,30.5707,0,,5,2026-05-30 01:02:26
1295,PRD01295,Wagh Bakri Masala Tea 500g,62,7,39,129.00,98.63,23.5426,0,Veg,2,2026-05-30 01:02:26
1296,PRD01296,Rajdhani Besan 1kg,149,3,19,100.00,72.80,27.2000,0,Veg,4,2026-05-30 01:02:26
1297,PRD01297,Too Yumm Potato Chips 30g,42,4,21,30.00,25.27,15.7667,0,Veg,6,2026-05-30 01:02:26
1298,PRD01298,Premium Imported Apple 1kg,86,8,37,155.00,129.44,16.4903,1,Veg,10,2026-05-30 01:02:26
1299,PRD01299,Catch Turmeric Powder 500g,30,3,30,85.00,70.32,17.2706,0,Veg,10,2026-05-30 01:02:26
1300,PRD01300,Britannia Cheese Block 500g,8,2,43,500.00,359.92,28.0160,1,Veg,3,2026-05-30 01:02:26
1301,PRD01301,Pepsi Cola 250ml,69,7,29,105.00,86.50,17.6190,0,Veg,11,2026-05-30 01:02:26
1302,PRD01302,Pril Dishwash Bar 500g,61,6,25,74.00,62.60,15.4054,0,,5,2026-05-30 01:02:26
1303,PRD01303,Local Tomato 1kg,31,8,35,110.00,81.55,25.8636,1,Veg,6,2026-05-30 01:02:26
1304,PRD01304,Parle Crackers 200g,82,4,24,39.00,29.90,23.3333,0,Veg,9,2026-05-30 01:02:26
1305,PRD01305,Catch Turmeric Powder 200g,30,3,30,194.00,144.01,25.7680,0,Veg,8,2026-05-30 01:02:26
1306,PRD01306,Lia Air Freshener Spray 250ml,162,6,49,290.00,243.38,16.0759,0,,6,2026-05-30 01:02:26
1307,PRD01307,Ariel Detergent Liquid 1L,109,6,31,290.00,226.44,21.9172,0,,4,2026-05-30 01:02:26
1308,PRD01308,Oreo Cream Biscuits 50g,169,4,24,54.00,40.44,25.1111,0,Veg,19,2026-05-30 01:02:26
1309,PRD01309,Ariel Detergent Liquid 2L,109,6,31,215.00,156.06,27.4140,0,,4,2026-05-30 01:02:26
1310,PRD01310,Godrej Yummiez French Fries 400g,11,5,26,120.00,102.58,14.5167,1,Veg,7,2026-05-30 01:02:26
1311,PRD01311,Catch Coriander Powder 200g,30,3,30,55.00,43.29,21.2909,0,Veg,5,2026-05-30 01:02:26
1312,PRD01312,Sanifresh Toilet Cleaner 500ml,96,6,36,260.00,207.76,20.0923,0,,5,2026-05-30 01:02:26
1313,PRD01313,Borges Olive Oil 1L,91,3,42,1525.00,1101.01,27.8026,0,Veg,4,2026-05-30 01:02:26
1314,PRD01314,Lia Air Freshener Spray 250ml,162,6,49,335.00,266.45,20.4627,0,,5,2026-05-30 01:02:26
1315,PRD01315,Local Cauliflower 500g,31,8,35,60.00,51.54,14.1000,1,Veg,10,2026-05-30 01:02:26
1316,PRD01316,Bikaji Bhujia 400g,108,4,21,255.00,165.79,34.9843,0,Veg,8,2026-05-30 01:02:26
1317,PRD01317,Farm Fresh Cauliflower 1kg,24,8,35,50.00,34.58,30.8400,1,Veg,6,2026-05-30 01:02:26
1318,PRD01318,Rajdhani Besan 500g,149,3,19,79.00,51.70,34.5570,0,Veg,4,2026-05-30 01:02:26
1319,PRD01319,Santoor Bar Soap 100g,138,1,27,34.00,24.31,28.5000,0,,10,2026-05-30 01:02:26
1320,PRD01320,Clinic Plus Shampoo 175ml,98,1,32,285.00,244.48,14.2175,0,,8,2026-05-30 01:02:26
1321,PRD01321,B Natural Apple Juice 200ml,116,7,47,65.00,47.60,26.7692,0,Veg,6,2026-05-30 01:02:26
1322,PRD01322,MDH Garam Masala 200g,18,3,30,260.00,208.45,19.8269,0,Veg,9,2026-05-30 01:02:26
1323,PRD01323,Haldiram's Bhujia 200g,6,4,21,94.00,80.12,14.7660,0,Veg,7,2026-05-30 01:02:26
1324,PRD01324,Premia Sooji 1kg,47,3,19,65.00,47.80,26.4615,0,Veg,6,2026-05-30 01:02:26
1325,PRD01325,Amul Cheese Slices 200g,7,2,43,160.00,124.44,22.2250,1,Veg,4,2026-05-30 01:02:26
1326,PRD01326,Real Mixed Fruit Juice 200ml,64,7,47,84.00,66.75,20.5357,0,Veg,4,2026-05-30 01:02:26
1327,PRD01327,Balaji Potato Chips 60g,89,4,21,75.00,62.32,16.9067,0,Veg,17,2026-05-30 01:02:26
1328,PRD01328,Tata Sampann Rajma 1kg,57,3,28,255.00,215.12,15.6392,0,Veg,6,2026-05-30 01:02:26
1329,PRD01329,Paper Boat Mixed Fruit Juice 1L,59,7,47,155.00,109.95,29.0645,0,Veg,8,2026-05-30 01:02:26
1330,PRD01330,Farm Fresh Cabbage 500g,24,8,35,34.00,23.95,29.5588,1,Veg,10,2026-05-30 01:02:26
1331,PRD01331,Odonil Air Freshener Gel 75g,73,6,49,80.00,57.60,28.0000,0,,4,2026-05-30 01:02:26
1332,PRD01332,Zorabian Mutton 1kg,75,5,38,1135.00,980.23,13.6361,1,Non-Veg,5,2026-05-30 01:02:26
1333,PRD01333,Ariel Detergent Liquid 500ml,109,6,31,195.00,142.71,26.8154,0,,4,2026-05-30 01:02:26
1334,PRD01334,Heritage Paneer 200g,3,2,43,455.00,384.21,15.5582,1,Veg,5,2026-05-30 01:02:26
1335,PRD01335,Local Orange 500g,31,8,37,154.00,119.08,22.6753,1,Veg,6,2026-05-30 01:02:26
1336,PRD01336,Vim Dishwash Liquid 750ml,10,6,25,255.00,193.00,24.3137,0,,5,2026-05-30 01:02:26
1337,PRD01337,Ghadi Detergent Powder 1kg,99,6,31,170.00,127.73,24.8647,0,,2,2026-05-30 01:02:26
1338,PRD01338,McCain French Fries 400g,90,5,26,170.00,120.36,29.2000,1,Veg,4,2026-05-30 01:02:26
1339,PRD01339,Axe Spray Deodorant 150ml,112,1,46,245.00,213.27,12.9510,0,,2,2026-05-30 01:02:26
1340,PRD01340,Amul Strawberry Ice Cream 100ml,7,5,23,269.00,181.04,32.6989,1,Veg,5,2026-05-30 01:02:26
1341,PRD01341,Bisleri Mineral Water 5L,170,7,50,44.00,35.27,19.8409,0,Veg,8,2026-05-30 01:02:26
1342,PRD01342,Amul Milk Chocolate 40g,7,4,34,245.00,176.93,27.7837,0,Veg,12,2026-05-30 01:02:26
1343,PRD01343,Red Label Black Tea 250g,55,7,39,425.00,314.26,26.0565,0,Veg,3,2026-05-30 01:02:26
1344,PRD01344,Figaro Olive Oil 1L,172,3,42,1789.00,1180.54,34.0112,0,Veg,4,2026-05-30 01:02:26
1345,PRD01345,ITC Master Chef Chicken Nuggets 400g,87,5,26,390.00,323.19,17.1308,1,Non-Veg,3,2026-05-30 01:02:26
1346,PRD01346,Surf Excel Detergent Liquid 2L,48,6,31,269.00,211.01,21.5576,0,,5,2026-05-30 01:02:26
1347,PRD01347,Fogg Spray Deodorant 220ml,56,1,46,395.00,334.35,15.3544,0,,4,2026-05-30 01:02:26
1348,PRD01348,Wagh Bakri Black Tea 500g,62,7,39,600.00,409.18,31.8033,0,Veg,8,2026-05-30 01:02:26
1349,PRD01349,Alpenliebe Toffees pack of 10,127,4,20,115.00,80.63,29.8870,0,Veg,8,2026-05-30 01:02:26
1350,PRD01350,Modern Buns pack of 6,17,2,22,30.00,20.19,32.7000,1,Veg,9,2026-05-30 01:02:26
1351,PRD01351,24 Mantra Rajma 1kg,13,3,28,129.00,104.21,19.2171,0,Veg,6,2026-05-30 01:02:26
1352,PRD01352,Local Orange 1kg,31,8,37,100.00,79.42,20.5800,1,Veg,8,2026-05-30 01:02:26
1353,PRD01353,Premium Imported Orange 500g,86,8,37,229.00,169.12,26.1485,1,Veg,9,2026-05-30 01:02:26
1354,PRD01354,Lays Potato Chips 30g,71,4,21,25.00,18.73,25.0800,0,Veg,8,2026-05-30 01:02:26
1355,PRD01355,Bertolli Olive Oil 500ml,175,3,42,850.00,662.60,22.0471,0,Veg,4,2026-05-30 01:02:26
1356,PRD01356,Harpic Toilet Cleaner 500ml,53,6,36,170.00,122.97,27.6647,0,,6,2026-05-30 01:02:26
1357,PRD01357,Local Tomato 1kg,31,8,35,35.00,29.25,16.4286,1,Veg,9,2026-05-30 01:02:26
1358,PRD01358,Exo Dishwash Bar 200g,94,6,25,24.00,16.47,31.3750,0,,4,2026-05-30 01:02:26
1359,PRD01359,Bailley Mineral Water 500ml,176,7,50,80.00,58.42,26.9750,0,Veg,5,2026-05-30 01:02:26
1360,PRD01360,Mother Dairy Paneer 200g,46,2,43,154.00,130.31,15.3831,1,Veg,4,2026-05-30 01:02:26
1361,PRD01361,Melody Toffees pack of 10,163,4,20,15.00,10.47,30.2000,0,Veg,9,2026-05-30 01:02:26
1362,PRD01362,Closeup Toothpaste 200g,84,1,16,170.00,116.42,31.5176,0,,9,2026-05-30 01:02:26
1363,PRD01363,Licious Mutton 1kg,32,5,38,559.00,451.69,19.1968,1,Non-Veg,2,2026-05-30 01:02:26
1364,PRD01364,Center Fresh Chewing Gum pack of 10,34,4,20,84.00,64.57,23.1310,0,Veg,12,2026-05-30 01:02:26
1365,PRD01365,Premia Chana Dal 2kg,47,3,28,355.00,309.81,12.7296,0,Veg,3,2026-05-30 01:02:26
1366,PRD01366,Bertolli Olive Oil 1L,175,3,42,1080.00,755.02,30.0907,0,Veg,3,2026-05-30 01:02:26
1367,PRD01367,Godrej Yummiez French Fries 750g,11,5,26,280.00,193.48,30.9000,1,Veg,8,2026-05-30 01:02:26
1368,PRD01368,Premium Bell Pepper 250g,36,8,40,114.00,78.24,31.3684,1,Veg,6,2026-05-30 01:02:26
1369,PRD01369,Society Black Tea 500g,115,7,39,454.00,389.14,14.2863,0,Veg,5,2026-05-30 01:02:26
1370,PRD01370,Happy Hens Brown Eggs pack of 10,52,5,45,224.00,157.58,29.6518,1,Non-Veg,5,2026-05-30 01:02:26
1371,PRD01371,Tide Detergent Bar pack of 6,104,6,31,95.00,72.04,24.1684,0,,8,2026-05-30 01:02:26
1372,PRD01372,Nivea Roll-on Deodorant 50ml,107,1,46,254.00,177.84,29.9843,0,,3,2026-05-30 01:02:26
1373,PRD01373,Tide Detergent Bar pack of 6,104,6,31,145.00,102.41,29.3724,0,,8,2026-05-30 01:02:26
1374,PRD01374,Farm Fresh Potato 500g,24,8,35,34.00,22.47,33.9118,1,Veg,4,2026-05-30 01:02:26
1375,PRD01375,All Out Mosquito Liquid refill,93,6,41,100.00,80.08,19.9200,0,,8,2026-05-30 01:02:26
1376,PRD01376,Dhara Mustard Oil 1L,155,3,42,1020.00,780.65,23.4657,0,Veg,2,2026-05-30 01:02:26
1377,PRD01377,Surf Excel Detergent Powder 1kg,48,6,31,415.00,292.81,29.4434,0,,2,2026-05-30 01:02:26
1378,PRD01378,Mazaa Orange Drink 2L,129,7,29,70.00,50.73,27.5286,0,Veg,6,2026-05-30 01:02:26
1379,PRD01379,Local Potato 2kg,31,8,35,114.00,85.84,24.7018,1,Veg,7,2026-05-30 01:02:26
1380,PRD01380,Keggs Brown Eggs pack of 10,63,5,45,150.00,107.91,28.0600,1,Non-Veg,6,2026-05-30 01:02:26
1381,PRD01381,Farm Fresh Apple 500g,24,8,37,270.00,225.62,16.4370,1,Veg,6,2026-05-30 01:02:26
1382,PRD01382,Imported Broccoli 500g,66,8,40,75.00,63.68,15.0933,1,Veg,3,2026-05-30 01:02:26
1383,PRD01383,Nihar Hair Oil 100ml,123,1,32,164.00,126.34,22.9634,0,,8,2026-05-30 01:02:26
1384,PRD01384,Aashirvaad Iodized Salt 500g,22,3,33,34.00,29.06,14.5294,0,Veg,7,2026-05-30 01:02:26
1385,PRD01385,Rajdhani Besan 1kg,149,3,19,75.00,53.31,28.9200,0,Veg,6,2026-05-30 01:02:26
1386,PRD01386,Fanta Orange Drink 250ml,15,7,29,125.00,99.75,20.2000,0,Veg,8,2026-05-30 01:02:26
1387,PRD01387,Haldiram's Khakra 200g,6,4,21,139.00,106.27,23.5468,0,Veg,7,2026-05-30 01:02:26
1388,PRD01388,Premium Zucchini 250g,36,8,40,149.00,104.42,29.9195,1,Veg,3,2026-05-30 01:02:26
1389,PRD01389,Local Banana 500g,31,8,37,40.00,29.67,25.8250,1,Veg,10,2026-05-30 01:02:26
1390,PRD01390,Britannia Butter 200g,8,2,43,109.00,88.46,18.8440,1,Veg,6,2026-05-30 01:02:26
1391,PRD01391,Mirinda Orange Drink 600ml,65,7,29,45.00,38.46,14.5333,0,Veg,4,2026-05-30 01:02:26
1392,PRD01392,Listerine Mouthwash 100ml,150,1,16,290.00,249.74,13.8828,0,,5,2026-05-30 01:02:26
1393,PRD01393,Premia Chana Dal 2kg,47,3,28,174.00,139.41,19.8793,0,Veg,5,2026-05-30 01:02:26
1394,PRD01394,All Out Mosquito Liquid refill,93,6,41,75.00,50.62,32.5067,0,,5,2026-05-30 01:02:26
1395,PRD01395,Wagh Bakri Masala Tea 500g,62,7,39,285.00,221.36,22.3298,0,Veg,3,2026-05-30 01:02:26
1396,PRD01396,Premia Chana Dal 2kg,47,3,28,155.00,130.53,15.7871,0,Veg,5,2026-05-30 01:02:26
1397,PRD01397,Dhara Groundnut Oil 1L,155,3,42,225.00,148.09,34.1822,0,Veg,4,2026-05-30 01:02:26
1398,PRD01398,Sanifresh Toilet Cleaner 1L,96,6,36,249.00,175.00,29.7189,0,,5,2026-05-30 01:02:26
1399,PRD01399,Imported Grapes 500g,66,8,37,214.00,183.66,14.1776,1,Veg,5,2026-05-30 01:02:26
1400,PRD01400,Tata Sampann Besan 500g,57,3,19,135.00,99.04,26.6370,0,Veg,8,2026-05-30 01:02:26
1401,PRD01401,Catch Iodized Salt 500g,30,3,33,40.00,30.72,23.2000,0,Veg,6,2026-05-30 01:02:26
1402,PRD01402,Limca Lemon Drink 2L,141,7,29,25.00,21.24,15.0400,0,Veg,8,2026-05-30 01:02:26
1403,PRD01403,Domex Floor Cleaner 1L,106,6,36,165.00,114.32,30.7152,0,,2,2026-05-30 01:02:26
1404,PRD01404,Fortune Moong Dal 2kg,4,3,28,305.00,258.42,15.2721,0,Veg,6,2026-05-30 01:02:26
1405,PRD01405,Kinley Mineral Water 500ml,135,7,50,50.00,37.46,25.0800,0,Veg,16,2026-05-30 01:02:26
1406,PRD01406,Himalaya Face Wash 150ml,45,1,17,95.00,62.40,34.3158,0,,5,2026-05-30 01:02:26
1407,PRD01407,Amul Cheese Block 200g,7,2,43,235.00,202.42,13.8638,1,Veg,3,2026-05-30 01:02:26
1408,PRD01408,India Gate Basmati Rice 25kg,58,3,44,1980.00,1430.25,27.7652,0,Veg,2,2026-05-30 01:02:26
1409,PRD01409,Sunfeast Crackers 100g,28,4,24,39.00,28.73,26.3333,0,Veg,10,2026-05-30 01:02:26
1410,PRD01410,Vim Dishwash Liquid 750ml,10,6,25,194.00,167.61,13.6031,0,,3,2026-05-30 01:02:26
1411,PRD01411,Tata Sampann Besan 1kg,57,3,19,69.00,56.18,18.5797,0,Veg,5,2026-05-30 01:02:26
1412,PRD01412,Britannia Pav pack of 6,8,2,22,40.00,27.55,31.1250,1,Veg,7,2026-05-30 01:02:26
1413,PRD01413,Godrej Yummiez Veg Cutlet 200g,11,5,26,159.00,106.89,32.7736,1,Veg,8,2026-05-30 01:02:26
1414,PRD01414,Baygon Mosquito Spray 200ml,37,6,41,215.00,171.13,20.4047,0,,6,2026-05-30 01:02:26
1415,PRD01415,Aquafina Mineral Water 5L,105,7,50,44.00,37.64,14.4545,0,Veg,14,2026-05-30 01:02:26
1416,PRD01416,Tide Detergent Liquid 500ml,104,6,31,314.00,241.75,23.0096,0,,6,2026-05-30 01:02:26
1417,PRD01417,MDH Coriander Powder 200g,18,3,30,234.00,155.52,33.5385,0,Veg,9,2026-05-30 01:02:26
1418,PRD01418,Happy Hens Brown Eggs pack of 6,52,5,45,260.00,197.90,23.8846,1,Non-Veg,8,2026-05-30 01:02:26
1419,PRD01419,Trust Sugar 500g,151,3,33,110.00,96.78,12.0182,0,Veg,5,2026-05-30 01:02:26
1420,PRD01420,Thums Up Cola 250ml,118,7,29,115.00,100.82,12.3304,0,Veg,8,2026-05-30 01:02:26
1421,PRD01421,McCain Veg Cutlet 400g,90,5,26,130.00,99.42,23.5231,1,Veg,7,2026-05-30 01:02:26
1422,PRD01422,Nihar Hair Oil 500ml,123,1,32,244.00,185.43,24.0041,0,,4,2026-05-30 01:02:26
1423,PRD01423,Kwality Walls Chocolate Ice Cream 500ml,9,5,23,314.00,233.69,25.5764,1,Veg,8,2026-05-30 01:02:26
1424,PRD01424,Lia Air Freshener Spray 250ml,162,6,49,290.00,201.87,30.3897,0,,4,2026-05-30 01:02:26
1425,PRD01425,Aashirvaad Chilli Powder 100g,22,3,30,225.00,189.86,15.6178,0,Veg,4,2026-05-30 01:02:26
1426,PRD01426,Happy Hens Country Eggs pack of 10,52,5,45,99.00,68.81,30.4949,1,Non-Veg,7,2026-05-30 01:02:26
1427,PRD01427,Tropicana Orange Juice 1L,110,7,47,59.00,45.78,22.4068,0,Veg,9,2026-05-30 01:02:26
1428,PRD01428,Kitkat Wafer Chocolate 18g,97,4,34,35.00,25.95,25.8571,0,Veg,18,2026-05-30 01:02:26
1429,PRD01429,Coca-Cola Cola 600ml,174,7,29,99.00,82.09,17.0808,0,Veg,15,2026-05-30 01:02:26
1430,PRD01430,Tata Rock Salt 1kg,177,3,33,120.00,99.48,17.1000,0,Veg,8,2026-05-30 01:02:26
1431,PRD01431,Gold Winner Groundnut Oil 1L,132,3,42,225.00,169.42,24.7022,0,Veg,3,2026-05-30 01:02:26
1432,PRD01432,Licious Mutton 500g,32,5,38,829.00,659.21,20.4813,1,Non-Veg,2,2026-05-30 01:02:26
1433,PRD01433,Imported Zucchini 250g,66,8,40,225.00,174.75,22.3333,1,Veg,3,2026-05-30 01:02:26
1434,PRD01434,Dhara Mustard Oil 500ml,155,3,42,725.00,621.96,14.2124,0,Veg,4,2026-05-30 01:02:26
1435,PRD01435,Amul Cheese Slices 200g,7,2,43,235.00,194.41,17.2723,1,Veg,9,2026-05-30 01:02:26
1436,PRD01436,Pepsodent Toothbrush pack of 4,1,1,16,80.00,62.15,22.3125,0,,6,2026-05-30 01:02:26
1437,PRD01437,Wheel Detergent Powder 2kg,19,6,31,459.00,381.69,16.8431,0,,5,2026-05-30 01:02:26
1438,PRD01438,Nescafe Instant Coffee 200g,68,7,48,275.00,221.72,19.3745,0,Veg,6,2026-05-30 01:02:26
1439,PRD01439,TRESemme Conditioner 340ml,40,1,32,115.00,75.30,34.5217,0,,8,2026-05-30 01:02:26
1440,PRD01440,Haldiram's Khakra 400g,6,4,21,160.00,121.81,23.8688,0,Veg,6,2026-05-30 01:02:26
1441,PRD01441,Sunsilk Conditioner 340ml,165,1,32,185.00,147.99,20.0054,0,,5,2026-05-30 01:02:26
1442,PRD01442,Dove Bar Soap 125g,67,1,27,30.00,23.16,22.8000,0,,13,2026-05-30 01:02:26
1443,PRD01443,Surf Excel Detergent Liquid 500ml,48,6,31,245.00,210.33,14.1510,0,,4,2026-05-30 01:02:26
1444,PRD01444,Colgate Plax Mouthwash 100ml,148,1,16,84.00,57.88,31.0952,0,,6,2026-05-30 01:02:26
1445,PRD01445,Organic India Green Tea 25 bags,157,7,39,490.00,379.64,22.5224,0,Veg,3,2026-05-30 01:02:26
1446,PRD01446,English Oven White Bread 700g,76,2,22,30.00,23.92,20.2667,1,Veg,10,2026-05-30 01:02:26
1447,PRD01447,Nestle Milk Chocolate 150g,50,4,34,50.00,39.05,21.9000,0,Veg,11,2026-05-30 01:02:26
1448,PRD01448,Bru Cold Coffee 200ml,130,7,48,65.00,50.62,22.1231,0,Veg,8,2026-05-30 01:02:26
1449,PRD01449,Amul Full Cream Milk 1L,7,2,18,84.00,63.94,23.8810,1,Veg,15,2026-05-30 01:02:26
1450,PRD01450,Mr. Muscle Glass Cleaner 1L,27,6,36,144.00,96.26,33.1528,0,,2,2026-05-30 01:02:26
1451,PRD01451,Vaseline Body Lotion 100ml,143,1,17,145.00,105.97,26.9172,0,,6,2026-05-30 01:02:26
1452,PRD01452,Sundrop Sunflower Oil 5L,142,3,42,475.00,358.19,24.5916,0,Veg,4,2026-05-30 01:02:26
1453,PRD01453,Exo Dishwash Bar 500g,94,6,25,85.00,55.35,34.8824,0,,11,2026-05-30 01:02:26
1454,PRD01454,Tata Sampann Urad Dal 500g,57,3,28,354.00,270.98,23.4520,0,Veg,3,2026-05-30 01:02:26
1455,PRD01455,Amul Cheese Slices 200g,7,2,43,164.00,111.06,32.2805,1,Veg,10,2026-05-30 01:02:26
1456,PRD01456,Borges Olive Oil 500ml,91,3,42,1565.00,1223.65,21.8115,0,Veg,4,2026-05-30 01:02:26
1457,PRD01457,Imported Zucchini 500g,66,8,40,224.00,182.37,18.5848,1,Veg,4,2026-05-30 01:02:26
1458,PRD01458,Farm Fresh Cabbage 500g,24,8,35,84.00,61.80,26.4286,1,Veg,5,2026-05-30 01:02:26
1459,PRD01459,Licious Fish 250g,32,5,38,515.00,374.68,27.2466,1,Non-Veg,3,2026-05-30 01:02:26
1460,PRD01460,Red Label Masala Tea 250g,55,7,39,345.00,298.46,13.4899,0,Veg,2,2026-05-30 01:02:26
1461,PRD01461,Balaji Mixture 400g,89,4,21,75.00,49.96,33.3867,0,Veg,4,2026-05-30 01:02:26
1462,PRD01462,Colin Glass Cleaner 1L,159,6,36,135.00,94.21,30.2148,0,,3,2026-05-30 01:02:26
1463,PRD01463,McCain French Fries 400g,90,5,26,200.00,162.06,18.9700,1,Veg,8,2026-05-30 01:02:26
1464,PRD01464,Lipton Green Tea 25 bags,178,7,39,155.00,134.16,13.4452,0,Veg,6,2026-05-30 01:02:26
1465,PRD01465,Gold Winner Groundnut Oil 500ml,132,3,42,1085.00,732.84,32.4571,0,Veg,2,2026-05-30 01:02:26
1466,PRD01466,Lotus Face Cream 200ml,14,1,17,235.00,185.03,21.2638,0,,2,2026-05-30 01:02:26
1467,PRD01467,Tide Detergent Bar pack of 6,104,6,31,174.00,121.58,30.1264,0,,5,2026-05-30 01:02:26
1468,PRD01468,Sanifresh Toilet Cleaner 500ml,96,6,36,195.00,141.61,27.3795,0,,3,2026-05-30 01:02:26
1469,PRD01469,Eggoz Country Eggs pack of 10,51,5,45,325.00,244.95,24.6308,1,Non-Veg,7,2026-05-30 01:02:26
1470,PRD01470,Catch Rock Salt 1kg,30,3,33,105.00,69.83,33.4952,0,Veg,8,2026-05-30 01:02:26
1471,PRD01471,TRESemme Conditioner 340ml,40,1,32,305.00,206.86,32.1770,0,,8,2026-05-30 01:02:26
1472,PRD01472,Tropicana Orange Juice 1L,110,7,47,59.00,46.91,20.4915,0,Veg,8,2026-05-30 01:02:26
1473,PRD01473,Lakme Face Cream 100ml,2,1,17,374.00,314.59,15.8850,0,,3,2026-05-30 01:02:26
1474,PRD01474,Sunfeast Crackers 100g,28,4,24,44.00,33.82,23.1364,0,Veg,7,2026-05-30 01:02:26
1475,PRD01475,Fortune Groundnut Oil 500ml,4,3,42,940.00,808.02,14.0404,0,Veg,2,2026-05-30 01:02:26
1476,PRD01476,Nescafe Cold Coffee 180ml,68,7,48,85.00,68.10,19.8824,0,Veg,7,2026-05-30 01:02:26
1477,PRD01477,Bru Instant Coffee 200g,130,7,48,240.00,162.34,32.3583,0,Veg,2,2026-05-30 01:02:26
1478,PRD01478,Tata Sampann Urad Dal 1kg,57,3,28,280.00,212.36,24.1571,0,Veg,6,2026-05-30 01:02:26
1479,PRD01479,Lakme Face Wash 100ml,2,1,17,174.00,118.59,31.8448,0,,7,2026-05-30 01:02:26
1480,PRD01480,Cadbury Dark Chocolate 150g,140,4,34,95.00,74.85,21.2105,0,Veg,7,2026-05-30 01:02:26
1481,PRD01481,Tata Sampann Besan 1kg,57,3,19,170.00,137.87,18.9000,0,Veg,8,2026-05-30 01:02:26
1482,PRD01482,Rexona Roll-on Deodorant 50ml,133,1,46,230.00,184.44,19.8087,0,,5,2026-05-30 01:02:26
1483,PRD01483,Farm Fresh Potato 1kg,24,8,35,20.00,15.54,22.3000,1,Veg,11,2026-05-30 01:02:26
1484,PRD01484,India Gate Basmati Rice 10kg,58,3,44,565.00,489.74,13.3204,0,Veg,4,2026-05-30 01:02:26
1485,PRD01485,Lipton Green Tea 100 bags,178,7,39,319.00,270.70,15.1411,0,Veg,6,2026-05-30 01:02:26
1486,PRD01486,Pril Dishwash Liquid 250ml,61,6,25,270.00,228.64,15.3185,0,,7,2026-05-30 01:02:26
1487,PRD01487,Alphonso Mango 1kg,126,8,37,324.00,246.63,23.8796,1,Veg,6,2026-05-30 01:02:26
1488,PRD01488,Premium Imported Apple 1kg,86,8,37,174.00,151.00,13.2184,1,Veg,3,2026-05-30 01:02:26
1489,PRD01489,Cadbury Milk Chocolate 18g,140,4,34,74.00,62.77,15.1757,0,Veg,7,2026-05-30 01:02:26
1490,PRD01490,Aashirvaad Whole Wheat Atta 10kg,22,3,19,615.00,442.82,27.9967,0,Veg,5,2026-05-30 01:02:26
1491,PRD01491,Too Yumm Potato Chips 60g,42,4,21,15.00,12.25,18.3333,0,Veg,15,2026-05-30 01:02:26
1492,PRD01492,Lays Potato Chips 90g,71,4,21,25.00,16.55,33.8000,0,Veg,8,2026-05-30 01:02:26
1493,PRD01493,Fortune Toor Dal 1kg,4,3,28,219.00,185.62,15.2420,0,Veg,4,2026-05-30 01:02:26
1494,PRD01494,Aashirvaad Rock Salt 1kg,22,3,33,49.00,35.27,28.0204,0,Veg,6,2026-05-30 01:02:26
1495,PRD01495,Fortune Whole Wheat Atta 10kg,4,3,19,105.00,83.20,20.7619,0,Veg,3,2026-05-30 01:02:26
1496,PRD01496,Tata Rock Salt 1kg,177,3,33,64.00,53.34,16.6563,0,Veg,5,2026-05-30 01:02:26
1497,PRD01497,Tide Detergent Liquid 1L,104,6,31,565.00,420.21,25.6265,0,,5,2026-05-30 01:02:26
1498,PRD01498,Lays Potato Chips 90g,71,4,21,84.00,69.64,17.0952,0,Veg,18,2026-05-30 01:02:26
1499,PRD01499,Tropicana Apple Juice 200ml,110,7,47,45.00,30.35,32.5556,0,Veg,10,2026-05-30 01:02:26
1500,PRD01500,Mr. Muscle Glass Cleaner 1L,27,6,36,145.00,120.31,17.0276,0,,6,2026-05-30 01:02:26
1501,PRD01501,Thums Up Cola 1.25L,118,7,29,110.00,89.25,18.8636,0,Veg,8,2026-05-30 01:02:26
1502,PRD01502,Cadbury Milk Chocolate 40g,140,4,34,169.00,132.35,21.6864,0,Veg,18,2026-05-30 01:02:26
1503,PRD01503,Colgate Toothpaste 200g,125,1,16,299.00,209.33,29.9900,0,,5,2026-05-30 01:02:26
1504,PRD01504,Rexona Roll-on Deodorant 50ml,133,1,46,244.00,204.46,16.2049,0,,2,2026-05-30 01:02:26
1505,PRD01505,Fortune Urad Dal 1kg,4,3,28,190.00,155.02,18.4105,0,Veg,2,2026-05-30 01:02:26
1506,PRD01506,Mortein Mosquito Coil pack of 10,119,6,41,154.00,122.20,20.6494,0,,6,2026-05-30 01:02:26
1507,PRD01507,Garnier Face Wash 100ml,179,1,17,235.00,206.03,12.3277,0,,2,2026-05-30 01:02:26
1508,PRD01508,Haldiram's Bhujia 400g,6,4,21,240.00,182.78,23.8417,0,Veg,4,2026-05-30 01:02:26
1509,PRD01509,Mysore Sandal Bar Soap 100g,158,1,27,174.00,148.62,14.5862,0,,5,2026-05-30 01:02:26
1510,PRD01510,Vim Dishwash Bar 500g,10,6,25,85.00,66.53,21.7294,0,,4,2026-05-30 01:02:26
1511,PRD01511,Unibic Cookies 100g,167,4,24,45.00,33.00,26.6667,0,Veg,9,2026-05-30 01:02:26
1512,PRD01512,Imported Broccoli 250g,66,8,40,114.00,99.88,12.3860,1,Veg,4,2026-05-30 01:02:26
1513,PRD01513,Amul Butter 100g,7,2,43,315.00,252.35,19.8889,1,Veg,3,2026-05-30 01:02:26
1514,PRD01514,Sumeru Fish 1kg,54,5,38,510.00,392.80,22.9804,1,Non-Veg,4,2026-05-30 01:02:26
1515,PRD01515,Daawat Basmati Rice 10kg,117,3,44,424.00,312.94,26.1934,0,Veg,2,2026-05-30 01:02:26
1516,PRD01516,Amul Buttermilk 500ml,7,2,18,29.00,25.21,13.0690,1,Veg,12,2026-05-30 01:02:26
1517,PRD01517,Mazaa Orange Drink 250ml,129,7,29,135.00,92.43,31.5333,0,Veg,12,2026-05-30 01:02:26
1518,PRD01518,Ponds Face Wash 50ml,137,1,17,330.00,228.40,30.7879,0,,6,2026-05-30 01:02:26
1519,PRD01519,Local Bell Pepper 250g,31,8,40,115.00,96.27,16.2870,1,Veg,6,2026-05-30 01:02:26
1520,PRD01520,Tide Detergent Powder 4kg,104,6,31,334.00,270.21,19.0988,0,,5,2026-05-30 01:02:26
1521,PRD01521,English Oven Brown Bread 400g,76,2,22,54.00,43.55,19.3519,1,Veg,3,2026-05-30 01:02:26
1522,PRD01522,McCain Veg Cutlet 200g,90,5,26,135.00,92.75,31.2963,1,Veg,8,2026-05-30 01:02:26
1523,PRD01523,Bru Cold Coffee 180ml,130,7,48,90.00,76.85,14.6111,0,Veg,8,2026-05-30 01:02:26
1524,PRD01524,Bailley Mineral Water 5L,176,7,50,80.00,56.80,29.0000,0,Veg,12,2026-05-30 01:02:26
1525,PRD01525,Tide Detergent Liquid 2L,104,6,31,119.00,92.70,22.1008,0,,2,2026-05-30 01:02:26
1526,PRD01526,Farm Fresh Potato 1kg,24,8,35,60.00,51.36,14.4000,1,Veg,12,2026-05-30 01:02:26
1527,PRD01527,Eggoz Brown Eggs pack of 10,51,5,45,244.00,196.38,19.5164,1,Non-Veg,4,2026-05-30 01:02:26
1528,PRD01528,Britannia Pav pack of 6,8,2,22,25.00,21.81,12.7600,1,Veg,6,2026-05-30 01:02:26
1529,PRD01529,Lia Air Freshener Spray 250ml,162,6,49,220.00,174.73,20.5773,0,,4,2026-05-30 01:02:26
1530,PRD01530,Fortune Sunflower Oil 500ml,4,3,42,910.00,734.59,19.2758,0,Veg,4,2026-05-30 01:02:26
1531,PRD01531,Aashirvaad Iodized Salt 500g,22,3,33,35.00,30.70,12.2857,0,Veg,8,2026-05-30 01:02:26
1532,PRD01532,Amul Full Cream Milk 1L,7,2,18,49.00,35.92,26.6939,1,Veg,15,2026-05-30 01:02:26
1533,PRD01533,Pril Dishwash Liquid 250ml,61,6,25,180.00,127.44,29.2000,0,,2,2026-05-30 01:02:26
1534,PRD01534,Britannia Cream Biscuits 50g,8,4,24,15.00,12.25,18.3333,0,Veg,9,2026-05-30 01:02:26
1535,PRD01535,Oreo Cream Biscuits 50g,169,4,24,49.00,36.80,24.8980,0,Veg,7,2026-05-30 01:02:26
1536,PRD01536,Britannia Pav pack of 12,8,2,22,45.00,35.31,21.5333,1,Veg,10,2026-05-30 01:02:26
1537,PRD01537,Sumeru Chicken Nuggets 400g,54,5,26,529.00,382.93,27.6125,1,Non-Veg,5,2026-05-30 01:02:26
1538,PRD01538,Too Yumm Potato Chips 90g,42,4,21,55.00,42.84,22.1091,0,Veg,9,2026-05-30 01:02:26
1539,PRD01539,Farm Fresh Potato 1kg,24,8,35,109.00,91.74,15.8349,1,Veg,6,2026-05-30 01:02:26
1540,PRD01540,Wheel Detergent Bar pack of 3,19,6,31,144.00,106.83,25.8125,0,,9,2026-05-30 01:02:26
1541,PRD01541,Amul Strawberry Ice Cream 1L,7,5,23,269.00,233.03,13.3717,1,Veg,7,2026-05-30 01:02:26
1542,PRD01542,Modern Buns pack of 12,17,2,22,75.00,52.25,30.3333,1,Veg,8,2026-05-30 01:02:26
1543,PRD01543,Tata Rock Salt 500g,177,3,33,64.00,55.10,13.9063,0,Veg,6,2026-05-30 01:02:26
1544,PRD01544,Fortune Toor Dal 1kg,4,3,28,290.00,201.89,30.3828,0,Veg,3,2026-05-30 01:02:26
1545,PRD01545,Dhara Sunflower Oil 500ml,155,3,42,795.00,525.30,33.9245,0,Veg,2,2026-05-30 01:02:26
1546,PRD01546,Amul Cheese Block 500g,7,2,43,495.00,344.93,30.3172,1,Veg,4,2026-05-30 01:02:26
1547,PRD01547,Exo Dishwash Liquid 750ml,94,6,25,160.00,116.71,27.0563,0,,2,2026-05-30 01:02:26
1548,PRD01548,Daawat Sona Masoori Rice 1kg,117,3,44,1340.00,1019.49,23.9187,0,Veg,5,2026-05-30 01:02:26
1549,PRD01549,Bajaj Almond Hair Oil 100ml,79,1,32,365.00,302.01,17.2575,0,,7,2026-05-30 01:02:26
1550,PRD01550,Mazaa Orange Drink 250ml,129,7,29,85.00,55.39,34.8353,0,Veg,6,2026-05-30 01:02:26
1551,PRD01551,Tide Detergent Liquid 2L,104,6,31,435.00,330.84,23.9448,0,,6,2026-05-30 01:02:26
1552,PRD01552,Amul Toned Milk 500ml,7,2,18,40.00,32.58,18.5500,1,Veg,15,2026-05-30 01:02:26
1553,PRD01553,McCain French Fries 400g,90,5,26,259.00,191.65,26.0039,1,Veg,7,2026-05-30 01:02:26
1554,PRD01554,Balaji Mixture 400g,89,4,21,165.00,126.13,23.5576,0,Veg,5,2026-05-30 01:02:26
1555,PRD01555,Mother Dairy Toned Milk 1L,46,2,18,75.00,57.81,22.9200,1,Veg,12,2026-05-30 01:02:26
1556,PRD01556,Palmolive Body Wash 500ml,43,1,27,370.00,284.80,23.0270,0,,6,2026-05-30 01:02:26
1557,PRD01557,Nivea Roll-on Deodorant 50ml,107,1,46,220.00,175.75,20.1136,0,,2,2026-05-30 01:02:26
1558,PRD01558,Dabur Amla Hair Oil 100ml,49,1,32,140.00,97.54,30.3286,0,,2,2026-05-30 01:02:26
1559,PRD01559,Red Label Black Tea 1kg,55,7,39,480.00,315.81,34.2063,0,Veg,3,2026-05-30 01:02:26
1560,PRD01560,Baygon Mosquito Spray 200ml,37,6,41,290.00,225.46,22.2552,0,,6,2026-05-30 01:02:26
1561,PRD01561,Mother Dairy Toned Milk 500ml,46,2,18,49.00,32.50,33.6735,1,Veg,8,2026-05-30 01:02:26
1562,PRD01562,Parle Cream Biscuits 200g,82,4,24,35.00,29.58,15.4857,0,Veg,12,2026-05-30 01:02:26
1563,PRD01563,Bikaji Bhujia 400g,108,4,21,64.00,54.86,14.2813,0,Veg,6,2026-05-30 01:02:26
1564,PRD01564,Britannia Cheese Block 200g,8,2,43,480.00,417.85,12.9479,1,Veg,7,2026-05-30 01:02:26
1565,PRD01565,Tata Rock Salt 1kg,177,3,33,144.00,110.93,22.9653,0,Veg,6,2026-05-30 01:02:26
1566,PRD01566,Licious Fish 500g,32,5,38,335.00,261.04,22.0776,1,Non-Veg,5,2026-05-30 01:02:26
1567,PRD01567,Sumeru Chicken 500g,54,5,38,544.00,431.71,20.6415,1,Non-Veg,4,2026-05-30 01:02:26
1568,PRD01568,Organic India Green Tea 25 bags,157,7,39,460.00,333.47,27.5065,0,Veg,3,2026-05-30 01:02:26
1569,PRD01569,Goodknight Mosquito Liquid 35ml,101,6,41,130.00,101.46,21.9538,0,,7,2026-05-30 01:02:26
1570,PRD01570,Pears Body Wash 250ml,20,1,27,130.00,108.68,16.4000,0,,7,2026-05-30 01:02:26
1571,PRD01571,Pepsi Cola 2L,69,7,29,34.00,29.63,12.8529,0,Veg,13,2026-05-30 01:02:26
1572,PRD01572,Savlon Hand Wash 750ml,180,1,27,205.00,175.84,14.2244,0,,10,2026-05-30 01:02:26
1573,PRD01573,24 Mantra Moong Dal 500g,13,3,28,165.00,139.73,15.3152,0,Veg,3,2026-05-30 01:02:26
1574,PRD01574,Heritage Full Cream Milk 1L,3,2,18,55.00,42.57,22.6000,1,Veg,9,2026-05-30 01:02:26
1575,PRD01575,Center Fresh Mints pack of 10,34,4,20,30.00,21.42,28.6000,0,Veg,16,2026-05-30 01:02:26
1576,PRD01576,Pillsbury Whole Wheat Atta 10kg,120,3,19,595.00,418.62,29.6437,0,Veg,4,2026-05-30 01:02:26
1577,PRD01577,Go Cheese Slices 100g,44,2,43,174.00,131.60,24.3678,1,Veg,5,2026-05-30 01:02:26
1578,PRD01578,Nivea Body Wash 250ml,107,1,27,420.00,356.23,15.1833,0,,4,2026-05-30 01:02:26
1579,PRD01579,Limca Lemon Drink 1.25L,141,7,29,50.00,37.89,24.2200,0,Veg,6,2026-05-30 01:02:26
1580,PRD01580,Heritage Full Cream Milk 500ml,3,2,18,75.00,55.08,26.5600,1,Veg,9,2026-05-30 01:02:26
1581,PRD01581,Happy Hens Brown Eggs pack of 6,52,5,45,199.00,170.44,14.3518,1,Non-Veg,4,2026-05-30 01:02:26
1582,PRD01582,Licious Fish 1kg,32,5,38,719.00,529.10,26.4117,1,Non-Veg,2,2026-05-30 01:02:26
1583,PRD01583,Real Mixed Fruit Juice 1L,64,7,47,95.00,66.14,30.3789,0,Veg,12,2026-05-30 01:02:26
1584,PRD01584,Nihar Hair Oil 200ml,123,1,32,100.00,77.46,22.5400,0,,6,2026-05-30 01:02:26
1585,PRD01585,7UP Lemon Drink 1.25L,114,7,29,24.00,17.91,25.3750,0,Veg,7,2026-05-30 01:02:26
1586,PRD01586,Aashirvaad Sooji 1kg,22,3,19,45.00,39.48,12.2667,0,Veg,3,2026-05-30 01:02:26
1587,PRD01587,Big Babol Chewing Gum pack of 10,121,4,20,35.00,25.18,28.0571,0,Veg,7,2026-05-30 01:02:26
1588,PRD01588,Unibic Cookies 100g,167,4,24,59.00,42.65,27.7119,0,Veg,9,2026-05-30 01:02:26
1589,PRD01589,24 Mantra Brown Rice 1kg,13,3,44,305.00,214.58,29.6459,0,Veg,4,2026-05-30 01:02:26
1590,PRD01590,McCain French Fries 750g,90,5,26,125.00,107.56,13.9520,1,Veg,4,2026-05-30 01:02:26
1591,PRD01591,Mr. Muscle Floor Cleaner 1L,27,6,36,145.00,112.81,22.2000,0,,3,2026-05-30 01:02:26
1592,PRD01592,Amul Paneer 500g,7,2,43,349.00,303.60,13.0086,1,Veg,3,2026-05-30 01:02:26
1593,PRD01593,Sunfeast Cream Biscuits 200g,28,4,24,75.00,61.62,17.8400,0,Veg,10,2026-05-30 01:02:26
1594,PRD01594,Tata Coffee Filter Coffee 500g,128,7,48,474.00,366.91,22.5928,0,Veg,2,2026-05-30 01:02:26
1595,PRD01595,Amul Strawberry Ice Cream 500ml,7,5,23,74.00,61.69,16.6351,1,Veg,2,2026-05-30 01:02:26
1596,PRD01596,Premium Imported Orange 500g,86,8,37,145.00,112.61,22.3379,1,Veg,6,2026-05-30 01:02:26
1597,PRD01597,Godrej Yummiez French Fries 400g,11,5,26,130.00,108.40,16.6154,1,Veg,8,2026-05-30 01:02:26
1598,PRD01598,Vim Dishwash Liquid 250ml,10,6,25,94.00,82.06,12.7021,0,,5,2026-05-30 01:02:26
1599,PRD01599,Pillsbury Maida 500g,120,3,19,70.00,55.16,21.2000,0,Veg,6,2026-05-30 01:02:26
1600,PRD01600,Himalaya Face Wash 100ml,45,1,17,294.00,216.31,26.4252,0,,7,2026-05-30 01:02:26
1601,PRD01601,Imported Zucchini 250g,66,8,40,125.00,106.64,14.6880,1,Veg,4,2026-05-30 01:02:26
1602,PRD01602,Alphonso Mango 1kg,126,8,37,415.00,273.70,34.0482,1,Veg,3,2026-05-30 01:02:26
1603,PRD01603,Eclairs Toffees jar,39,4,20,54.00,46.63,13.6481,0,Veg,12,2026-05-30 01:02:26
1604,PRD01604,Premia Toor Dal 500g,47,3,28,270.00,180.10,33.2963,0,Veg,2,2026-05-30 01:02:26
1605,PRD01605,Godrej Aer Air Freshener Gel 75g,70,6,49,189.00,137.73,27.1270,0,,4,2026-05-30 01:02:26
1606,PRD01606,Sundrop Sunflower Oil 500ml,142,3,42,684.00,519.33,24.0746,0,Veg,2,2026-05-30 01:02:26
1607,PRD01607,Cadbury Dark Chocolate 40g,140,4,34,54.00,40.31,25.3519,0,Veg,6,2026-05-30 01:02:26
1608,PRD01608,Farm Fresh Onion 1kg,24,8,35,30.00,23.95,20.1667,1,Veg,8,2026-05-30 01:02:26
1609,PRD01609,Vim Dishwash Powder 1kg,10,6,25,55.00,42.62,22.5091,0,,8,2026-05-30 01:02:26
1610,PRD01610,Farm Fresh Potato 2kg,24,8,35,129.00,112.87,12.5039,1,Veg,11,2026-05-30 01:02:26
1611,PRD01611,Mother Dairy Chocolate Ice Cream 1L,46,5,23,250.00,186.90,25.2400,1,Veg,2,2026-05-30 01:02:26
1612,PRD01612,Paper Boat Mixed Fruit Juice 200ml,59,7,47,94.00,71.58,23.8511,0,Veg,5,2026-05-30 01:02:26
1613,PRD01613,Fortune Besan 500g,4,3,19,70.00,56.31,19.5571,0,Veg,7,2026-05-30 01:02:26
1614,PRD01614,Local Cauliflower 1kg,31,8,35,90.00,74.11,17.6556,1,Veg,4,2026-05-30 01:02:26
1615,PRD01615,Pepsi Cola 600ml,69,7,29,64.00,46.38,27.5313,0,Veg,11,2026-05-30 01:02:26
1616,PRD01616,Society Black Tea 500g,115,7,39,324.00,249.34,23.0432,0,Veg,7,2026-05-30 01:02:26
1617,PRD01617,Godrej Yummiez Veg Nuggets 400g,11,5,26,215.00,154.53,28.1256,1,Veg,4,2026-05-30 01:02:26
1618,PRD01618,Go Cheese Block 500g,44,2,43,330.00,246.87,25.1909,1,Veg,8,2026-05-30 01:02:26
1619,PRD01619,Ponds Face Wash 150ml,137,1,17,125.00,99.92,20.0640,0,,8,2026-05-30 01:02:26
1620,PRD01620,Premium Imported Orange 500g,86,8,37,75.00,64.15,14.4667,1,Veg,6,2026-05-30 01:02:26
1621,PRD01621,Axe Spray Deodorant 220ml,112,1,46,205.00,177.69,13.3220,0,,6,2026-05-30 01:02:26
1622,PRD01622,India Gate Sona Masoori Rice 5kg,58,3,44,1785.00,1283.99,28.0678,0,Veg,4,2026-05-30 01:02:26
1623,PRD01623,Local Apple 1kg,31,8,37,315.00,251.47,20.1683,1,Veg,10,2026-05-30 01:02:26
1624,PRD01624,Heritage Buttermilk 1L,3,2,18,50.00,41.75,16.5000,1,Veg,10,2026-05-30 01:02:26
1625,PRD01625,Twinings Green Tea 100 bags,35,7,39,175.00,140.37,19.7886,0,Veg,4,2026-05-30 01:02:26
1626,PRD01626,Colin Glass Cleaner 1L,159,6,36,210.00,156.91,25.2810,0,,6,2026-05-30 01:02:26
1627,PRD01627,Tata Sampann Rajma 500g,57,3,28,210.00,180.22,14.1810,0,Veg,2,2026-05-30 01:02:26
1628,PRD01628,Induben Khakra 200g,134,4,21,75.00,53.87,28.1733,0,Veg,9,2026-05-30 01:02:26
1629,PRD01629,Modern White Bread 400g,17,2,22,60.00,50.63,15.6167,1,Veg,10,2026-05-30 01:02:26
1630,PRD01630,Axe Spray Deodorant 150ml,112,1,46,155.00,106.51,31.2839,0,,5,2026-05-30 01:02:26
1631,PRD01631,Sting Energy Drink 250ml,38,7,29,150.00,106.08,29.2800,0,Veg,9,2026-05-30 01:02:26
1632,PRD01632,Britannia Cream Biscuits 50g,8,4,24,65.00,50.85,21.7692,0,Veg,17,2026-05-30 01:02:26
1633,PRD01633,Farm Fresh Tomato 1kg,24,8,35,75.00,57.24,23.6800,1,Veg,11,2026-05-30 01:02:26
1634,PRD01634,Palmolive Body Wash 500ml,43,1,27,365.00,315.52,13.5562,0,,2,2026-05-30 01:02:26
1635,PRD01635,Pillsbury Maida 1kg,120,3,19,29.00,19.85,31.5517,0,Veg,7,2026-05-30 01:02:26
1636,PRD01636,Sumeru Chicken Nuggets 400g,54,5,26,299.00,195.40,34.6488,1,Non-Veg,3,2026-05-30 01:02:26
1637,PRD01637,Amul Toned Milk 200ml,7,2,18,44.00,38.09,13.4318,1,Veg,14,2026-05-30 01:02:26
1638,PRD01638,Annapurna Whole Wheat Atta 5kg,145,3,19,245.00,204.15,16.6735,0,Veg,4,2026-05-30 01:02:26
1639,PRD01639,Frooti Mango Juice 200ml,181,7,47,45.00,31.32,30.4000,0,Veg,4,2026-05-30 01:02:26
1640,PRD01640,Vadilal Strawberry Ice Cream 100ml,25,5,23,259.00,221.08,14.6409,1,Veg,5,2026-05-30 01:02:26
1641,PRD01641,Harpic Toilet Cleaner 500ml,53,6,36,65.00,56.69,12.7846,0,,5,2026-05-30 01:02:26
1642,PRD01642,Sting Energy Drink 500ml,38,7,29,69.00,45.94,33.4203,0,Veg,5,2026-05-30 01:02:26
1643,PRD01643,Farm Fresh Banana dozen,24,8,37,80.00,52.21,34.7375,1,Veg,12,2026-05-30 01:02:26
1644,PRD01644,Boomer Chewing Gum pack of 5,160,4,20,95.00,69.25,27.1053,0,Veg,24,2026-05-30 01:02:26
1645,PRD01645,Local Cauliflower 500g,31,8,35,85.00,64.95,23.5882,1,Veg,5,2026-05-30 01:02:26
1646,PRD01646,Licious Mutton 1kg,32,5,38,825.00,634.06,23.1442,1,Non-Veg,2,2026-05-30 01:02:26
1647,PRD01647,ITC Master Chef Veg Nuggets 200g,87,5,26,125.00,109.61,12.3120,1,Veg,4,2026-05-30 01:02:26
1648,PRD01648,Sting Energy Drink 330ml,38,7,29,180.00,127.98,28.9000,0,Veg,5,2026-05-30 01:02:26
1649,PRD01649,Kitkat Wafer Chocolate 18g,97,4,34,35.00,27.64,21.0286,0,Veg,19,2026-05-30 01:02:26
1650,PRD01650,Amul Cold Coffee 180ml,7,7,48,90.00,78.17,13.1444,0,Veg,10,2026-05-30 01:02:26
1651,PRD01651,Imported Broccoli 500g,66,8,40,214.00,163.50,23.5981,1,Veg,6,2026-05-30 01:02:26
1652,PRD01652,Local Apple 500g,31,8,37,235.00,180.68,23.1149,1,Veg,8,2026-05-30 01:02:26
1653,PRD01653,Suguna Regular Eggs pack of 30,83,5,45,275.00,183.17,33.3927,1,Non-Veg,8,2026-05-30 01:02:26
1654,PRD01654,Heritage Buttermilk 1L,3,2,18,39.00,27.04,30.6667,1,Veg,13,2026-05-30 01:02:26
1655,PRD01655,Fortune Mustard Oil 5L,4,3,42,819.00,596.62,27.1526,0,Veg,2,2026-05-30 01:02:26
1656,PRD01656,Imported Broccoli 250g,66,8,40,139.00,109.51,21.2158,1,Veg,5,2026-05-30 01:02:26
1657,PRD01657,Heritage Toned Milk 500ml,3,2,18,25.00,19.17,23.3200,1,Veg,8,2026-05-30 01:02:26
1658,PRD01658,Imported Zucchini 500g,66,8,40,214.00,166.94,21.9907,1,Veg,6,2026-05-30 01:02:26
1659,PRD01659,Garnier Face Wash 50ml,179,1,17,275.00,188.53,31.4436,0,,7,2026-05-30 01:02:26
1660,PRD01660,Pepsi Cola 250ml,69,7,29,94.00,78.69,16.2872,0,Veg,12,2026-05-30 01:02:26
1661,PRD01661,Ponds Body Lotion 200ml,137,1,17,505.00,397.86,21.2158,0,,4,2026-05-30 01:02:26
1662,PRD01662,Eggoz Regular Eggs pack of 30,51,5,45,225.00,155.45,30.9111,1,Non-Veg,3,2026-05-30 01:02:26
1663,PRD01663,Tide Detergent Powder 4kg,104,6,31,564.00,487.50,13.5638,0,,2,2026-05-30 01:02:26
1664,PRD01664,Ponds Face Wash 50ml,137,1,17,204.00,155.15,23.9461,0,,5,2026-05-30 01:02:26
1665,PRD01665,Parle Crackers 100g,82,4,24,75.00,57.60,23.2000,0,Veg,7,2026-05-30 01:02:26
1666,PRD01666,Harvest Gold Buns pack of 12,29,2,22,55.00,39.33,28.4909,1,Veg,4,2026-05-30 01:02:26
1667,PRD01667,Sanifresh Toilet Cleaner 1L,96,6,36,219.00,176.58,19.3699,0,,4,2026-05-30 01:02:26
1668,PRD01668,Dhara Groundnut Oil 1L,155,3,42,1220.00,902.26,26.0443,0,Veg,4,2026-05-30 01:02:26
1669,PRD01669,Vadilal Strawberry Ice Cream 100ml,25,5,23,165.00,129.37,21.5939,1,Veg,5,2026-05-30 01:02:26
1670,PRD01670,Fanta Orange Drink 250ml,15,7,29,95.00,78.61,17.2526,0,Veg,5,2026-05-30 01:02:26
1671,PRD01671,Maaza Mango Juice 200ml,182,7,47,120.00,80.52,32.9000,0,Veg,12,2026-05-30 01:02:26
1672,PRD01672,Parle Cream Biscuits 100g,82,4,24,10.00,6.67,33.3000,0,Veg,18,2026-05-30 01:02:26
1673,PRD01673,Eggoz Country Eggs pack of 6,51,5,45,249.00,216.75,12.9518,1,Non-Veg,3,2026-05-30 01:02:26
1674,PRD01674,Farm Fresh Cabbage 1kg,24,8,35,24.00,16.12,32.8333,1,Veg,3,2026-05-30 01:02:26
1675,PRD01675,Godrej Aer Air Freshener Gel 50g,70,6,49,109.00,95.15,12.7064,0,,6,2026-05-30 01:02:26
1676,PRD01676,Catch Iodized Salt 1kg,30,3,33,34.00,22.74,33.1176,0,Veg,5,2026-05-30 01:02:26
1677,PRD01677,Everest Chilli Powder 100g,80,3,30,50.00,39.78,20.4400,0,Veg,7,2026-05-30 01:02:26
1678,PRD01678,Cinthol Bar Soap 75g,183,1,27,179.00,137.16,23.3743,0,,5,2026-05-30 01:02:26
1679,PRD01679,Ponds Face Cream 50ml,137,1,17,319.00,274.81,13.8527,0,,2,2026-05-30 01:02:26
1680,PRD01680,Haldiram's Khakra 180g,6,4,21,69.00,59.74,13.4203,0,Veg,8,2026-05-30 01:02:26
1681,PRD01681,Farm Fresh Tomato 1kg,24,8,35,24.00,20.41,14.9583,1,Veg,6,2026-05-30 01:02:26
1682,PRD01682,Fortune Mustard Oil 5L,4,3,42,760.00,591.30,22.1974,0,Veg,2,2026-05-30 01:02:26
1683,PRD01683,Surf Excel Detergent Liquid 500ml,48,6,31,129.00,96.35,25.3101,0,,5,2026-05-30 01:02:26
1684,PRD01684,Premium Imported Apple 500g,86,8,37,235.00,174.85,25.5957,1,Veg,7,2026-05-30 01:02:26
1685,PRD01685,Go Cheese Slices 100g,44,2,43,170.00,132.65,21.9706,1,Veg,3,2026-05-30 01:02:26
1686,PRD01686,Amul Curd 1kg,7,2,18,74.00,64.60,12.7027,1,Veg,8,2026-05-30 01:02:26
1687,PRD01687,Sprite Lemon Drink 600ml,77,7,29,39.00,33.57,13.9231,0,Veg,13,2026-05-30 01:02:26
1688,PRD01688,Tata Sampann Rajma 1kg,57,3,28,145.00,96.06,33.7517,0,Veg,2,2026-05-30 01:02:26
1689,PRD01689,Kitkat Wafer Chocolate 18g,97,4,34,65.00,52.60,19.0769,0,Veg,8,2026-05-30 01:02:26
1690,PRD01690,Nivea Body Wash 500ml,107,1,27,254.00,209.78,17.4094,0,,6,2026-05-30 01:02:26
1691,PRD01691,Polo Mints pack of 5,72,4,20,65.00,53.59,17.5538,0,Veg,7,2026-05-30 01:02:26
1692,PRD01692,Slice Mango Juice 200ml,147,7,47,40.00,28.37,29.0750,0,Veg,8,2026-05-30 01:02:26
1693,PRD01693,Ambipur Air Freshener Spray 250ml,85,6,49,170.00,146.64,13.7412,0,,4,2026-05-30 01:02:26
1694,PRD01694,Local Cabbage 500g,31,8,35,25.00,21.43,14.2800,1,Veg,3,2026-05-30 01:02:26
1695,PRD01695,Lifebuoy Bar Soap 75g,12,1,27,80.00,52.72,34.1000,0,,7,2026-05-30 01:02:26
1696,PRD01696,Goodknight Mosquito Coil pack of 10,101,6,41,134.00,103.98,22.4030,0,,6,2026-05-30 01:02:26
1697,PRD01697,Local Tomato 500g,31,8,35,59.00,48.62,17.5932,1,Veg,7,2026-05-30 01:02:26
1698,PRD01698,Surf Excel Detergent Powder 4kg,48,6,31,760.00,572.25,24.7039,0,,5,2026-05-30 01:02:26
1699,PRD01699,Dettol Hand Wash 750ml,92,1,27,59.00,44.48,24.6102,0,,4,2026-05-30 01:02:26
1700,PRD01700,Ghadi Detergent Powder 4kg,99,6,31,624.00,538.73,13.6651,0,,4,2026-05-30 01:02:26
1701,PRD01701,Mother Dairy Full Cream Milk 500ml,46,2,18,60.00,47.18,21.3667,1,Veg,13,2026-05-30 01:02:26
1702,PRD01702,Mr. Muscle Glass Cleaner 500ml,27,6,36,100.00,67.24,32.7600,0,,4,2026-05-30 01:02:26
1703,PRD01703,Ambipur Air Freshener Spray 250ml,85,6,49,315.00,233.81,25.7746,0,,3,2026-05-30 01:02:26
1704,PRD01704,Bikaji Mixture 100g,108,4,21,145.00,108.66,25.0621,0,Veg,8,2026-05-30 01:02:26
1705,PRD01705,Axe Spray Deodorant 150ml,112,1,46,174.00,121.83,29.9828,0,,3,2026-05-30 01:02:26
1706,PRD01706,Kesar Mango 1kg,156,8,37,200.00,160.30,19.8500,1,Veg,9,2026-05-30 01:02:26
1707,PRD01707,Haldiram's Bhujia 200g,6,4,21,160.00,119.42,25.3625,0,Veg,8,2026-05-30 01:02:26
1708,PRD01708,Zorabian Chicken 250g,75,5,38,394.00,288.65,26.7386,1,Non-Veg,2,2026-05-30 01:02:26
1709,PRD01709,Twinings Green Tea 25 bags,35,7,39,375.00,274.42,26.8213,0,Veg,2,2026-05-30 01:02:26
1710,PRD01710,Local Grapes 500g,31,8,37,225.00,180.06,19.9733,1,Veg,4,2026-05-30 01:02:26
1711,PRD01711,Nescafe Instant Coffee 200g,68,7,48,289.00,237.07,17.9689,0,Veg,3,2026-05-30 01:02:26
1712,PRD01712,Premium Bell Pepper 250g,36,8,40,85.00,72.12,15.1529,1,Veg,6,2026-05-30 01:02:26
1713,PRD01713,Kwality Walls Chocolate Ice Cream 1L,9,5,23,415.00,317.75,23.4337,1,Veg,6,2026-05-30 01:02:26
1714,PRD01714,Minute Maid Orange Juice 200ml,173,7,47,30.00,20.66,31.1333,0,Veg,8,2026-05-30 01:02:26
1715,PRD01715,Local Potato 2kg,31,8,35,110.00,89.86,18.3091,1,Veg,7,2026-05-30 01:02:26
1716,PRD01716,McCain Veg Cutlet 200g,90,5,26,280.00,212.35,24.1607,1,Veg,2,2026-05-30 01:02:26
1717,PRD01717,Saffola Sunflower Oil 5L,102,3,42,675.00,457.94,32.1570,0,Veg,3,2026-05-30 01:02:26
1718,PRD01718,Minute Maid Orange Juice 200ml,173,7,47,60.00,42.92,28.4667,0,Veg,10,2026-05-30 01:02:26
1719,PRD01719,Dhara Groundnut Oil 1L,155,3,42,1199.00,984.21,17.9141,0,Veg,3,2026-05-30 01:02:26
1720,PRD01720,Local Grapes 1kg,31,8,37,249.00,197.80,20.5622,1,Veg,7,2026-05-30 01:02:26
1721,PRD01721,Cadbury Milk Chocolate 40g,140,4,34,225.00,149.41,33.5956,0,Veg,20,2026-05-30 01:02:26
1722,PRD01722,Farm Fresh Cauliflower 500g,24,8,35,79.00,67.43,14.6456,1,Veg,8,2026-05-30 01:02:26
1723,PRD01723,Premia Sooji 500g,47,3,19,40.00,30.33,24.1750,0,Veg,7,2026-05-30 01:02:26
1724,PRD01724,Local Bell Pepper 250g,31,8,40,154.00,111.83,27.3831,1,Veg,8,2026-05-30 01:02:26
1725,PRD01725,Unibic Cookies 500g,167,4,24,130.00,104.56,19.5692,0,Veg,15,2026-05-30 01:02:26
1726,PRD01726,Tetley Green Tea 100 bags,161,7,39,415.00,323.18,22.1253,0,Veg,8,2026-05-30 01:02:26
1727,PRD01727,Colin Glass Cleaner 1L,159,6,36,104.00,75.59,27.3173,0,,3,2026-05-30 01:02:26
1728,PRD01728,Wild Stone Spray Deodorant 150ml,146,1,46,244.00,177.74,27.1557,0,,6,2026-05-30 01:02:26
1729,PRD01729,Balaji Potato Chips 90g,89,4,21,94.00,72.88,22.4681,0,Veg,10,2026-05-30 01:02:26
1730,PRD01730,Tata Rock Salt 500g,177,3,33,159.00,110.10,30.7547,0,Veg,3,2026-05-30 01:02:26
1731,PRD01731,Premia Chana Dal 1kg,47,3,28,249.00,182.64,26.6506,0,Veg,6,2026-05-30 01:02:26
1732,PRD01732,Colgate Toothbrush pack of 2,125,1,16,234.00,184.46,21.1709,0,,9,2026-05-30 01:02:26
1733,PRD01733,TRESemme Conditioner 80ml,40,1,32,259.00,170.04,34.3475,0,,2,2026-05-30 01:02:26
1734,PRD01734,Happy Hens Country Eggs pack of 10,52,5,45,310.00,268.19,13.4871,1,Non-Veg,6,2026-05-30 01:02:26
1735,PRD01735,7UP Lemon Drink 1.25L,114,7,29,109.00,82.08,24.6972,0,Veg,13,2026-05-30 01:02:26
1736,PRD01736,Local Banana dozen,31,8,37,39.00,30.35,22.1795,1,Veg,12,2026-05-30 01:02:26
1737,PRD01737,Pepsi Cola 250ml,69,7,29,114.00,93.80,17.7193,0,Veg,12,2026-05-30 01:02:26
1738,PRD01738,Nestle a+ Curd 200g,154,2,18,40.00,32.67,18.3250,1,Veg,11,2026-05-30 01:02:26
1739,PRD01739,Farm Fresh Cauliflower 500g,24,8,35,75.00,56.11,25.1867,1,Veg,8,2026-05-30 01:02:26
1740,PRD01740,Britannia Cheese Slices 100g,8,2,43,225.00,192.67,14.3689,1,Veg,7,2026-05-30 01:02:26
1741,PRD01741,Cadbury Milk Chocolate 150g,140,4,34,194.00,170.42,12.1546,0,Veg,17,2026-05-30 01:02:26
1742,PRD01742,Aashirvaad Rock Salt 1kg,22,3,33,104.00,83.52,19.6923,0,Veg,4,2026-05-30 01:02:26
1743,PRD01743,Balaji Mixture 200g,89,4,21,124.00,90.22,27.2419,0,Veg,9,2026-05-30 01:02:26
1744,PRD01744,Mother Dairy Vanilla Ice Cream 1L,46,5,23,280.00,201.56,28.0143,1,Veg,5,2026-05-30 01:02:26
1745,PRD01745,Godrej Yummiez Veg Cutlet 400g,11,5,26,245.00,189.15,22.7959,1,Veg,4,2026-05-30 01:02:26
1746,PRD01746,Mortein Mosquito Coil pack of 12,119,6,41,65.00,49.16,24.3692,0,,7,2026-05-30 01:02:26
1747,PRD01747,Dettol Hand Wash 250ml,92,1,27,250.00,199.21,20.3160,0,,8,2026-05-30 01:02:26
1748,PRD01748,Rexona Roll-on Deodorant 50ml,133,1,46,199.00,145.39,26.9397,0,,6,2026-05-30 01:02:26
1749,PRD01749,Coca-Cola Cola 2L,174,7,29,115.00,82.55,28.2174,0,Veg,13,2026-05-30 01:02:26
1750,PRD01750,Modern Buns pack of 6,17,2,22,70.00,55.28,21.0286,1,Veg,5,2026-05-30 01:02:26
1751,PRD01751,Lia Air Freshener Spray 250ml,162,6,49,315.00,243.56,22.6794,0,,6,2026-05-30 01:02:26
1752,PRD01752,Tata Sampann Besan 500g,57,3,19,125.00,94.29,24.5680,0,Veg,3,2026-05-30 01:02:26
1753,PRD01753,Britannia Digestive 500g,8,4,24,80.00,55.93,30.0875,0,Veg,7,2026-05-30 01:02:26
1754,PRD01754,Nivea Face Cream 200ml,107,1,17,750.00,579.63,22.7160,0,,2,2026-05-30 01:02:26
1755,PRD01755,Amul Full Cream Milk 1L,7,2,18,35.00,29.06,16.9714,1,Veg,5,2026-05-30 01:02:26
1756,PRD01756,Licious Chicken 500g,32,5,38,220.00,173.90,20.9545,1,Non-Veg,4,2026-05-30 01:02:26
1757,PRD01757,Fortune Sooji 1kg,4,3,19,50.00,37.63,24.7400,0,Veg,7,2026-05-30 01:02:26
1758,PRD01758,Heritage Toned Milk 1L,3,2,18,35.00,22.80,34.8571,1,Veg,9,2026-05-30 01:02:26
1759,PRD01759,Lux Bar Soap 100g,144,1,27,150.00,124.69,16.8733,0,,13,2026-05-30 01:02:26
1760,PRD01760,Ariel Detergent Powder 500g,109,6,31,730.00,607.74,16.7479,0,,2,2026-05-30 01:02:26
1761,PRD01761,Modern Buns pack of 12,17,2,22,74.00,57.93,21.7162,1,Veg,4,2026-05-30 01:02:26
1762,PRD01762,Lifebuoy Hand Wash 250ml,12,1,27,154.00,105.06,31.7792,0,,9,2026-05-30 01:02:26
1763,PRD01763,Amul Chocolate Ice Cream 1L,7,5,23,395.00,304.06,23.0228,1,Veg,2,2026-05-30 01:02:26
1764,PRD01764,Center Fresh Mints pack of 5,34,4,20,45.00,31.11,30.8667,0,Veg,15,2026-05-30 01:02:26
1765,PRD01765,McCain French Fries 750g,90,5,26,129.00,104.48,19.0078,1,Veg,3,2026-05-30 01:02:26
1766,PRD01766,Catch Garam Masala 200g,30,3,30,155.00,122.03,21.2710,0,Veg,6,2026-05-30 01:02:26
1767,PRD01767,Kwality Walls Vanilla Ice Cream 100ml,9,5,23,324.00,237.33,26.7500,1,Veg,4,2026-05-30 01:02:26
1768,PRD01768,Britannia Butter 100g,8,2,43,124.00,82.29,33.6371,1,Veg,9,2026-05-30 01:02:26
1769,PRD01769,Set Wet Spray Deodorant 220ml,184,1,46,204.00,139.08,31.8235,0,,6,2026-05-30 01:02:26
1770,PRD01770,Coca-Cola Cola 600ml,174,7,29,35.00,24.45,30.1429,0,Veg,9,2026-05-30 01:02:26
1771,PRD01771,All Out Mosquito Liquid 35ml,93,6,41,140.00,101.54,27.4714,0,,5,2026-05-30 01:02:26
1772,PRD01772,Bru Filter Coffee 200g,130,7,48,410.00,344.18,16.0537,0,Veg,3,2026-05-30 01:02:26
1773,PRD01773,Real Orange Juice 200ml,64,7,47,144.00,103.58,28.0694,0,Veg,4,2026-05-30 01:02:26
1774,PRD01774,Nestle a+ Toned Milk 1L,154,2,18,60.00,45.39,24.3500,1,Veg,9,2026-05-30 01:02:26
1775,PRD01775,Sumeru Fish 250g,54,5,38,774.00,550.77,28.8411,1,Non-Veg,5,2026-05-30 01:02:26
1776,PRD01776,Tata Coffee Filter Coffee 200g,128,7,48,550.00,369.75,32.7727,0,Veg,4,2026-05-30 01:02:26
1777,PRD01777,Goodknight Mosquito Liquid 35ml,101,6,41,270.00,214.65,20.5000,0,,4,2026-05-30 01:02:26
1778,PRD01778,Big Babol Chewing Gum pack of 10,121,4,20,10.00,7.03,29.7000,0,Veg,12,2026-05-30 01:02:26
1779,PRD01779,Fortune Groundnut Oil 500ml,4,3,42,319.00,217.48,31.8245,0,Veg,2,2026-05-30 01:02:26
1780,PRD01780,Kwality Walls Chocolate Ice Cream 1L,9,5,23,99.00,72.39,26.8788,1,Veg,5,2026-05-30 01:02:26
1781,PRD01781,Real Orange Juice 1L,64,7,47,65.00,55.21,15.0615,0,Veg,4,2026-05-30 01:02:26
1782,PRD01782,Bingo Potato Chips 90g,164,4,21,49.00,35.71,27.1224,0,Veg,9,2026-05-30 01:02:26
1783,PRD01783,Zorabian Mutton 500g,75,5,38,910.00,592.33,34.9088,1,Non-Veg,4,2026-05-30 01:02:26
1784,PRD01784,Annapurna Whole Wheat Atta 1kg,145,3,19,70.00,52.20,25.4286,0,Veg,4,2026-05-30 01:02:26
1785,PRD01785,Local Potato 1kg,31,8,35,120.00,93.31,22.2417,1,Veg,7,2026-05-30 01:02:26
1786,PRD01786,Fortune Maida 1kg,4,3,19,74.00,49.49,33.1216,0,Veg,6,2026-05-30 01:02:26
1787,PRD01787,Rin Detergent Bar pack of 3,103,6,31,150.00,130.09,13.2733,0,,3,2026-05-30 01:02:26
1788,PRD01788,Mentos Mints pack of 10,5,4,20,80.00,67.27,15.9125,0,Veg,18,2026-05-30 01:02:26
1789,PRD01789,Dhara Sunflower Oil 1L,155,3,42,1100.00,743.21,32.4355,0,Veg,4,2026-05-30 01:02:26
1790,PRD01790,Farm Fresh Cauliflower 500g,24,8,35,35.00,26.20,25.1429,1,Veg,6,2026-05-30 01:02:26
1791,PRD01791,Everest Coriander Powder 100g,80,3,30,230.00,178.34,22.4609,0,Veg,3,2026-05-30 01:02:26
1792,PRD01792,Aashirvaad Whole Wheat Atta 5kg,22,3,19,505.00,404.68,19.8653,0,Veg,4,2026-05-30 01:02:26
1793,PRD01793,7UP Lemon Drink 600ml,114,7,29,130.00,113.87,12.4077,0,Veg,11,2026-05-30 01:02:26
1794,PRD01794,Colin Glass Cleaner 500ml,159,6,36,195.00,146.24,25.0051,0,,5,2026-05-30 01:02:26
1795,PRD01795,Harpic Toilet Cleaner 1L,53,6,36,95.00,73.46,22.6737,0,,5,2026-05-30 01:02:26
1796,PRD01796,Fortune Whole Wheat Atta 5kg,4,3,19,354.00,251.59,28.9294,0,Veg,3,2026-05-30 01:02:26
1797,PRD01797,Colgate Toothpaste 200g,125,1,16,240.00,201.31,16.1208,0,,9,2026-05-30 01:02:26
1798,PRD01798,Happy Hens Country Eggs pack of 6,52,5,45,129.00,110.57,14.2868,1,Non-Veg,3,2026-05-30 01:02:26
1799,PRD01799,Annapurna Whole Wheat Atta 1kg,145,3,19,280.00,235.60,15.8571,0,Veg,2,2026-05-30 01:02:26
1800,PRD01800,Farm Fresh Cauliflower 500g,24,8,35,50.00,39.61,20.7800,1,Veg,3,2026-05-30 01:02:26
1801,PRD01801,Perk Wafer Chocolate 40g,185,4,34,30.00,21.12,29.6000,0,Veg,12,2026-05-30 01:02:26
1802,PRD01802,Local Cauliflower 500g,31,8,35,59.00,39.86,32.4407,1,Veg,8,2026-05-30 01:02:26
1803,PRD01803,Everest Coriander Powder 500g,80,3,30,220.00,177.44,19.3455,0,Veg,9,2026-05-30 01:02:26
1804,PRD01804,Heritage Buttermilk 200ml,3,2,18,45.00,36.27,19.4000,1,Veg,15,2026-05-30 01:02:26
1805,PRD01805,Ariel Detergent Powder 4kg,109,6,31,674.00,548.01,18.6929,0,,3,2026-05-30 01:02:26
1806,PRD01806,Nihar Hair Oil 100ml,123,1,32,170.00,145.31,14.5235,0,,2,2026-05-30 01:02:26
1807,PRD01807,Banganapalli Mango 2kg,131,8,37,180.00,147.93,17.8167,1,Veg,9,2026-05-30 01:02:26
1808,PRD01808,Coca-Cola Cola 2L,174,7,29,89.00,71.48,19.6854,0,Veg,13,2026-05-30 01:02:26
1809,PRD01809,Nivea Body Wash 250ml,107,1,27,185.00,155.66,15.8595,0,,5,2026-05-30 01:02:26
1810,PRD01810,Real Apple Juice 200ml,64,7,47,94.00,72.71,22.6489,0,Veg,6,2026-05-30 01:02:26
1811,PRD01811,Alpenliebe Toffees pack of 10,127,4,20,25.00,21.68,13.2800,0,Veg,29,2026-05-30 01:02:26
1812,PRD01812,Lotus Face Cream 100ml,14,1,17,295.00,219.32,25.6542,0,,3,2026-05-30 01:02:26
1813,PRD01813,Fortune Moong Dal 2kg,4,3,28,370.00,316.52,14.4541,0,Veg,6,2026-05-30 01:02:26
1814,PRD01814,Tata Tea Black Tea 250g,100,7,39,649.00,551.96,14.9522,0,Veg,2,2026-05-30 01:02:26
1815,PRD01815,Ghadi Detergent Powder 4kg,99,6,31,685.00,576.52,15.8365,0,,2,2026-05-30 01:02:26
1816,PRD01816,Dove Body Lotion 200ml,67,1,17,190.00,127.24,33.0316,0,,6,2026-05-30 01:02:26
1817,PRD01817,Tropicana Mixed Fruit Juice 200ml,110,7,47,110.00,96.55,12.2273,0,Veg,9,2026-05-30 01:02:26
1818,PRD01818,Farm Fresh Onion 1kg,24,8,35,90.00,72.74,19.1778,1,Veg,5,2026-05-30 01:02:26
1819,PRD01819,Goodknight Mosquito Liquid 45ml,101,6,41,265.00,220.24,16.8906,0,,4,2026-05-30 01:02:26
1820,PRD01820,Licious Chicken 500g,32,5,38,605.00,493.22,18.4760,1,Non-Veg,4,2026-05-30 01:02:26
1821,PRD01821,Vadilal Chocolate Ice Cream 1L,25,5,23,615.00,522.63,15.0195,1,Veg,4,2026-05-30 01:02:26
1822,PRD01822,Heritage Full Cream Milk 500ml,3,2,18,54.00,40.94,24.1852,1,Veg,6,2026-05-30 01:02:26
1823,PRD01823,Amul Cold Coffee 180ml,7,7,48,80.00,60.04,24.9500,0,Veg,4,2026-05-30 01:02:26
1824,PRD01824,Vadilal Chocolate Ice Cream 1L,25,5,23,520.00,354.41,31.8442,1,Veg,7,2026-05-30 01:02:26
1825,PRD01825,Keggs Brown Eggs pack of 6,63,5,45,245.00,186.69,23.8000,1,Non-Veg,3,2026-05-30 01:02:26
1826,PRD01826,Organic India Green Tea 100 bags,157,7,39,474.00,345.55,27.0992,0,Veg,2,2026-05-30 01:02:26
1827,PRD01827,Heritage Buttermilk 200ml,3,2,18,35.00,29.58,15.4857,1,Veg,11,2026-05-30 01:02:26
1828,PRD01828,Fortune Besan 1kg,4,3,19,125.00,85.47,31.6240,0,Veg,3,2026-05-30 01:02:26
1829,PRD01829,McVitie's Digestive 250g,113,4,24,115.00,91.81,20.1652,0,Veg,9,2026-05-30 01:02:26
1830,PRD01830,Amul Cheese Block 200g,7,2,43,265.00,232.28,12.3472,1,Veg,8,2026-05-30 01:02:26
1831,PRD01831,Fortune Basmati Rice 1kg,4,3,44,1910.00,1459.13,23.6058,0,Veg,5,2026-05-30 01:02:26
1832,PRD01832,Lays Potato Chips 150g,71,4,21,69.00,49.55,28.1884,0,Veg,20,2026-05-30 01:02:26
1833,PRD01833,Ghadi Detergent Powder 2kg,99,6,31,385.00,326.76,15.1273,0,,5,2026-05-30 01:02:26
1834,PRD01834,Local Potato 2kg,31,8,35,85.00,65.37,23.0941,1,Veg,5,2026-05-30 01:02:26
1835,PRD01835,Pears Bar Soap 100g,20,1,27,90.00,77.41,13.9889,0,,17,2026-05-30 01:02:26
1836,PRD01836,Parachute Hair Oil 200ml,60,1,32,160.00,133.07,16.8313,0,,8,2026-05-30 01:02:26
1837,PRD01837,Happy Hens Brown Eggs pack of 10,52,5,45,120.00,98.66,17.7833,1,Non-Veg,8,2026-05-30 01:02:26
1838,PRD01838,Happy Hens Brown Eggs pack of 10,52,5,45,119.00,93.60,21.3445,1,Non-Veg,7,2026-05-30 01:02:26
1839,PRD01839,Vim Dishwash Bar 200g,10,6,25,25.00,19.06,23.7600,0,,6,2026-05-30 01:02:26
1840,PRD01840,Nescafe Instant Coffee 50g,68,7,48,470.00,408.83,13.0149,0,Veg,3,2026-05-30 01:02:26
1841,PRD01841,Imported Broccoli 500g,66,8,40,120.00,90.34,24.7167,1,Veg,7,2026-05-30 01:02:26
1842,PRD01842,Exo Dishwash Bar 500g,94,6,25,85.00,71.79,15.5412,0,,10,2026-05-30 01:02:26
1843,PRD01843,Colin Glass Cleaner 500ml,159,6,36,155.00,117.19,24.3935,0,,3,2026-05-30 01:02:26
1844,PRD01844,Bikaji Bhujia 200g,108,4,21,270.00,196.00,27.4074,0,Veg,6,2026-05-30 01:02:26
1845,PRD01845,Red Label Masala Tea 250g,55,7,39,409.00,343.81,15.9389,0,Veg,3,2026-05-30 01:02:26
1846,PRD01846,Pepsodent Toothpaste 50g,1,1,16,304.00,236.62,22.1645,0,,5,2026-05-30 01:02:26
1847,PRD01847,McVitie's Cookies 100g,113,4,24,60.00,45.48,24.2000,0,Veg,13,2026-05-30 01:02:26
1848,PRD01848,Nestle Milk Chocolate 80g,50,4,34,155.00,101.03,34.8194,0,Veg,20,2026-05-30 01:02:26
1849,PRD01849,Mr. Muscle Glass Cleaner 1L,27,6,36,179.00,130.33,27.1899,0,,6,2026-05-30 01:02:26
1850,PRD01850,Twinings Green Tea 100 bags,35,7,39,274.00,231.08,15.6642,0,Veg,4,2026-05-30 01:02:26
1851,PRD01851,MDH Garam Masala 100g,18,3,30,89.00,63.55,28.5955,0,Veg,7,2026-05-30 01:02:26
1852,PRD01852,Nivea Roll-on Deodorant 50ml,107,1,46,269.00,209.75,22.0260,0,,6,2026-05-30 01:02:26
1853,PRD01853,Dabur Amla Hair Oil 200ml,49,1,32,184.00,149.57,18.7120,0,,6,2026-05-30 01:02:26
1854,PRD01854,Imported Broccoli 500g,66,8,40,190.00,145.55,23.3947,1,Veg,4,2026-05-30 01:02:26
1855,PRD01855,Fortune Groundnut Oil 500ml,4,3,42,660.00,571.93,13.3439,0,Veg,4,2026-05-30 01:02:26
1856,PRD01856,McVitie's Cookies 100g,113,4,24,219.00,191.45,12.5799,0,Veg,13,2026-05-30 01:02:26
1857,PRD01857,Tetley Green Tea 100 bags,161,7,39,199.00,156.27,21.4724,0,Veg,8,2026-05-30 01:02:26
1858,PRD01858,Colgate Toothpaste 200g,125,1,16,294.00,250.43,14.8197,0,,9,2026-05-30 01:02:26
1859,PRD01859,Britannia Pav pack of 12,8,2,22,40.00,33.31,16.7250,1,Veg,8,2026-05-30 01:02:26
1860,PRD01860,MDH Garam Masala 200g,18,3,30,300.00,228.09,23.9700,0,Veg,4,2026-05-30 01:02:26
1861,PRD01861,Premium Broccoli 500g,36,8,40,189.00,131.09,30.6402,1,Veg,8,2026-05-30 01:02:26
1862,PRD01862,McVitie's Cookies 100g,113,4,24,90.00,72.59,19.3444,0,Veg,3,2026-05-30 01:02:26
1863,PRD01863,Twinings Green Tea 100 bags,35,7,39,400.00,337.24,15.6900,0,Veg,7,2026-05-30 01:02:26
1864,PRD01864,Premia Sooji 1kg,47,3,19,79.00,55.57,29.6582,0,Veg,8,2026-05-30 01:02:26
1865,PRD01865,Farm Fresh Tomato 500g,24,8,35,35.00,30.35,13.2857,1,Veg,3,2026-05-30 01:02:26
1866,PRD01866,Premia Chana Dal 1kg,47,3,28,155.00,106.04,31.5871,0,Veg,2,2026-05-30 01:02:26
1867,PRD01867,Colin Glass Cleaner 500ml,159,6,36,160.00,112.46,29.7125,0,,6,2026-05-30 01:02:26
1868,PRD01868,Amul Butter 500g,7,2,43,205.00,140.15,31.6341,1,Veg,6,2026-05-30 01:02:26
1869,PRD01869,Vim Dishwash Liquid 500ml,10,6,25,89.00,64.70,27.3034,0,,3,2026-05-30 01:02:26
1870,PRD01870,Imported Grapes 1kg,66,8,37,130.00,94.54,27.2769,1,Veg,5,2026-05-30 01:02:26
1871,PRD01871,Mother Dairy Full Cream Milk 500ml,46,2,18,55.00,38.52,29.9636,1,Veg,12,2026-05-30 01:02:26
1872,PRD01872,Mother Dairy Paneer 200g,46,2,43,279.00,213.88,23.3405,1,Veg,5,2026-05-30 01:02:26
1873,PRD01873,Parachute Hair Oil 100ml,60,1,32,85.00,69.47,18.2706,0,,7,2026-05-30 01:02:26
1874,PRD01874,Farm Fresh Onion 1kg,24,8,35,115.00,89.00,22.6087,1,Veg,9,2026-05-30 01:02:26
1875,PRD01875,Rexona Roll-on Deodorant 50ml,133,1,46,285.00,220.77,22.5368,0,,5,2026-05-30 01:02:26
1876,PRD01876,Tata Salt Iodized Salt 500g,26,3,33,29.00,19.74,31.9310,0,Veg,5,2026-05-30 01:02:26
1877,PRD01877,Zorabian Mutton 500g,75,5,38,1055.00,879.20,16.6635,1,Non-Veg,4,2026-05-30 01:02:26
1878,PRD01878,Himalaya Face Wash 100ml,45,1,17,179.00,136.18,23.9218,0,,5,2026-05-30 01:02:26
1879,PRD01879,Nivea Roll-on Deodorant 50ml,107,1,46,269.00,233.01,13.3792,0,,3,2026-05-30 01:02:26
1880,PRD01880,Fortune Sunflower Oil 1L,4,3,42,575.00,455.30,20.8174,0,Veg,4,2026-05-30 01:02:26
1881,PRD01881,Savlon Hand Wash 250ml,180,1,27,50.00,37.28,25.4400,0,,5,2026-05-30 01:02:26
1882,PRD01882,Eggoz Regular Eggs pack of 30,51,5,45,169.00,116.50,31.0651,1,Non-Veg,4,2026-05-30 01:02:26
1883,PRD01883,Premia Toor Dal 2kg,47,3,28,164.00,116.33,29.0671,0,Veg,4,2026-05-30 01:02:26
1884,PRD01884,Pantene Shampoo 340ml,21,1,32,114.00,93.22,18.2281,0,,6,2026-05-30 01:02:26
1885,PRD01885,Bikaji Mixture 100g,108,4,21,235.00,180.96,22.9957,0,Veg,4,2026-05-30 01:02:26
1886,PRD01886,Goodknight Mosquito Liquid 35ml,101,6,41,210.00,171.84,18.1714,0,,8,2026-05-30 01:02:26
1887,PRD01887,Eggoz Country Eggs pack of 10,51,5,45,95.00,63.86,32.7789,1,Non-Veg,6,2026-05-30 01:02:26
1888,PRD01888,Figaro Olive Oil 1L,172,3,42,680.00,533.79,21.5015,0,Veg,4,2026-05-30 01:02:26
1889,PRD01889,Alphonso Mango 2kg,126,8,37,640.00,419.44,34.4625,1,Veg,9,2026-05-30 01:02:26
1890,PRD01890,Amul Strawberry Ice Cream 100ml,7,5,23,219.00,152.65,30.2968,1,Veg,2,2026-05-30 01:02:26
1891,PRD01891,HIT Mosquito Coil pack of 10,78,6,41,100.00,67.62,32.3800,0,,7,2026-05-30 01:02:26
1892,PRD01892,Sunsilk Shampoo 340ml,165,1,32,665.00,551.59,17.0541,0,,2,2026-05-30 01:02:26
1893,PRD01893,Premium Zucchini 250g,36,8,40,159.00,120.76,24.0503,1,Veg,3,2026-05-30 01:02:26
1894,PRD01894,Ariel Detergent Liquid 500ml,109,6,31,225.00,170.13,24.3867,0,,4,2026-05-30 01:02:26
1895,PRD01895,Heritage Paneer 200g,3,2,43,154.00,106.76,30.6753,1,Veg,4,2026-05-30 01:02:26
1896,PRD01896,Dettol Hand Wash 250ml,92,1,27,114.00,87.61,23.1491,0,,6,2026-05-30 01:02:26
1897,PRD01897,Go Butter 500g,44,2,43,70.00,54.94,21.5143,1,Veg,4,2026-05-30 01:02:26
1898,PRD01898,Rin Detergent Bar pack of 6,103,6,31,65.00,53.42,17.8154,0,,5,2026-05-30 01:02:26
1899,PRD01899,Ponds Body Lotion 100ml,137,1,17,105.00,90.60,13.7143,0,,2,2026-05-30 01:02:26
1900,PRD01900,Sunfeast Cookies 200g,28,4,24,140.00,120.77,13.7357,0,Veg,13,2026-05-30 01:02:26
1901,PRD01901,Amul Cold Coffee 200ml,7,7,48,89.00,63.26,28.9213,0,Veg,11,2026-05-30 01:02:26
1902,PRD01902,Baygon Mosquito Spray 200ml,37,6,41,265.00,223.78,15.5547,0,,4,2026-05-30 01:02:26
1903,PRD01903,Mother Dairy Chocolate Ice Cream 100ml,46,5,23,430.00,359.75,16.3372,1,Veg,8,2026-05-30 01:02:26
1904,PRD01904,Local Cauliflower 1kg,31,8,35,74.00,56.20,24.0541,1,Veg,8,2026-05-30 01:02:26
1905,PRD01905,Sumeru Fish 500g,54,5,38,829.00,664.00,19.9035,1,Non-Veg,4,2026-05-30 01:02:26
1906,PRD01906,Rajdhani Besan 1kg,149,3,19,80.00,66.47,16.9125,0,Veg,7,2026-05-30 01:02:26
1907,PRD01907,Britannia Cheese Block 200g,8,2,43,234.00,191.82,18.0256,1,Veg,5,2026-05-30 01:02:26
1908,PRD01908,Premium Bell Pepper 500g,36,8,40,54.00,40.31,25.3519,1,Veg,7,2026-05-30 01:02:26
1909,PRD01909,Local Tomato 1kg,31,8,35,50.00,38.10,23.8000,1,Veg,6,2026-05-30 01:02:26
1910,PRD01910,Sumeru Fish 1kg,54,5,38,615.00,524.23,14.7593,1,Non-Veg,3,2026-05-30 01:02:26
1911,PRD01911,Tata Salt Iodized Salt 1kg,26,3,33,39.00,34.02,12.7692,0,Veg,5,2026-05-30 01:02:26
1912,PRD01912,Premia Sona Masoori Rice 10kg,47,3,44,1145.00,915.53,20.0410,0,Veg,5,2026-05-30 01:02:26
1913,PRD01913,Amul Paneer 500g,7,2,43,495.00,382.54,22.7192,1,Veg,6,2026-05-30 01:02:26
1914,PRD01914,MDH Coriander Powder 200g,18,3,30,40.00,27.65,30.8750,0,Veg,10,2026-05-30 01:02:26
1915,PRD01915,Real Mango Juice 200ml,64,7,47,145.00,96.06,33.7517,0,Veg,10,2026-05-30 01:02:26
1916,PRD01916,Exo Dishwash Liquid 500ml,94,6,25,250.00,195.99,21.6040,0,,5,2026-05-30 01:02:26
1917,PRD01917,Twinings Green Tea 25 bags,35,7,39,359.00,280.83,21.7744,0,Veg,6,2026-05-30 01:02:26
1918,PRD01918,Mortein Mosquito Liquid refill,119,6,41,140.00,96.15,31.3214,0,,2,2026-05-30 01:02:26
1919,PRD01919,Dove Conditioner 175ml,67,1,32,324.00,243.76,24.7654,0,,4,2026-05-30 01:02:26
1920,PRD01920,Cadbury Milk Chocolate 40g,140,4,34,225.00,192.95,14.2444,0,Veg,6,2026-05-30 01:02:26
1921,PRD01921,Haldiram's Bhujia 100g,6,4,21,154.00,133.09,13.5779,0,Veg,3,2026-05-30 01:02:26
1922,PRD01922,Nescafe Instant Coffee 200g,68,7,48,399.00,304.59,23.6617,0,Veg,2,2026-05-30 01:02:26
1923,PRD01923,Borges Olive Oil 1L,91,3,42,1694.00,1224.18,27.7344,0,Veg,3,2026-05-30 01:02:26
1924,PRD01924,Fortune Rajma 500g,4,3,28,129.00,100.82,21.8450,0,Veg,6,2026-05-30 01:02:26
1925,PRD01925,Domex Toilet Cleaner 500ml,106,6,36,164.00,139.25,15.0915,0,,3,2026-05-30 01:02:26
1926,PRD01926,Sensodyne Toothbrush pack of 4,95,1,16,119.00,87.33,26.6134,0,,4,2026-05-30 01:02:26
1927,PRD01927,Santoor Bar Soap 75g,138,1,27,54.00,40.07,25.7963,0,,16,2026-05-30 01:02:26
1928,PRD01928,Fortune Sooji 500g,4,3,19,39.00,33.31,14.5897,0,Veg,7,2026-05-30 01:02:26
1929,PRD01929,Paper Boat Mixed Fruit Juice 1L,59,7,47,120.00,82.90,30.9167,0,Veg,7,2026-05-30 01:02:26
1930,PRD01930,Sensodyne Toothpaste 50g,95,1,16,274.00,189.02,31.0146,0,,8,2026-05-30 01:02:26
1931,PRD01931,Farm Fresh Apple 500g,24,8,37,264.00,205.12,22.3030,1,Veg,9,2026-05-30 01:02:26
1932,PRD01932,Catch Rock Salt 1kg,30,3,33,115.00,90.23,21.5391,0,Veg,7,2026-05-30 01:02:26
1933,PRD01933,Pepsodent Mouthwash 100ml,1,1,16,309.00,243.62,21.1586,0,,4,2026-05-30 01:02:26
1934,PRD01934,Pillsbury Whole Wheat Atta 5kg,120,3,19,309.00,211.54,31.5405,0,Veg,5,2026-05-30 01:02:26
1935,PRD01935,Fortune Urad Dal 500g,4,3,28,79.00,52.63,33.3797,0,Veg,6,2026-05-30 01:02:26
1936,PRD01936,Tata Sampann Chana Dal 500g,57,3,28,345.00,247.33,28.3101,0,Veg,3,2026-05-30 01:02:26
1937,PRD01937,Nestle a+ Toned Milk 500ml,154,2,18,60.00,45.69,23.8500,1,Veg,8,2026-05-30 01:02:26
1938,PRD01938,Amul Buttermilk 1L,7,2,18,29.00,25.22,13.0345,1,Veg,8,2026-05-30 01:02:26
1939,PRD01939,Saffola Olive Oil 500ml,102,3,42,1665.00,1183.24,28.9345,0,Veg,4,2026-05-30 01:02:26
1940,PRD01940,Eggoz Regular Eggs pack of 10,51,5,45,145.00,101.00,30.3448,1,Non-Veg,7,2026-05-30 01:02:26
1941,PRD01941,Eggoz Regular Eggs pack of 30,51,5,45,235.00,194.22,17.3532,1,Non-Veg,7,2026-05-30 01:02:26
1942,PRD01942,Modern Buns pack of 12,17,2,22,64.00,46.76,26.9375,1,Veg,8,2026-05-30 01:02:26
1943,PRD01943,Mr. Muscle Glass Cleaner 500ml,27,6,36,85.00,55.58,34.6118,0,,3,2026-05-30 01:02:26
1944,PRD01944,Alphonso Mango 1kg,126,8,37,534.00,460.62,13.7416,1,Veg,6,2026-05-30 01:02:26
1945,PRD01945,Annapurna Whole Wheat Atta 5kg,145,3,19,370.00,268.14,27.5297,0,Veg,5,2026-05-30 01:02:26
1946,PRD01946,Garnier Face Wash 150ml,179,1,17,290.00,193.07,33.4241,0,,2,2026-05-30 01:02:26
1947,PRD01947,McCain French Fries 400g,90,5,26,229.00,171.84,24.9607,1,Veg,6,2026-05-30 01:02:26
1948,PRD01948,Catch Garam Masala 200g,30,3,30,374.00,249.88,33.1872,0,Veg,9,2026-05-30 01:02:26
1949,PRD01949,Keggs Regular Eggs pack of 6,63,5,45,249.00,172.02,30.9157,1,Non-Veg,4,2026-05-30 01:02:26
1950,PRD01950,Real Orange Juice 1L,64,7,47,75.00,57.73,23.0267,0,Veg,5,2026-05-30 01:02:26
1951,PRD01951,Britannia Cheese Block 500g,8,2,43,459.00,324.23,29.3617,1,Veg,5,2026-05-30 01:02:26
1952,PRD01952,Fortune Maida 1kg,4,3,19,75.00,62.55,16.6000,0,Veg,4,2026-05-30 01:02:26
1953,PRD01953,Slice Mango Juice 200ml,147,7,47,130.00,100.21,22.9154,0,Veg,7,2026-05-30 01:02:26
1954,PRD01954,English Oven Brown Bread 400g,76,2,22,60.00,42.47,29.2167,1,Veg,9,2026-05-30 01:02:26
1955,PRD01955,Sunfeast Cookies 500g,28,4,24,65.00,54.43,16.2615,0,Veg,4,2026-05-30 01:02:26
1956,PRD01956,Fortune Chana Dal 2kg,4,3,28,80.00,62.83,21.4625,0,Veg,4,2026-05-30 01:02:26
1957,PRD01957,Aquafina Mineral Water 500ml,105,7,50,50.00,37.34,25.3200,0,Veg,10,2026-05-30 01:02:26
1958,PRD01958,Lia Air Freshener Spray 250ml,162,6,49,319.00,214.26,32.8339,0,,3,2026-05-30 01:02:26
1959,PRD01959,Lifebuoy Bar Soap 100g,12,1,27,35.00,28.79,17.7429,0,,11,2026-05-30 01:02:26
1960,PRD01960,Godrej Aer Air Freshener Gel 75g,70,6,49,130.00,93.85,27.8077,0,,8,2026-05-30 01:02:26
1961,PRD01961,Fortune Groundnut Oil 500ml,4,3,42,1099.00,930.26,15.3540,0,Veg,2,2026-05-30 01:02:26
1962,PRD01962,Dhampur Sugar 500g,186,3,33,120.00,86.80,27.6667,0,Veg,3,2026-05-30 01:02:26
1963,PRD01963,Colin Glass Cleaner 500ml,159,6,36,70.00,49.30,29.5714,0,,5,2026-05-30 01:02:26
1964,PRD01964,Ariel Detergent Liquid 500ml,109,6,31,590.00,395.07,33.0390,0,,5,2026-05-30 01:02:26
1965,PRD01965,Catch Rock Salt 1kg,30,3,33,165.00,111.72,32.2909,0,Veg,4,2026-05-30 01:02:26
1966,PRD01966,Baygon Mosquito Spray 200ml,37,6,41,184.00,129.86,29.4239,0,,6,2026-05-30 01:02:26
1967,PRD01967,Ariel Detergent Powder 4kg,109,6,31,300.00,223.89,25.3700,0,,2,2026-05-30 01:02:26
1968,PRD01968,Licious Fish 1kg,32,5,38,360.00,307.19,14.6694,1,Non-Veg,4,2026-05-30 01:02:26
1969,PRD01969,Rajdhani Besan 1kg,149,3,19,120.00,95.04,20.8000,0,Veg,6,2026-05-30 01:02:26
1970,PRD01970,Dettol Hand Wash 750ml,92,1,27,209.00,177.46,15.0909,0,,10,2026-05-30 01:02:26
1971,PRD01971,Modern Buns pack of 12,17,2,22,50.00,39.14,21.7200,1,Veg,8,2026-05-30 01:02:26
1972,PRD01972,Mother Dairy Toned Milk 500ml,46,2,18,55.00,45.27,17.6909,1,Veg,9,2026-05-30 01:02:26
1973,PRD01973,Godrej Yummiez French Fries 750g,11,5,26,164.00,125.77,23.3110,1,Veg,4,2026-05-30 01:02:26
1974,PRD01974,Bailley Mineral Water 1L,176,7,50,45.00,37.93,15.7111,0,Veg,16,2026-05-30 01:02:26
1975,PRD01975,Fortune Toor Dal 1kg,4,3,28,380.00,302.45,20.4079,0,Veg,5,2026-05-30 01:02:26
1976,PRD01976,Pears Bar Soap 125g,20,1,27,70.00,52.07,25.6143,0,,8,2026-05-30 01:02:26
1977,PRD01977,Banganapalli Mango 1kg,131,8,37,344.00,257.22,25.2267,1,Veg,3,2026-05-30 01:02:26
1978,PRD01978,Dove Body Wash 500ml,67,1,27,205.00,173.02,15.6000,0,,3,2026-05-30 01:02:26
1979,PRD01979,Ariel Detergent Powder 1kg,109,6,31,664.00,570.00,14.1566,0,,3,2026-05-30 01:02:26
1980,PRD01980,Vaseline Body Lotion 100ml,143,1,17,305.00,254.91,16.4230,0,,2,2026-05-30 01:02:26
1981,PRD01981,Bru Cold Coffee 180ml,130,7,48,40.00,33.85,15.3750,0,Veg,10,2026-05-30 01:02:26
1982,PRD01982,Lindt Dark Chocolate 40g,23,4,34,400.00,331.90,17.0250,0,Veg,13,2026-05-30 01:02:26
1983,PRD01983,Fanta Orange Drink 2L,15,7,29,70.00,52.83,24.5286,0,Veg,13,2026-05-30 01:02:26
1984,PRD01984,Minute Maid Orange Juice 1L,173,7,47,65.00,50.89,21.7077,0,Veg,8,2026-05-30 01:02:26
1985,PRD01985,Harvest Gold Buns pack of 12,29,2,22,59.00,40.04,32.1356,1,Veg,3,2026-05-30 01:02:26
1986,PRD01986,Keggs Brown Eggs pack of 10,63,5,45,175.00,119.87,31.5029,1,Non-Veg,8,2026-05-30 01:02:26
1987,PRD01987,Amul Dark Chocolate 150g,7,4,34,214.00,147.39,31.1262,0,Veg,10,2026-05-30 01:02:26
1988,PRD01988,Ariel Detergent Liquid 2L,109,6,31,220.00,187.19,14.9136,0,,3,2026-05-30 01:02:26
1989,PRD01989,B Natural Apple Juice 200ml,116,7,47,160.00,118.34,26.0375,0,Veg,11,2026-05-30 01:02:26
1990,PRD01990,Tata Rock Salt 1kg,177,3,33,40.00,31.55,21.1250,0,Veg,4,2026-05-30 01:02:26
1991,PRD01991,Premia Sooji 1kg,47,3,19,90.00,65.05,27.7222,0,Veg,3,2026-05-30 01:02:26
1992,PRD01992,Amul Strawberry Ice Cream 500ml,7,5,23,90.00,61.40,31.7778,1,Veg,6,2026-05-30 01:02:26
1993,PRD01993,Madhur Sugar 5kg,81,3,33,40.00,30.31,24.2250,0,Veg,5,2026-05-30 01:02:26
1994,PRD01994,Modern Buns pack of 6,17,2,22,45.00,38.08,15.3778,1,Veg,6,2026-05-30 01:02:26
1995,PRD01995,Premium Zucchini 500g,36,8,40,220.00,186.34,15.3000,1,Veg,7,2026-05-30 01:02:26
1996,PRD01996,Fortune Mustard Oil 1L,4,3,42,454.00,356.50,21.4758,0,Veg,3,2026-05-30 01:02:26
1997,PRD01997,Sabena Dishwash Powder 500g,124,6,25,130.00,106.54,18.0462,0,,6,2026-05-30 01:02:26
1998,PRD01998,Bailley Mineral Water 5L,176,7,50,64.00,46.40,27.5000,0,Veg,12,2026-05-30 01:02:26
1999,PRD01999,Imported Broccoli 500g,66,8,40,130.00,107.01,17.6846,1,Veg,6,2026-05-30 01:02:26
2000,PRD02000,Goodknight Mosquito Coil pack of 10,101,6,41,169.00,129.38,23.4438,0,,3,2026-05-30 01:02:26
