product_id,supplier_id,is_primary,cost_price
1,1,1,172.73
1,2,1,172.73
1,3,1,172.73
1,4,1,172.73
1,5,1,172.73
1,6,1,172.73
1,7,1,172.73
1,8,1,172.73
1,9,1,172.73
1,10,1,172.73
1,11,1,172.73
1,12,1,172.73
1,13,1,172.73
1,14,1,172.73
1,15,1,172.73
1,16,1,172.73
1,17,1,172.73
1,18,1,172.73
1,19,1,172.73
1,20,1,172.73
1,21,1,172.73
1,22,1,172.73
1,23,1,172.73
1,24,1,172.73
1,25,1,172.73
1,26,1,172.73
1,27,1,172.73
1,28,1,172.73
1,29,1,172.73
1,30,1,172.73
1,31,1,172.73
1,32,1,172.73
1,33,1,172.73
1,34,1,172.73
1,35,1,172.73
1,36,1,172.73
1,37,1,172.73
1,38,1,172.73
1,39,1,172.73
1,40,1,172.73
1,41,1,172.73
1,42,1,172.73
1,43,1,172.73
1,44,1,172.73
1,45,1,172.73
1,46,1,172.73
1,47,1,172.73
1,48,1,172.73
1,49,1,172.73
1,50,1,172.73
1,51,1,172.73
1,52,1,172.73
1,53,1,172.73
1,54,1,172.73
1,55,1,172.73
1,56,1,172.73
1,57,1,172.73
1,58,1,172.73
1,59,1,172.73
1,60,1,172.73
1,61,1,172.73
1,62,1,172.73
1,63,1,172.73
1,64,1,172.73
1,65,1,172.73
1,66,1,172.73
1,67,1,172.73
1,68,1,172.73
1,69,1,172.73
1,70,1,172.73
1,71,1,172.73
1,72,1,172.73
1,73,1,172.73
1,74,1,172.73
1,75,1,172.73
1,76,1,172.73
1,77,1,172.73
1,78,1,172.73
1,79,1,172.73
1,80,1,172.73
1,81,1,172.73
1,82,1,172.73
1,83,1,172.73
1,84,1,172.73
1,85,1,172.73
1,86,1,172.73
1,87,1,172.73
1,88,1,172.73
1,89,1,172.73
1,90,1,172.73
1,91,1,172.73
1,92,1,172.73
1,93,1,172.73
1,94,1,172.73
1,95,1,172.73
1,96,1,172.73
1,97,1,172.73
1,98,1,172.73
1,99,1,172.73
1,100,1,172.73
1,101,1,172.73
1,102,1,172.73
1,103,1,172.73
1,104,1,172.73
1,105,1,172.73
1,106,1,172.73
1,107,1,172.73
1,108,1,172.73
1,109,1,172.73
1,110,1,172.73
1,111,1,172.73
1,112,1,172.73
1,113,1,172.73
1,114,1,172.73
1,115,1,172.73
1,116,1,172.73
1,117,1,172.73
1,118,1,172.73
1,119,1,172.73
1,120,1,172.73
1,121,1,172.73
1,122,1,172.73
1,123,1,172.73
1,124,1,172.73
1,125,1,172.73
1,126,1,172.73
1,127,1,172.73
1,128,1,172.73
1,129,1,172.73
1,130,1,172.73
1,131,1,172.73
1,132,1,172.73
1,133,1,172.73
1,134,1,172.73
1,135,1,172.73
1,136,1,172.73
1,137,1,172.73
1,138,1,172.73
1,139,1,172.73
1,140,1,172.73
1,141,1,172.73
1,142,1,172.73
1,143,1,172.73
1,144,1,172.73
1,145,1,172.73
1,146,1,172.73
1,147,1,172.73
1,148,1,172.73
1,149,1,172.73
1,150,1,172.73
1,151,1,172.73
1,152,1,172.73
1,153,1,172.73
1,154,1,172.73
1,155,1,172.73
1,156,1,172.73
1,157,1,172.73
1,158,1,172.73
1,159,1,172.73
1,160,1,172.73
1,161,1,172.73
1,162,1,172.73
1,163,1,172.73
1,164,1,172.73
1,165,1,172.73
1,166,1,172.73
1,167,1,172.73
1,168,1,172.73
1,169,1,172.73
1,170,1,172.73
1,171,1,172.73
1,172,1,172.73
1,173,1,172.73
1,174,1,172.73
1,175,1,172.73
1,176,1,172.73
1,177,1,172.73
1,178,1,172.73
1,179,1,172.73
1,180,1,172.73
1,181,1,172.73
1,182,1,172.73
1,183,1,172.73
1,184,1,172.73
1,185,1,172.73
1,186,1,172.73
1,187,1,172.73
1,188,1,172.73
1,189,1,172.73
1,190,1,172.73
1,191,1,172.73
1,192,1,172.73
1,193,1,172.73
1,194,1,172.73
1,195,1,172.73
1,196,1,172.73
1,197,1,172.73
1,198,1,172.73
1,199,1,172.73
1,200,1,172.73
1,201,1,172.73
1,202,1,172.73
1,203,1,172.73
1,204,1,172.73
1,205,1,172.73
1,206,1,172.73
1,207,1,172.73
1,208,1,172.73
1,209,1,172.73
1,210,1,172.73
1,211,1,172.73
1,212,1,172.73
1,213,1,172.73
1,214,1,172.73
1,215,1,172.73
1,216,1,172.73
1,217,1,172.73
1,218,1,172.73
1,219,1,172.73
1,220,1,172.73
1,221,1,172.73
1,222,1,172.73
1,223,1,172.73
1,224,1,172.73
1,225,1,172.73
1,226,1,172.73
1,227,1,172.73
1,228,1,172.73
1,229,1,172.73
1,230,1,172.73
1,231,1,172.73
1,232,1,172.73
1,233,1,172.73
1,234,1,172.73
1,235,1,172.73
1,236,1,172.73
1,237,1,172.73
1,238,1,172.73
1,239,1,172.73
1,240,1,172.73
1,241,1,172.73
1,242,1,172.73
1,243,1,172.73
1,244,1,172.73
1,245,1,172.73
1,246,1,172.73
1,247,1,172.73
1,248,1,172.73
1,249,1,172.73
1,250,1,172.73
1,251,1,172.73
1,252,1,172.73
1,253,1,172.73
1,254,1,172.73
1,255,1,172.73
1,256,1,172.73
1,257,1,172.73
1,258,1,172.73
1,259,1,172.73
1,260,1,172.73
1,261,1,172.73
1,262,1,172.73
1,263,1,172.73
1,264,1,172.73
1,265,1,172.73
1,266,1,172.73
1,267,1,172.73
1,268,1,172.73
1,269,1,172.73
1,270,1,172.73
1,271,1,172.73
1,272,1,172.73
1,273,1,172.73
1,274,1,172.73
1,275,1,172.73
1,276,1,172.73
1,277,1,172.73
1,278,1,172.73
1,279,1,172.73
1,280,1,172.73
1,281,1,172.73
1,282,1,172.73
1,283,1,172.73
1,284,1,172.73
1,285,1,172.73
1,286,1,172.73
1,287,1,172.73
1,288,1,172.73
1,289,1,172.73
1,290,1,172.73
1,291,1,172.73
1,292,1,172.73
1,293,1,172.73
1,294,1,172.73
1,295,1,172.73
1,296,1,172.73
1,297,1,172.73
1,298,1,172.73
1,299,1,172.73
1,300,1,172.73
2,1,1,127.34
2,2,1,127.34
2,3,1,127.34
2,4,1,127.34
2,5,1,127.34
2,6,1,127.34
2,7,1,127.34
2,8,1,127.34
2,9,1,127.34
2,10,1,127.34
2,11,1,127.34
2,12,1,127.34
2,13,1,127.34
2,14,1,127.34
2,15,1,127.34
2,16,1,127.34
2,17,1,127.34
2,18,1,127.34
2,19,1,127.34
2,20,1,127.34
2,21,1,127.34
2,22,1,127.34
2,23,1,127.34
2,24,1,127.34
2,25,1,127.34
2,26,1,127.34
2,27,1,127.34
2,28,1,127.34
2,29,1,127.34
2,30,1,127.34
2,31,1,127.34
2,32,1,127.34
2,33,1,127.34
2,34,1,127.34
2,35,1,127.34
2,36,1,127.34
2,37,1,127.34
2,38,1,127.34
2,39,1,127.34
2,40,1,127.34
2,41,1,127.34
2,42,1,127.34
2,43,1,127.34
2,44,1,127.34
2,45,1,127.34
2,46,1,127.34
2,47,1,127.34
2,48,1,127.34
2,49,1,127.34
2,50,1,127.34
2,51,1,127.34
2,52,1,127.34
2,53,1,127.34
2,54,1,127.34
2,55,1,127.34
2,56,1,127.34
2,57,1,127.34
2,58,1,127.34
2,59,1,127.34
2,60,1,127.34
2,61,1,127.34
2,62,1,127.34
2,63,1,127.34
2,64,1,127.34
2,65,1,127.34
2,66,1,127.34
2,67,1,127.34
2,68,1,127.34
2,69,1,127.34
2,70,1,127.34
2,71,1,127.34
2,72,1,127.34
2,73,1,127.34
2,74,1,127.34
2,75,1,127.34
2,76,1,127.34
2,77,1,127.34
2,78,1,127.34
2,79,1,127.34
2,80,1,127.34
2,81,1,127.34
2,82,1,127.34
2,83,1,127.34
2,84,1,127.34
2,85,1,127.34
2,86,1,127.34
2,87,1,127.34
2,88,1,127.34
2,89,1,127.34
2,90,1,127.34
2,91,1,127.34
2,92,1,127.34
2,93,1,127.34
2,94,1,127.34
2,95,1,127.34
2,96,1,127.34
2,97,1,127.34
2,98,1,127.34
2,99,1,127.34
2,100,1,127.34
2,101,1,127.34
2,102,1,127.34
2,103,1,127.34
2,104,1,127.34
2,105,1,127.34
2,106,1,127.34
2,107,1,127.34
2,108,1,127.34
2,109,1,127.34
2,110,1,127.34
2,111,1,127.34
2,112,1,127.34
2,113,1,127.34
2,114,1,127.34
2,115,1,127.34
2,116,1,127.34
2,117,1,127.34
2,118,1,127.34
2,119,1,127.34
2,120,1,127.34
2,121,1,127.34
2,122,1,127.34
2,123,1,127.34
2,124,1,127.34
2,125,1,127.34
2,126,1,127.34
2,127,1,127.34
2,128,1,127.34
2,129,1,127.34
2,130,1,127.34
2,131,1,127.34
2,132,1,127.34
2,133,1,127.34
2,134,1,127.34
2,135,1,127.34
2,136,1,127.34
2,137,1,127.34
2,138,1,127.34
2,139,1,127.34
2,140,1,127.34
2,141,1,127.34
2,142,1,127.34
2,143,1,127.34
2,144,1,127.34
2,145,1,127.34
2,146,1,127.34
2,147,1,127.34
2,148,1,127.34
2,149,1,127.34
2,150,1,127.34
2,151,1,127.34
2,152,1,127.34
2,153,1,127.34
2,154,1,127.34
2,155,1,127.34
2,156,1,127.34
2,157,1,127.34
2,158,1,127.34
2,159,1,127.34
2,160,1,127.34
2,161,1,127.34
2,162,1,127.34
2,163,1,127.34
2,164,1,127.34
2,165,1,127.34
2,166,1,127.34
2,167,1,127.34
2,168,1,127.34
2,169,1,127.34
2,170,1,127.34
2,171,1,127.34
2,172,1,127.34
2,173,1,127.34
2,174,1,127.34
2,175,1,127.34
2,176,1,127.34
2,177,1,127.34
2,178,1,127.34
2,179,1,127.34
2,180,1,127.34
2,181,1,127.34
2,182,1,127.34
2,183,1,127.34
2,184,1,127.34
2,185,1,127.34
2,186,1,127.34
2,187,1,127.34
2,188,1,127.34
2,189,1,127.34
2,190,1,127.34
2,191,1,127.34
2,192,1,127.34
2,193,1,127.34
2,194,1,127.34
2,195,1,127.34
2,196,1,127.34
2,197,1,127.34
2,198,1,127.34
2,199,1,127.34
2,200,1,127.34
2,201,1,127.34
2,202,1,127.34
2,203,1,127.34
2,204,1,127.34
2,205,1,127.34
2,206,1,127.34
2,207,1,127.34
2,208,1,127.34
2,209,1,127.34
2,210,1,127.34
2,211,1,127.34
2,212,1,127.34
2,213,1,127.34
2,214,1,127.34
2,215,1,127.34
2,216,1,127.34
2,217,1,127.34
2,218,1,127.34
2,219,1,127.34
2,220,1,127.34
2,221,1,127.34
2,222,1,127.34
2,223,1,127.34
2,224,1,127.34
2,225,1,127.34
2,226,1,127.34
2,227,1,127.34
2,228,1,127.34
2,229,1,127.34
2,230,1,127.34
2,231,1,127.34
2,232,1,127.34
2,233,1,127.34
2,234,1,127.34
2,235,1,127.34
2,236,1,127.34
2,237,1,127.34
2,238,1,127.34
2,239,1,127.34
2,240,1,127.34
2,241,1,127.34
2,242,1,127.34
2,243,1,127.34
2,244,1,127.34
2,245,1,127.34
2,246,1,127.34
2,247,1,127.34
2,248,1,127.34
2,249,1,127.34
2,250,1,127.34
2,251,1,127.34
2,252,1,127.34
2,253,1,127.34
2,254,1,127.34
2,255,1,127.34
2,256,1,127.34
2,257,1,127.34
2,258,1,127.34
2,259,1,127.34
2,260,1,127.34
2,261,1,127.34
2,262,1,127.34
2,263,1,127.34
2,264,1,127.34
2,265,1,127.34
2,266,1,127.34
2,267,1,127.34
2,268,1,127.34
2,269,1,127.34
2,270,1,127.34
2,271,1,127.34
2,272,1,127.34
2,273,1,127.34
2,274,1,127.34
2,275,1,127.34
2,276,1,127.34
2,277,1,127.34
2,278,1,127.34
2,279,1,127.34
2,280,1,127.34
2,281,1,127.34
2,282,1,127.34
2,283,1,127.34
2,284,1,127.34
2,285,1,127.34
2,286,1,127.34
2,287,1,127.34
2,288,1,127.34
2,289,1,127.34
2,290,1,127.34
2,291,1,127.34
2,292,1,127.34
2,293,1,127.34
2,294,1,127.34
2,295,1,127.34
2,296,1,127.34
2,297,1,127.34
2,298,1,127.34
2,299,1,127.34
2,300,1,127.34
3,1,1,40.95
3,2,1,40.95
3,3,1,40.95
3,4,1,40.95
3,5,1,40.95
3,6,1,40.95
3,7,1,40.95
3,8,1,40.95
3,9,1,40.95
3,10,1,40.95
3,11,1,40.95
3,12,1,40.95
3,13,1,40.95
3,14,1,40.95
3,15,1,40.95
3,16,1,40.95
3,17,1,40.95
3,18,1,40.95
3,19,1,40.95
3,20,1,40.95
3,21,1,40.95
3,22,1,40.95
3,23,1,40.95
3,24,1,40.95
3,25,1,40.95
3,26,1,40.95
3,27,1,40.95
3,28,1,40.95
3,29,1,40.95
3,30,1,40.95
3,31,1,40.95
3,32,1,40.95
3,33,1,40.95
3,34,1,40.95
3,35,1,40.95
3,36,1,40.95
3,37,1,40.95
3,38,1,40.95
3,39,1,40.95
3,40,1,40.95
3,41,1,40.95
3,42,1,40.95
3,43,1,40.95
3,44,1,40.95
3,45,1,40.95
3,46,1,40.95
3,47,1,40.95
3,48,1,40.95
3,49,1,40.95
3,50,1,40.95
3,51,1,40.95
3,52,1,40.95
3,53,1,40.95
3,54,1,40.95
3,55,1,40.95
3,56,1,40.95
3,57,1,40.95
3,58,1,40.95
3,59,1,40.95
3,60,1,40.95
3,61,1,40.95
3,62,1,40.95
3,63,1,40.95
3,64,1,40.95
3,65,1,40.95
3,66,1,40.95
3,67,1,40.95
3,68,1,40.95
3,69,1,40.95
3,70,1,40.95
3,71,1,40.95
3,72,1,40.95
3,73,1,40.95
3,74,1,40.95
3,75,1,40.95
3,76,1,40.95
3,77,1,40.95
3,78,1,40.95
3,79,1,40.95
3,80,1,40.95
3,81,1,40.95
3,82,1,40.95
3,83,1,40.95
3,84,1,40.95
3,85,1,40.95
3,86,1,40.95
3,87,1,40.95
3,88,1,40.95
3,89,1,40.95
3,90,1,40.95
3,91,1,40.95
3,92,1,40.95
3,93,1,40.95
3,94,1,40.95
3,95,1,40.95
3,96,1,40.95
3,97,1,40.95
3,98,1,40.95
3,99,1,40.95
3,100,1,40.95
3,101,1,40.95
3,102,1,40.95
3,103,1,40.95
3,104,1,40.95
3,105,1,40.95
3,106,1,40.95
3,107,1,40.95
3,108,1,40.95
3,109,1,40.95
3,110,1,40.95
3,111,1,40.95
3,112,1,40.95
3,113,1,40.95
3,114,1,40.95
3,115,1,40.95
3,116,1,40.95
3,117,1,40.95
3,118,1,40.95
3,119,1,40.95
3,120,1,40.95
3,121,1,40.95
3,122,1,40.95
3,123,1,40.95
3,124,1,40.95
3,125,1,40.95
3,126,1,40.95
3,127,1,40.95
3,128,1,40.95
3,129,1,40.95
3,130,1,40.95
3,131,1,40.95
3,132,1,40.95
3,133,1,40.95
3,134,1,40.95
3,135,1,40.95
3,136,1,40.95
3,137,1,40.95
3,138,1,40.95
3,139,1,40.95
3,140,1,40.95
3,141,1,40.95
3,142,1,40.95
3,143,1,40.95
3,144,1,40.95
3,145,1,40.95
3,146,1,40.95
3,147,1,40.95
3,148,1,40.95
3,149,1,40.95
3,150,1,40.95
3,151,1,40.95
3,152,1,40.95
3,153,1,40.95
3,154,1,40.95
3,155,1,40.95
3,156,1,40.95
3,157,1,40.95
3,158,1,40.95
3,159,1,40.95
3,160,1,40.95
3,161,1,40.95
3,162,1,40.95
3,163,1,40.95
3,164,1,40.95
3,165,1,40.95
3,166,1,40.95
3,167,1,40.95
3,168,1,40.95
3,169,1,40.95
3,170,1,40.95
3,171,1,40.95
3,172,1,40.95
3,173,1,40.95
3,174,1,40.95
3,175,1,40.95
3,176,1,40.95
3,177,1,40.95
3,178,1,40.95
3,179,1,40.95
3,180,1,40.95
3,181,1,40.95
3,182,1,40.95
3,183,1,40.95
3,184,1,40.95
3,185,1,40.95
3,186,1,40.95
3,187,1,40.95
3,188,1,40.95
3,189,1,40.95
3,190,1,40.95
3,191,1,40.95
3,192,1,40.95
3,193,1,40.95
3,194,1,40.95
3,195,1,40.95
3,196,1,40.95
3,197,1,40.95
3,198,1,40.95
3,199,1,40.95
3,200,1,40.95
3,201,1,40.95
3,202,1,40.95
3,203,1,40.95
3,204,1,40.95
3,205,1,40.95
3,206,1,40.95
3,207,1,40.95
3,208,1,40.95
3,209,1,40.95
3,210,1,40.95
3,211,1,40.95
3,212,1,40.95
3,213,1,40.95
3,214,1,40.95
3,215,1,40.95
3,216,1,40.95
3,217,1,40.95
3,218,1,40.95
3,219,1,40.95
3,220,1,40.95
3,221,1,40.95
3,222,1,40.95
3,223,1,40.95
3,224,1,40.95
3,225,1,40.95
3,226,1,40.95
3,227,1,40.95
3,228,1,40.95
3,229,1,40.95
3,230,1,40.95
3,231,1,40.95
3,232,1,40.95
3,233,1,40.95
3,234,1,40.95
3,235,1,40.95
3,236,1,40.95
3,237,1,40.95
3,238,1,40.95
3,239,1,40.95
3,240,1,40.95
3,241,1,40.95
3,242,1,40.95
3,243,1,40.95
3,244,1,40.95
3,245,1,40.95
3,246,1,40.95
3,247,1,40.95
3,248,1,40.95
3,249,1,40.95
3,250,1,40.95
3,251,1,40.95
3,252,1,40.95
3,253,1,40.95
3,254,1,40.95
3,255,1,40.95
3,256,1,40.95
3,257,1,40.95
3,258,1,40.95
3,259,1,40.95
3,260,1,40.95
3,261,1,40.95
3,262,1,40.95
3,263,1,40.95
3,264,1,40.95
3,265,1,40.95
3,266,1,40.95
3,267,1,40.95
3,268,1,40.95
3,269,1,40.95
3,270,1,40.95
3,271,1,40.95
3,272,1,40.95
3,273,1,40.95
3,274,1,40.95
3,275,1,40.95
3,276,1,40.95
3,277,1,40.95
3,278,1,40.95
3,279,1,40.95
3,280,1,40.95
3,281,1,40.95
3,282,1,40.95
3,283,1,40.95
3,284,1,40.95
3,285,1,40.95
3,286,1,40.95
3,287,1,40.95
3,288,1,40.95
3,289,1,40.95
3,290,1,40.95
3,291,1,40.95
3,292,1,40.95
3,293,1,40.95
3,294,1,40.95
3,295,1,40.95
3,296,1,40.95
3,297,1,40.95
3,298,1,40.95
3,299,1,40.95
3,300,1,40.95
4,1,1,33.94
4,2,1,33.94
4,3,1,33.94
4,4,1,33.94
4,5,1,33.94
4,6,1,33.94
4,7,1,33.94
4,8,1,33.94
4,9,1,33.94
4,10,1,33.94
4,11,1,33.94
4,12,1,33.94
4,13,1,33.94
4,14,1,33.94
4,15,1,33.94
4,16,1,33.94
4,17,1,33.94
4,18,1,33.94
4,19,1,33.94
4,20,1,33.94
4,21,1,33.94
4,22,1,33.94
4,23,1,33.94
4,24,1,33.94
4,25,1,33.94
4,26,1,33.94
4,27,1,33.94
4,28,1,33.94
4,29,1,33.94
4,30,1,33.94
4,31,1,33.94
4,32,1,33.94
4,33,1,33.94
4,34,1,33.94
4,35,1,33.94
4,36,1,33.94
4,37,1,33.94
4,38,1,33.94
4,39,1,33.94
4,40,1,33.94
4,41,1,33.94
4,42,1,33.94
4,43,1,33.94
4,44,1,33.94
4,45,1,33.94
4,46,1,33.94
4,47,1,33.94
4,48,1,33.94
4,49,1,33.94
4,50,1,33.94
4,51,1,33.94
4,52,1,33.94
4,53,1,33.94
4,54,1,33.94
4,55,1,33.94
4,56,1,33.94
4,57,1,33.94
4,58,1,33.94
4,59,1,33.94
4,60,1,33.94
4,61,1,33.94
4,62,1,33.94
4,63,1,33.94
4,64,1,33.94
4,65,1,33.94
4,66,1,33.94
4,67,1,33.94
4,68,1,33.94
4,69,1,33.94
4,70,1,33.94
4,71,1,33.94
4,72,1,33.94
4,73,1,33.94
4,74,1,33.94
4,75,1,33.94
4,76,1,33.94
4,77,1,33.94
4,78,1,33.94
4,79,1,33.94
4,80,1,33.94
4,81,1,33.94
4,82,1,33.94
4,83,1,33.94
4,84,1,33.94
4,85,1,33.94
4,86,1,33.94
4,87,1,33.94
4,88,1,33.94
4,89,1,33.94
4,90,1,33.94
4,91,1,33.94
4,92,1,33.94
4,93,1,33.94
4,94,1,33.94
4,95,1,33.94
4,96,1,33.94
4,97,1,33.94
4,98,1,33.94
4,99,1,33.94
4,100,1,33.94
4,101,1,33.94
4,102,1,33.94
4,103,1,33.94
4,104,1,33.94
4,105,1,33.94
4,106,1,33.94
4,107,1,33.94
4,108,1,33.94
4,109,1,33.94
4,110,1,33.94
4,111,1,33.94
4,112,1,33.94
4,113,1,33.94
4,114,1,33.94
4,115,1,33.94
4,116,1,33.94
4,117,1,33.94
4,118,1,33.94
4,119,1,33.94
4,120,1,33.94
4,121,1,33.94
4,122,1,33.94
4,123,1,33.94
4,124,1,33.94
4,125,1,33.94
4,126,1,33.94
4,127,1,33.94
4,128,1,33.94
4,129,1,33.94
4,130,1,33.94
4,131,1,33.94
4,132,1,33.94
4,133,1,33.94
4,134,1,33.94
4,135,1,33.94
4,136,1,33.94
4,137,1,33.94
4,138,1,33.94
4,139,1,33.94
4,140,1,33.94
4,141,1,33.94
4,142,1,33.94
4,143,1,33.94
4,144,1,33.94
4,145,1,33.94
4,146,1,33.94
4,147,1,33.94
4,148,1,33.94
4,149,1,33.94
4,150,1,33.94
4,151,1,33.94
4,152,1,33.94
4,153,1,33.94
4,154,1,33.94
4,155,1,33.94
4,156,1,33.94
4,157,1,33.94
4,158,1,33.94
4,159,1,33.94
4,160,1,33.94
4,161,1,33.94
4,162,1,33.94
4,163,1,33.94
4,164,1,33.94
4,165,1,33.94
4,166,1,33.94
4,167,1,33.94
4,168,1,33.94
4,169,1,33.94
4,170,1,33.94
4,171,1,33.94
4,172,1,33.94
4,173,1,33.94
4,174,1,33.94
4,175,1,33.94
4,176,1,33.94
4,177,1,33.94
4,178,1,33.94
4,179,1,33.94
4,180,1,33.94
4,181,1,33.94
4,182,1,33.94
4,183,1,33.94
4,184,1,33.94
4,185,1,33.94
4,186,1,33.94
4,187,1,33.94
4,188,1,33.94
4,189,1,33.94
4,190,1,33.94
4,191,1,33.94
4,192,1,33.94
4,193,1,33.94
4,194,1,33.94
4,195,1,33.94
4,196,1,33.94
4,197,1,33.94
4,198,1,33.94
4,199,1,33.94
4,200,1,33.94
4,201,1,33.94
4,202,1,33.94
4,203,1,33.94
4,204,1,33.94
4,205,1,33.94
4,206,1,33.94
4,207,1,33.94
4,208,1,33.94
4,209,1,33.94
4,210,1,33.94
4,211,1,33.94
4,212,1,33.94
4,213,1,33.94
4,214,1,33.94
4,215,1,33.94
4,216,1,33.94
4,217,1,33.94
4,218,1,33.94
4,219,1,33.94
4,220,1,33.94
4,221,1,33.94
4,222,1,33.94
4,223,1,33.94
4,224,1,33.94
4,225,1,33.94
4,226,1,33.94
4,227,1,33.94
4,228,1,33.94
4,229,1,33.94
4,230,1,33.94
4,231,1,33.94
4,232,1,33.94
4,233,1,33.94
4,234,1,33.94
4,235,1,33.94
4,236,1,33.94
4,237,1,33.94
4,238,1,33.94
4,239,1,33.94
4,240,1,33.94
4,241,1,33.94
4,242,1,33.94
4,243,1,33.94
4,244,1,33.94
4,245,1,33.94
4,246,1,33.94
4,247,1,33.94
4,248,1,33.94
4,249,1,33.94
4,250,1,33.94
4,251,1,33.94
4,252,1,33.94
4,253,1,33.94
4,254,1,33.94
4,255,1,33.94
4,256,1,33.94
4,257,1,33.94
4,258,1,33.94
4,259,1,33.94
4,260,1,33.94
4,261,1,33.94
4,262,1,33.94
4,263,1,33.94
4,264,1,33.94
4,265,1,33.94
4,266,1,33.94
4,267,1,33.94
4,268,1,33.94
4,269,1,33.94
4,270,1,33.94
4,271,1,33.94
4,272,1,33.94
4,273,1,33.94
4,274,1,33.94
4,275,1,33.94
4,276,1,33.94
4,277,1,33.94
4,278,1,33.94
4,279,1,33.94
4,280,1,33.94
4,281,1,33.94
4,282,1,33.94
4,283,1,33.94
4,284,1,33.94
4,285,1,33.94
4,286,1,33.94
4,287,1,33.94
4,288,1,33.94
4,289,1,33.94
4,290,1,33.94
4,291,1,33.94
4,292,1,33.94
4,293,1,33.94
4,294,1,33.94
4,295,1,33.94
4,296,1,33.94
4,297,1,33.94
4,298,1,33.94
4,299,1,33.94
4,300,1,33.94
5,1,1,58.53
5,2,1,58.53
5,3,1,58.53
5,4,1,58.53
5,5,1,58.53
5,6,1,58.53
5,7,1,58.53
5,8,1,58.53
5,9,1,58.53
5,10,1,58.53
5,11,1,58.53
5,12,1,58.53
5,13,1,58.53
5,14,1,58.53
5,15,1,58.53
5,16,1,58.53
5,17,1,58.53
5,18,1,58.53
5,19,1,58.53
5,20,1,58.53
5,21,1,58.53
5,22,1,58.53
5,23,1,58.53
5,24,1,58.53
5,25,1,58.53
5,26,1,58.53
5,27,1,58.53
5,28,1,58.53
5,29,1,58.53
5,30,1,58.53
5,31,1,58.53
5,32,1,58.53
5,33,1,58.53
5,34,1,58.53
5,35,1,58.53
5,36,1,58.53
5,37,1,58.53
5,38,1,58.53
5,39,1,58.53
5,40,1,58.53
5,41,1,58.53
5,42,1,58.53
5,43,1,58.53
5,44,1,58.53
5,45,1,58.53
5,46,1,58.53
5,47,1,58.53
5,48,1,58.53
5,49,1,58.53
5,50,1,58.53
5,51,1,58.53
5,52,1,58.53
5,53,1,58.53
5,54,1,58.53
5,55,1,58.53
5,56,1,58.53
5,57,1,58.53
5,58,1,58.53
5,59,1,58.53
5,60,1,58.53
5,61,1,58.53
5,62,1,58.53
5,63,1,58.53
5,64,1,58.53
5,65,1,58.53
5,66,1,58.53
5,67,1,58.53
5,68,1,58.53
5,69,1,58.53
5,70,1,58.53
5,71,1,58.53
5,72,1,58.53
5,73,1,58.53
5,74,1,58.53
5,75,1,58.53
5,76,1,58.53
5,77,1,58.53
5,78,1,58.53
5,79,1,58.53
5,80,1,58.53
5,81,1,58.53
5,82,1,58.53
5,83,1,58.53
5,84,1,58.53
5,85,1,58.53
5,86,1,58.53
5,87,1,58.53
5,88,1,58.53
5,89,1,58.53
5,90,1,58.53
5,91,1,58.53
5,92,1,58.53
5,93,1,58.53
5,94,1,58.53
5,95,1,58.53
5,96,1,58.53
5,97,1,58.53
5,98,1,58.53
5,99,1,58.53
5,100,1,58.53
5,101,1,58.53
5,102,1,58.53
5,103,1,58.53
5,104,1,58.53
5,105,1,58.53
5,106,1,58.53
5,107,1,58.53
5,108,1,58.53
5,109,1,58.53
5,110,1,58.53
5,111,1,58.53
5,112,1,58.53
5,113,1,58.53
5,114,1,58.53
5,115,1,58.53
5,116,1,58.53
5,117,1,58.53
5,118,1,58.53
5,119,1,58.53
5,120,1,58.53
5,121,1,58.53
5,122,1,58.53
5,123,1,58.53
5,124,1,58.53
5,125,1,58.53
5,126,1,58.53
5,127,1,58.53
5,128,1,58.53
5,129,1,58.53
5,130,1,58.53
5,131,1,58.53
5,132,1,58.53
5,133,1,58.53
5,134,1,58.53
5,135,1,58.53
5,136,1,58.53
5,137,1,58.53
5,138,1,58.53
5,139,1,58.53
5,140,1,58.53
5,141,1,58.53
5,142,1,58.53
5,143,1,58.53
5,144,1,58.53
5,145,1,58.53
5,146,1,58.53
5,147,1,58.53
5,148,1,58.53
5,149,1,58.53
5,150,1,58.53
5,151,1,58.53
5,152,1,58.53
5,153,1,58.53
5,154,1,58.53
5,155,1,58.53
5,156,1,58.53
5,157,1,58.53
5,158,1,58.53
5,159,1,58.53
5,160,1,58.53
5,161,1,58.53
5,162,1,58.53
5,163,1,58.53
5,164,1,58.53
5,165,1,58.53
5,166,1,58.53
5,167,1,58.53
5,168,1,58.53
5,169,1,58.53
5,170,1,58.53
5,171,1,58.53
5,172,1,58.53
5,173,1,58.53
5,174,1,58.53
5,175,1,58.53
5,176,1,58.53
5,177,1,58.53
5,178,1,58.53
5,179,1,58.53
5,180,1,58.53
5,181,1,58.53
5,182,1,58.53
5,183,1,58.53
5,184,1,58.53
5,185,1,58.53
5,186,1,58.53
5,187,1,58.53
5,188,1,58.53
5,189,1,58.53
5,190,1,58.53
5,191,1,58.53
5,192,1,58.53
5,193,1,58.53
5,194,1,58.53
5,195,1,58.53
5,196,1,58.53
5,197,1,58.53
5,198,1,58.53
5,199,1,58.53
5,200,1,58.53
5,201,1,58.53
5,202,1,58.53
5,203,1,58.53
5,204,1,58.53
5,205,1,58.53
5,206,1,58.53
5,207,1,58.53
5,208,1,58.53
5,209,1,58.53
5,210,1,58.53
5,211,1,58.53
5,212,1,58.53
5,213,1,58.53
5,214,1,58.53
5,215,1,58.53
5,216,1,58.53
5,217,1,58.53
5,218,1,58.53
5,219,1,58.53
5,220,1,58.53
5,221,1,58.53
5,222,1,58.53
5,223,1,58.53
5,224,1,58.53
5,225,1,58.53
5,226,1,58.53
5,227,1,58.53
5,228,1,58.53
5,229,1,58.53
5,230,1,58.53
5,231,1,58.53
5,232,1,58.53
5,233,1,58.53
5,234,1,58.53
5,235,1,58.53
5,236,1,58.53
5,237,1,58.53
5,238,1,58.53
5,239,1,58.53
5,240,1,58.53
5,241,1,58.53
5,242,1,58.53
5,243,1,58.53
5,244,1,58.53
5,245,1,58.53
5,246,1,58.53
5,247,1,58.53
5,248,1,58.53
5,249,1,58.53
5,250,1,58.53
5,251,1,58.53
5,252,1,58.53
5,253,1,58.53
5,254,1,58.53
5,255,1,58.53
5,256,1,58.53
5,257,1,58.53
5,258,1,58.53
5,259,1,58.53
5,260,1,58.53
5,261,1,58.53
5,262,1,58.53
5,263,1,58.53
5,264,1,58.53
5,265,1,58.53
5,266,1,58.53
5,267,1,58.53
5,268,1,58.53
5,269,1,58.53
5,270,1,58.53
5,271,1,58.53
5,272,1,58.53
5,273,1,58.53
5,274,1,58.53
5,275,1,58.53
5,276,1,58.53
5,277,1,58.53
5,278,1,58.53
5,279,1,58.53
5,280,1,58.53
5,281,1,58.53
5,282,1,58.53
5,283,1,58.53
5,284,1,58.53
5,285,1,58.53
5,286,1,58.53
5,287,1,58.53
5,288,1,58.53
5,289,1,58.53
5,290,1,58.53
5,291,1,58.53
5,292,1,58.53
5,293,1,58.53
5,294,1,58.53
5,295,1,58.53
5,296,1,58.53
5,297,1,58.53
5,298,1,58.53
5,299,1,58.53
5,300,1,58.53
6,1,1,105.96
6,2,1,105.96
6,3,1,105.96
6,4,1,105.96
6,5,1,105.96
6,6,1,105.96
6,7,1,105.96
6,8,1,105.96
6,9,1,105.96
6,10,1,105.96
6,11,1,105.96
6,12,1,105.96
6,13,1,105.96
6,14,1,105.96
6,15,1,105.96
6,16,1,105.96
6,17,1,105.96
6,18,1,105.96
6,19,1,105.96
6,20,1,105.96
6,21,1,105.96
6,22,1,105.96
6,23,1,105.96
6,24,1,105.96
6,25,1,105.96
6,26,1,105.96
6,27,1,105.96
6,28,1,105.96
6,29,1,105.96
6,30,1,105.96
6,31,1,105.96
6,32,1,105.96
6,33,1,105.96
6,34,1,105.96
6,35,1,105.96
6,36,1,105.96
6,37,1,105.96
6,38,1,105.96
6,39,1,105.96
6,40,1,105.96
6,41,1,105.96
6,42,1,105.96
6,43,1,105.96
6,44,1,105.96
6,45,1,105.96
6,46,1,105.96
6,47,1,105.96
6,48,1,105.96
6,49,1,105.96
6,50,1,105.96
6,51,1,105.96
6,52,1,105.96
6,53,1,105.96
6,54,1,105.96
6,55,1,105.96
6,56,1,105.96
6,57,1,105.96
6,58,1,105.96
6,59,1,105.96
6,60,1,105.96
6,61,1,105.96
6,62,1,105.96
6,63,1,105.96
6,64,1,105.96
6,65,1,105.96
6,66,1,105.96
6,67,1,105.96
6,68,1,105.96
6,69,1,105.96
6,70,1,105.96
6,71,1,105.96
6,72,1,105.96
6,73,1,105.96
6,74,1,105.96
6,75,1,105.96
6,76,1,105.96
6,77,1,105.96
6,78,1,105.96
6,79,1,105.96
6,80,1,105.96
6,81,1,105.96
6,82,1,105.96
6,83,1,105.96
6,84,1,105.96
6,85,1,105.96
6,86,1,105.96
6,87,1,105.96
6,88,1,105.96
6,89,1,105.96
6,90,1,105.96
6,91,1,105.96
6,92,1,105.96
6,93,1,105.96
6,94,1,105.96
6,95,1,105.96
6,96,1,105.96
6,97,1,105.96
6,98,1,105.96
6,99,1,105.96
6,100,1,105.96
6,101,1,105.96
6,102,1,105.96
6,103,1,105.96
6,104,1,105.96
6,105,1,105.96
6,106,1,105.96
6,107,1,105.96
6,108,1,105.96
6,109,1,105.96
6,110,1,105.96
6,111,1,105.96
6,112,1,105.96
6,113,1,105.96
6,114,1,105.96
6,115,1,105.96
6,116,1,105.96
6,117,1,105.96
6,118,1,105.96
6,119,1,105.96
6,120,1,105.96
6,121,1,105.96
6,122,1,105.96
6,123,1,105.96
6,124,1,105.96
6,125,1,105.96
6,126,1,105.96
6,127,1,105.96
6,128,1,105.96
6,129,1,105.96
6,130,1,105.96
6,131,1,105.96
6,132,1,105.96
6,133,1,105.96
6,134,1,105.96
6,135,1,105.96
6,136,1,105.96
6,137,1,105.96
6,138,1,105.96
6,139,1,105.96
6,140,1,105.96
6,141,1,105.96
6,142,1,105.96
6,143,1,105.96
6,144,1,105.96
6,145,1,105.96
6,146,1,105.96
6,147,1,105.96
6,148,1,105.96
6,149,1,105.96
6,150,1,105.96
6,151,1,105.96
6,152,1,105.96
6,153,1,105.96
6,154,1,105.96
6,155,1,105.96
6,156,1,105.96
6,157,1,105.96
6,158,1,105.96
6,159,1,105.96
6,160,1,105.96
6,161,1,105.96
6,162,1,105.96
6,163,1,105.96
6,164,1,105.96
6,165,1,105.96
6,166,1,105.96
6,167,1,105.96
6,168,1,105.96
6,169,1,105.96
6,170,1,105.96
6,171,1,105.96
6,172,1,105.96
6,173,1,105.96
6,174,1,105.96
6,175,1,105.96
6,176,1,105.96
6,177,1,105.96
6,178,1,105.96
6,179,1,105.96
6,180,1,105.96
6,181,1,105.96
6,182,1,105.96
6,183,1,105.96
6,184,1,105.96
6,185,1,105.96
6,186,1,105.96
6,187,1,105.96
6,188,1,105.96
6,189,1,105.96
6,190,1,105.96
6,191,1,105.96
6,192,1,105.96
6,193,1,105.96
6,194,1,105.96
6,195,1,105.96
6,196,1,105.96
6,197,1,105.96
6,198,1,105.96
6,199,1,105.96
6,200,1,105.96
6,201,1,105.96
6,202,1,105.96
6,203,1,105.96
6,204,1,105.96
6,205,1,105.96
6,206,1,105.96
6,207,1,105.96
6,208,1,105.96
6,209,1,105.96
6,210,1,105.96
6,211,1,105.96
6,212,1,105.96
6,213,1,105.96
6,214,1,105.96
6,215,1,105.96
6,216,1,105.96
6,217,1,105.96
6,218,1,105.96
6,219,1,105.96
6,220,1,105.96
6,221,1,105.96
6,222,1,105.96
6,223,1,105.96
6,224,1,105.96
6,225,1,105.96
6,226,1,105.96
6,227,1,105.96
6,228,1,105.96
6,229,1,105.96
6,230,1,105.96
6,231,1,105.96
6,232,1,105.96
6,233,1,105.96
6,234,1,105.96
6,235,1,105.96
6,236,1,105.96
6,237,1,105.96
6,238,1,105.96
6,239,1,105.96
6,240,1,105.96
6,241,1,105.96
6,242,1,105.96
6,243,1,105.96
6,244,1,105.96
6,245,1,105.96
6,246,1,105.96
6,247,1,105.96
6,248,1,105.96
6,249,1,105.96
6,250,1,105.96
6,251,1,105.96
6,252,1,105.96
6,253,1,105.96
6,254,1,105.96
6,255,1,105.96
6,256,1,105.96
6,257,1,105.96
6,258,1,105.96
6,259,1,105.96
6,260,1,105.96
6,261,1,105.96
6,262,1,105.96
6,263,1,105.96
6,264,1,105.96
6,265,1,105.96
6,266,1,105.96
6,267,1,105.96
6,268,1,105.96
6,269,1,105.96
6,270,1,105.96
6,271,1,105.96
6,272,1,105.96
6,273,1,105.96
6,274,1,105.96
6,275,1,105.96
6,276,1,105.96
6,277,1,105.96
6,278,1,105.96
6,279,1,105.96
6,280,1,105.96
6,281,1,105.96
6,282,1,105.96
6,283,1,105.96
6,284,1,105.96
6,285,1,105.96
6,286,1,105.96
6,287,1,105.96
6,288,1,105.96
6,289,1,105.96
6,290,1,105.96
6,291,1,105.96
6,292,1,105.96
6,293,1,105.96
6,294,1,105.96
6,295,1,105.96
6,296,1,105.96
6,297,1,105.96
6,298,1,105.96
6,299,1,105.96
6,300,1,105.96
7,1,1,55.76
7,2,1,55.76
7,3,1,55.76
7,4,1,55.76
7,5,1,55.76
7,6,1,55.76
7,7,1,55.76
7,8,1,55.76
7,9,1,55.76
7,10,1,55.76
7,11,1,55.76
7,12,1,55.76
7,13,1,55.76
7,14,1,55.76
7,15,1,55.76
7,16,1,55.76
7,17,1,55.76
7,18,1,55.76
7,19,1,55.76
7,20,1,55.76
7,21,1,55.76
7,22,1,55.76
7,23,1,55.76
7,24,1,55.76
7,25,1,55.76
7,26,1,55.76
7,27,1,55.76
7,28,1,55.76
7,29,1,55.76
7,30,1,55.76
7,31,1,55.76
7,32,1,55.76
7,33,1,55.76
7,34,1,55.76
7,35,1,55.76
7,36,1,55.76
7,37,1,55.76
7,38,1,55.76
7,39,1,55.76
7,40,1,55.76
7,41,1,55.76
7,42,1,55.76
7,43,1,55.76
7,44,1,55.76
7,45,1,55.76
7,46,1,55.76
7,47,1,55.76
7,48,1,55.76
7,49,1,55.76
7,50,1,55.76
7,51,1,55.76
7,52,1,55.76
7,53,1,55.76
7,54,1,55.76
7,55,1,55.76
7,56,1,55.76
7,57,1,55.76
7,58,1,55.76
7,59,1,55.76
7,60,1,55.76
7,61,1,55.76
7,62,1,55.76
7,63,1,55.76
7,64,1,55.76
7,65,1,55.76
7,66,1,55.76
7,67,1,55.76
7,68,1,55.76
7,69,1,55.76
7,70,1,55.76
7,71,1,55.76
7,72,1,55.76
7,73,1,55.76
7,74,1,55.76
7,75,1,55.76
7,76,1,55.76
7,77,1,55.76
7,78,1,55.76
7,79,1,55.76
7,80,1,55.76
7,81,1,55.76
7,82,1,55.76
7,83,1,55.76
7,84,1,55.76
7,85,1,55.76
7,86,1,55.76
7,87,1,55.76
7,88,1,55.76
7,89,1,55.76
7,90,1,55.76
7,91,1,55.76
7,92,1,55.76
7,93,1,55.76
7,94,1,55.76
7,95,1,55.76
7,96,1,55.76
7,97,1,55.76
7,98,1,55.76
7,99,1,55.76
7,100,1,55.76
7,101,1,55.76
7,102,1,55.76
7,103,1,55.76
7,104,1,55.76
7,105,1,55.76
7,106,1,55.76
7,107,1,55.76
7,108,1,55.76
7,109,1,55.76
7,110,1,55.76
7,111,1,55.76
7,112,1,55.76
7,113,1,55.76
7,114,1,55.76
7,115,1,55.76
7,116,1,55.76
7,117,1,55.76
7,118,1,55.76
7,119,1,55.76
7,120,1,55.76
7,121,1,55.76
7,122,1,55.76
7,123,1,55.76
7,124,1,55.76
7,125,1,55.76
7,126,1,55.76
7,127,1,55.76
7,128,1,55.76
7,129,1,55.76
7,130,1,55.76
7,131,1,55.76
7,132,1,55.76
7,133,1,55.76
7,134,1,55.76
7,135,1,55.76
7,136,1,55.76
7,137,1,55.76
7,138,1,55.76
7,139,1,55.76
7,140,1,55.76
7,141,1,55.76
7,142,1,55.76
7,143,1,55.76
7,144,1,55.76
7,145,1,55.76
7,146,1,55.76
7,147,1,55.76
7,148,1,55.76
7,149,1,55.76
7,150,1,55.76
7,151,1,55.76
7,152,1,55.76
7,153,1,55.76
7,154,1,55.76
7,155,1,55.76
7,156,1,55.76
7,157,1,55.76
7,158,1,55.76
7,159,1,55.76
7,160,1,55.76
7,161,1,55.76
7,162,1,55.76
7,163,1,55.76
7,164,1,55.76
7,165,1,55.76
7,166,1,55.76
7,167,1,55.76
7,168,1,55.76
7,169,1,55.76
7,170,1,55.76
7,171,1,55.76
7,172,1,55.76
7,173,1,55.76
7,174,1,55.76
7,175,1,55.76
7,176,1,55.76
7,177,1,55.76
7,178,1,55.76
7,179,1,55.76
7,180,1,55.76
7,181,1,55.76
7,182,1,55.76
7,183,1,55.76
7,184,1,55.76
7,185,1,55.76
7,186,1,55.76
7,187,1,55.76
7,188,1,55.76
7,189,1,55.76
7,190,1,55.76
7,191,1,55.76
7,192,1,55.76
7,193,1,55.76
7,194,1,55.76
7,195,1,55.76
7,196,1,55.76
7,197,1,55.76
7,198,1,55.76
7,199,1,55.76
7,200,1,55.76
7,201,1,55.76
7,202,1,55.76
7,203,1,55.76
7,204,1,55.76
7,205,1,55.76
7,206,1,55.76
7,207,1,55.76
7,208,1,55.76
7,209,1,55.76
7,210,1,55.76
7,211,1,55.76
7,212,1,55.76
7,213,1,55.76
7,214,1,55.76
7,215,1,55.76
7,216,1,55.76
7,217,1,55.76
7,218,1,55.76
7,219,1,55.76
7,220,1,55.76
7,221,1,55.76
7,222,1,55.76
7,223,1,55.76
7,224,1,55.76
7,225,1,55.76
7,226,1,55.76
7,227,1,55.76
7,228,1,55.76
7,229,1,55.76
7,230,1,55.76
7,231,1,55.76
7,232,1,55.76
7,233,1,55.76
7,234,1,55.76
7,235,1,55.76
7,236,1,55.76
7,237,1,55.76
7,238,1,55.76
7,239,1,55.76
7,240,1,55.76
7,241,1,55.76
7,242,1,55.76
7,243,1,55.76
7,244,1,55.76
7,245,1,55.76
7,246,1,55.76
7,247,1,55.76
7,248,1,55.76
7,249,1,55.76
7,250,1,55.76
7,251,1,55.76
7,252,1,55.76
7,253,1,55.76
7,254,1,55.76
7,255,1,55.76
7,256,1,55.76
7,257,1,55.76
7,258,1,55.76
7,259,1,55.76
7,260,1,55.76
7,261,1,55.76
7,262,1,55.76
7,263,1,55.76
7,264,1,55.76
7,265,1,55.76
7,266,1,55.76
7,267,1,55.76
7,268,1,55.76
7,269,1,55.76
7,270,1,55.76
7,271,1,55.76
7,272,1,55.76
7,273,1,55.76
7,274,1,55.76
7,275,1,55.76
7,276,1,55.76
7,277,1,55.76
7,278,1,55.76
7,279,1,55.76
7,280,1,55.76
7,281,1,55.76
7,282,1,55.76
7,283,1,55.76
7,284,1,55.76
7,285,1,55.76
7,286,1,55.76
7,287,1,55.76
7,288,1,55.76
7,289,1,55.76
7,290,1,55.76
7,291,1,55.76
7,292,1,55.76
7,293,1,55.76
7,294,1,55.76
7,295,1,55.76
7,296,1,55.76
7,297,1,55.76
7,298,1,55.76
7,299,1,55.76
7,300,1,55.76
8,1,1,51.80
8,2,1,51.80
8,3,1,51.80
8,4,1,51.80
8,5,1,51.80
8,6,1,51.80
8,7,1,51.80
8,8,1,51.80
8,9,1,51.80
8,10,1,51.80
8,11,1,51.80
8,12,1,51.80
8,13,1,51.80
8,14,1,51.80
8,15,1,51.80
8,16,1,51.80
8,17,1,51.80
8,18,1,51.80
8,19,1,51.80
8,20,1,51.80
8,21,1,51.80
8,22,1,51.80
8,23,1,51.80
8,24,1,51.80
8,25,1,51.80
8,26,1,51.80
8,27,1,51.80
8,28,1,51.80
8,29,1,51.80
8,30,1,51.80
8,31,1,51.80
8,32,1,51.80
8,33,1,51.80
8,34,1,51.80
8,35,1,51.80
8,36,1,51.80
8,37,1,51.80
8,38,1,51.80
8,39,1,51.80
8,40,1,51.80
8,41,1,51.80
8,42,1,51.80
8,43,1,51.80
8,44,1,51.80
8,45,1,51.80
8,46,1,51.80
8,47,1,51.80
8,48,1,51.80
8,49,1,51.80
8,50,1,51.80
8,51,1,51.80
8,52,1,51.80
8,53,1,51.80
8,54,1,51.80
8,55,1,51.80
8,56,1,51.80
8,57,1,51.80
8,58,1,51.80
8,59,1,51.80
8,60,1,51.80
8,61,1,51.80
8,62,1,51.80
8,63,1,51.80
8,64,1,51.80
8,65,1,51.80
8,66,1,51.80
8,67,1,51.80
8,68,1,51.80
8,69,1,51.80
8,70,1,51.80
8,71,1,51.80
8,72,1,51.80
8,73,1,51.80
8,74,1,51.80
8,75,1,51.80
8,76,1,51.80
8,77,1,51.80
8,78,1,51.80
8,79,1,51.80
8,80,1,51.80
8,81,1,51.80
8,82,1,51.80
8,83,1,51.80
8,84,1,51.80
8,85,1,51.80
8,86,1,51.80
8,87,1,51.80
8,88,1,51.80
8,89,1,51.80
8,90,1,51.80
8,91,1,51.80
8,92,1,51.80
8,93,1,51.80
8,94,1,51.80
8,95,1,51.80
8,96,1,51.80
8,97,1,51.80
8,98,1,51.80
8,99,1,51.80
8,100,1,51.80
8,101,1,51.80
8,102,1,51.80
8,103,1,51.80
8,104,1,51.80
8,105,1,51.80
8,106,1,51.80
8,107,1,51.80
8,108,1,51.80
8,109,1,51.80
8,110,1,51.80
8,111,1,51.80
8,112,1,51.80
8,113,1,51.80
8,114,1,51.80
8,115,1,51.80
8,116,1,51.80
8,117,1,51.80
8,118,1,51.80
8,119,1,51.80
8,120,1,51.80
8,121,1,51.80
8,122,1,51.80
8,123,1,51.80
8,124,1,51.80
8,125,1,51.80
8,126,1,51.80
8,127,1,51.80
8,128,1,51.80
8,129,1,51.80
8,130,1,51.80
8,131,1,51.80
8,132,1,51.80
8,133,1,51.80
8,134,1,51.80
8,135,1,51.80
8,136,1,51.80
8,137,1,51.80
8,138,1,51.80
8,139,1,51.80
8,140,1,51.80
8,141,1,51.80
8,142,1,51.80
8,143,1,51.80
8,144,1,51.80
8,145,1,51.80
8,146,1,51.80
8,147,1,51.80
8,148,1,51.80
8,149,1,51.80
8,150,1,51.80
8,151,1,51.80
8,152,1,51.80
8,153,1,51.80
8,154,1,51.80
8,155,1,51.80
8,156,1,51.80
8,157,1,51.80
8,158,1,51.80
8,159,1,51.80
8,160,1,51.80
8,161,1,51.80
8,162,1,51.80
8,163,1,51.80
8,164,1,51.80
8,165,1,51.80
8,166,1,51.80
8,167,1,51.80
8,168,1,51.80
8,169,1,51.80
8,170,1,51.80
8,171,1,51.80
8,172,1,51.80
8,173,1,51.80
8,174,1,51.80
8,175,1,51.80
8,176,1,51.80
8,177,1,51.80
8,178,1,51.80
8,179,1,51.80
8,180,1,51.80
8,181,1,51.80
8,182,1,51.80
8,183,1,51.80
8,184,1,51.80
8,185,1,51.80
8,186,1,51.80
8,187,1,51.80
8,188,1,51.80
8,189,1,51.80
8,190,1,51.80
8,191,1,51.80
8,192,1,51.80
8,193,1,51.80
8,194,1,51.80
8,195,1,51.80
8,196,1,51.80
8,197,1,51.80
8,198,1,51.80
8,199,1,51.80
8,200,1,51.80
8,201,1,51.80
8,202,1,51.80
8,203,1,51.80
8,204,1,51.80
8,205,1,51.80
8,206,1,51.80
8,207,1,51.80
8,208,1,51.80
8,209,1,51.80
8,210,1,51.80
8,211,1,51.80
8,212,1,51.80
8,213,1,51.80
8,214,1,51.80
8,215,1,51.80
8,216,1,51.80
8,217,1,51.80
8,218,1,51.80
8,219,1,51.80
8,220,1,51.80
8,221,1,51.80
8,222,1,51.80
8,223,1,51.80
8,224,1,51.80
8,225,1,51.80
8,226,1,51.80
8,227,1,51.80
8,228,1,51.80
8,229,1,51.80
8,230,1,51.80
8,231,1,51.80
8,232,1,51.80
8,233,1,51.80
8,234,1,51.80
8,235,1,51.80
8,236,1,51.80
8,237,1,51.80
8,238,1,51.80
8,239,1,51.80
8,240,1,51.80
8,241,1,51.80
8,242,1,51.80
8,243,1,51.80
8,244,1,51.80
8,245,1,51.80
8,246,1,51.80
8,247,1,51.80
8,248,1,51.80
8,249,1,51.80
8,250,1,51.80
8,251,1,51.80
8,252,1,51.80
8,253,1,51.80
8,254,1,51.80
8,255,1,51.80
8,256,1,51.80
8,257,1,51.80
8,258,1,51.80
8,259,1,51.80
8,260,1,51.80
8,261,1,51.80
8,262,1,51.80
8,263,1,51.80
8,264,1,51.80
8,265,1,51.80
8,266,1,51.80
8,267,1,51.80
8,268,1,51.80
8,269,1,51.80
8,270,1,51.80
8,271,1,51.80
8,272,1,51.80
8,273,1,51.80
8,274,1,51.80
8,275,1,51.80
8,276,1,51.80
8,277,1,51.80
8,278,1,51.80
8,279,1,51.80
8,280,1,51.80
8,281,1,51.80
8,282,1,51.80
8,283,1,51.80
8,284,1,51.80
8,285,1,51.80
8,286,1,51.80
8,287,1,51.80
8,288,1,51.80
8,289,1,51.80
8,290,1,51.80
8,291,1,51.80
8,292,1,51.80
8,293,1,51.80
8,294,1,51.80
8,295,1,51.80
8,296,1,51.80
8,297,1,51.80
8,298,1,51.80
8,299,1,51.80
8,300,1,51.80
9,1,1,54.91
9,2,1,54.91
9,3,1,54.91
9,4,1,54.91
9,5,1,54.91
9,6,1,54.91
9,7,1,54.91
9,8,1,54.91
9,9,1,54.91
9,10,1,54.91
9,11,1,54.91
9,12,1,54.91
9,13,1,54.91
9,14,1,54.91
9,15,1,54.91
9,16,1,54.91
9,17,1,54.91
9,18,1,54.91
9,19,1,54.91
9,20,1,54.91
9,21,1,54.91
9,22,1,54.91
9,23,1,54.91
9,24,1,54.91
9,25,1,54.91
9,26,1,54.91
9,27,1,54.91
9,28,1,54.91
9,29,1,54.91
9,30,1,54.91
9,31,1,54.91
9,32,1,54.91
9,33,1,54.91
9,34,1,54.91
9,35,1,54.91
9,36,1,54.91
9,37,1,54.91
9,38,1,54.91
9,39,1,54.91
9,40,1,54.91
9,41,1,54.91
9,42,1,54.91
9,43,1,54.91
9,44,1,54.91
9,45,1,54.91
9,46,1,54.91
9,47,1,54.91
9,48,1,54.91
9,49,1,54.91
9,50,1,54.91
9,51,1,54.91
9,52,1,54.91
9,53,1,54.91
9,54,1,54.91
9,55,1,54.91
9,56,1,54.91
9,57,1,54.91
9,58,1,54.91
9,59,1,54.91
9,60,1,54.91
9,61,1,54.91
9,62,1,54.91
9,63,1,54.91
9,64,1,54.91
9,65,1,54.91
9,66,1,54.91
9,67,1,54.91
9,68,1,54.91
9,69,1,54.91
9,70,1,54.91
9,71,1,54.91
9,72,1,54.91
9,73,1,54.91
9,74,1,54.91
9,75,1,54.91
9,76,1,54.91
9,77,1,54.91
9,78,1,54.91
9,79,1,54.91
9,80,1,54.91
9,81,1,54.91
9,82,1,54.91
9,83,1,54.91
9,84,1,54.91
9,85,1,54.91
9,86,1,54.91
9,87,1,54.91
9,88,1,54.91
9,89,1,54.91
9,90,1,54.91
9,91,1,54.91
9,92,1,54.91
9,93,1,54.91
9,94,1,54.91
9,95,1,54.91
9,96,1,54.91
9,97,1,54.91
9,98,1,54.91
9,99,1,54.91
9,100,1,54.91
9,101,1,54.91
9,102,1,54.91
9,103,1,54.91
9,104,1,54.91
9,105,1,54.91
9,106,1,54.91
9,107,1,54.91
9,108,1,54.91
9,109,1,54.91
9,110,1,54.91
9,111,1,54.91
9,112,1,54.91
9,113,1,54.91
9,114,1,54.91
9,115,1,54.91
9,116,1,54.91
9,117,1,54.91
9,118,1,54.91
9,119,1,54.91
9,120,1,54.91
9,121,1,54.91
9,122,1,54.91
9,123,1,54.91
9,124,1,54.91
9,125,1,54.91
9,126,1,54.91
9,127,1,54.91
9,128,1,54.91
9,129,1,54.91
9,130,1,54.91
9,131,1,54.91
9,132,1,54.91
9,133,1,54.91
9,134,1,54.91
9,135,1,54.91
9,136,1,54.91
9,137,1,54.91
9,138,1,54.91
9,139,1,54.91
9,140,1,54.91
9,141,1,54.91
9,142,1,54.91
9,143,1,54.91
9,144,1,54.91
9,145,1,54.91
9,146,1,54.91
9,147,1,54.91
9,148,1,54.91
9,149,1,54.91
9,150,1,54.91
9,151,1,54.91
9,152,1,54.91
9,153,1,54.91
9,154,1,54.91
9,155,1,54.91
9,156,1,54.91
9,157,1,54.91
9,158,1,54.91
9,159,1,54.91
9,160,1,54.91
9,161,1,54.91
9,162,1,54.91
9,163,1,54.91
9,164,1,54.91
9,165,1,54.91
9,166,1,54.91
9,167,1,54.91
9,168,1,54.91
9,169,1,54.91
9,170,1,54.91
9,171,1,54.91
9,172,1,54.91
9,173,1,54.91
9,174,1,54.91
9,175,1,54.91
9,176,1,54.91
9,177,1,54.91
9,178,1,54.91
9,179,1,54.91
9,180,1,54.91
9,181,1,54.91
9,182,1,54.91
9,183,1,54.91
9,184,1,54.91
9,185,1,54.91
9,186,1,54.91
9,187,1,54.91
9,188,1,54.91
9,189,1,54.91
9,190,1,54.91
9,191,1,54.91
9,192,1,54.91
9,193,1,54.91
9,194,1,54.91
9,195,1,54.91
9,196,1,54.91
9,197,1,54.91
9,198,1,54.91
9,199,1,54.91
9,200,1,54.91
9,201,1,54.91
9,202,1,54.91
9,203,1,54.91
9,204,1,54.91
9,205,1,54.91
9,206,1,54.91
9,207,1,54.91
9,208,1,54.91
9,209,1,54.91
9,210,1,54.91
9,211,1,54.91
9,212,1,54.91
9,213,1,54.91
9,214,1,54.91
9,215,1,54.91
9,216,1,54.91
9,217,1,54.91
9,218,1,54.91
9,219,1,54.91
9,220,1,54.91
9,221,1,54.91
9,222,1,54.91
9,223,1,54.91
9,224,1,54.91
9,225,1,54.91
9,226,1,54.91
9,227,1,54.91
9,228,1,54.91
9,229,1,54.91
9,230,1,54.91
9,231,1,54.91
9,232,1,54.91
9,233,1,54.91
9,234,1,54.91
9,235,1,54.91
9,236,1,54.91
9,237,1,54.91
9,238,1,54.91
9,239,1,54.91
9,240,1,54.91
9,241,1,54.91
9,242,1,54.91
9,243,1,54.91
9,244,1,54.91
9,245,1,54.91
9,246,1,54.91
9,247,1,54.91
9,248,1,54.91
9,249,1,54.91
9,250,1,54.91
9,251,1,54.91
9,252,1,54.91
9,253,1,54.91
9,254,1,54.91
9,255,1,54.91
9,256,1,54.91
9,257,1,54.91
9,258,1,54.91
9,259,1,54.91
9,260,1,54.91
9,261,1,54.91
9,262,1,54.91
9,263,1,54.91
9,264,1,54.91
9,265,1,54.91
9,266,1,54.91
9,267,1,54.91
9,268,1,54.91
9,269,1,54.91
9,270,1,54.91
9,271,1,54.91
9,272,1,54.91
9,273,1,54.91
9,274,1,54.91
9,275,1,54.91
9,276,1,54.91
9,277,1,54.91
9,278,1,54.91
9,279,1,54.91
9,280,1,54.91
9,281,1,54.91
9,282,1,54.91
9,283,1,54.91
9,284,1,54.91
9,285,1,54.91
9,286,1,54.91
9,287,1,54.91
9,288,1,54.91
9,289,1,54.91
9,290,1,54.91
9,291,1,54.91
9,292,1,54.91
9,293,1,54.91
9,294,1,54.91
9,295,1,54.91
9,296,1,54.91
9,297,1,54.91
9,298,1,54.91
9,299,1,54.91
9,300,1,54.91
10,1,1,17.30
10,2,1,17.30
10,3,1,17.30
10,4,1,17.30
10,5,1,17.30
10,6,1,17.30
10,7,1,17.30
10,8,1,17.30
10,9,1,17.30
10,10,1,17.30
10,11,1,17.30
10,12,1,17.30
10,13,1,17.30
10,14,1,17.30
10,15,1,17.30
10,16,1,17.30
10,17,1,17.30
10,18,1,17.30
10,19,1,17.30
10,20,1,17.30
10,21,1,17.30
10,22,1,17.30
10,23,1,17.30
10,24,1,17.30
10,25,1,17.30
10,26,1,17.30
10,27,1,17.30
10,28,1,17.30
10,29,1,17.30
10,30,1,17.30
10,31,1,17.30
10,32,1,17.30
10,33,1,17.30
10,34,1,17.30
10,35,1,17.30
10,36,1,17.30
10,37,1,17.30
10,38,1,17.30
10,39,1,17.30
10,40,1,17.30
10,41,1,17.30
10,42,1,17.30
10,43,1,17.30
10,44,1,17.30
10,45,1,17.30
10,46,1,17.30
10,47,1,17.30
10,48,1,17.30
10,49,1,17.30
10,50,1,17.30
10,51,1,17.30
10,52,1,17.30
10,53,1,17.30
10,54,1,17.30
10,55,1,17.30
10,56,1,17.30
10,57,1,17.30
10,58,1,17.30
10,59,1,17.30
10,60,1,17.30
10,61,1,17.30
10,62,1,17.30
10,63,1,17.30
10,64,1,17.30
10,65,1,17.30
10,66,1,17.30
10,67,1,17.30
10,68,1,17.30
10,69,1,17.30
10,70,1,17.30
10,71,1,17.30
10,72,1,17.30
10,73,1,17.30
10,74,1,17.30
10,75,1,17.30
10,76,1,17.30
10,77,1,17.30
10,78,1,17.30
10,79,1,17.30
10,80,1,17.30
10,81,1,17.30
10,82,1,17.30
10,83,1,17.30
10,84,1,17.30
10,85,1,17.30
10,86,1,17.30
10,87,1,17.30
10,88,1,17.30
10,89,1,17.30
10,90,1,17.30
10,91,1,17.30
10,92,1,17.30
10,93,1,17.30
10,94,1,17.30
10,95,1,17.30
10,96,1,17.30
10,97,1,17.30
10,98,1,17.30
10,99,1,17.30
10,100,1,17.30
10,101,1,17.30
10,102,1,17.30
10,103,1,17.30
10,104,1,17.30
10,105,1,17.30
10,106,1,17.30
10,107,1,17.30
10,108,1,17.30
10,109,1,17.30
10,110,1,17.30
10,111,1,17.30
10,112,1,17.30
10,113,1,17.30
10,114,1,17.30
10,115,1,17.30
10,116,1,17.30
10,117,1,17.30
10,118,1,17.30
10,119,1,17.30
10,120,1,17.30
10,121,1,17.30
10,122,1,17.30
10,123,1,17.30
10,124,1,17.30
10,125,1,17.30
10,126,1,17.30
10,127,1,17.30
10,128,1,17.30
10,129,1,17.30
10,130,1,17.30
10,131,1,17.30
10,132,1,17.30
10,133,1,17.30
10,134,1,17.30
10,135,1,17.30
10,136,1,17.30
10,137,1,17.30
10,138,1,17.30
10,139,1,17.30
10,140,1,17.30
10,141,1,17.30
10,142,1,17.30
10,143,1,17.30
10,144,1,17.30
10,145,1,17.30
10,146,1,17.30
10,147,1,17.30
10,148,1,17.30
10,149,1,17.30
10,150,1,17.30
10,151,1,17.30
10,152,1,17.30
10,153,1,17.30
10,154,1,17.30
10,155,1,17.30
10,156,1,17.30
10,157,1,17.30
10,158,1,17.30
10,159,1,17.30
10,160,1,17.30
10,161,1,17.30
10,162,1,17.30
10,163,1,17.30
10,164,1,17.30
10,165,1,17.30
10,166,1,17.30
10,167,1,17.30
10,168,1,17.30
10,169,1,17.30
10,170,1,17.30
10,171,1,17.30
10,172,1,17.30
10,173,1,17.30
10,174,1,17.30
10,175,1,17.30
10,176,1,17.30
10,177,1,17.30
10,178,1,17.30
10,179,1,17.30
10,180,1,17.30
10,181,1,17.30
10,182,1,17.30
10,183,1,17.30
10,184,1,17.30
10,185,1,17.30
10,186,1,17.30
10,187,1,17.30
10,188,1,17.30
10,189,1,17.30
10,190,1,17.30
10,191,1,17.30
10,192,1,17.30
10,193,1,17.30
10,194,1,17.30
10,195,1,17.30
10,196,1,17.30
10,197,1,17.30
10,198,1,17.30
10,199,1,17.30
10,200,1,17.30
10,201,1,17.30
10,202,1,17.30
10,203,1,17.30
10,204,1,17.30
10,205,1,17.30
10,206,1,17.30
10,207,1,17.30
10,208,1,17.30
10,209,1,17.30
10,210,1,17.30
10,211,1,17.30
10,212,1,17.30
10,213,1,17.30
10,214,1,17.30
10,215,1,17.30
10,216,1,17.30
10,217,1,17.30
10,218,1,17.30
10,219,1,17.30
10,220,1,17.30
10,221,1,17.30
10,222,1,17.30
10,223,1,17.30
10,224,1,17.30
10,225,1,17.30
10,226,1,17.30
10,227,1,17.30
10,228,1,17.30
10,229,1,17.30
10,230,1,17.30
10,231,1,17.30
10,232,1,17.30
10,233,1,17.30
10,234,1,17.30
10,235,1,17.30
10,236,1,17.30
10,237,1,17.30
10,238,1,17.30
10,239,1,17.30
10,240,1,17.30
10,241,1,17.30
10,242,1,17.30
10,243,1,17.30
10,244,1,17.30
10,245,1,17.30
10,246,1,17.30
10,247,1,17.30
10,248,1,17.30
10,249,1,17.30
10,250,1,17.30
10,251,1,17.30
10,252,1,17.30
10,253,1,17.30
10,254,1,17.30
10,255,1,17.30
10,256,1,17.30
10,257,1,17.30
10,258,1,17.30
10,259,1,17.30
10,260,1,17.30
10,261,1,17.30
10,262,1,17.30
10,263,1,17.30
10,264,1,17.30
10,265,1,17.30
10,266,1,17.30
10,267,1,17.30
10,268,1,17.30
10,269,1,17.30
10,270,1,17.30
10,271,1,17.30
10,272,1,17.30
10,273,1,17.30
10,274,1,17.30
10,275,1,17.30
10,276,1,17.30
10,277,1,17.30
10,278,1,17.30
10,279,1,17.30
10,280,1,17.30
10,281,1,17.30
10,282,1,17.30
10,283,1,17.30
10,284,1,17.30
10,285,1,17.30
10,286,1,17.30
10,287,1,17.30
10,288,1,17.30
10,289,1,17.30
10,290,1,17.30
10,291,1,17.30
10,292,1,17.30
10,293,1,17.30
10,294,1,17.30
10,295,1,17.30
10,296,1,17.30
10,297,1,17.30
10,298,1,17.30
10,299,1,17.30
10,300,1,17.30
11,1,1,113.39
11,2,1,113.39
11,3,1,113.39
11,4,1,113.39
11,5,1,113.39
11,6,1,113.39
11,7,1,113.39
11,8,1,113.39
11,9,1,113.39
11,10,1,113.39
11,11,1,113.39
11,12,1,113.39
11,13,1,113.39
11,14,1,113.39
11,15,1,113.39
11,16,1,113.39
11,17,1,113.39
11,18,1,113.39
11,19,1,113.39
11,20,1,113.39
11,21,1,113.39
11,22,1,113.39
11,23,1,113.39
11,24,1,113.39
11,25,1,113.39
11,26,1,113.39
11,27,1,113.39
11,28,1,113.39
11,29,1,113.39
11,30,1,113.39
11,31,1,113.39
11,32,1,113.39
11,33,1,113.39
11,34,1,113.39
11,35,1,113.39
11,36,1,113.39
11,37,1,113.39
11,38,1,113.39
11,39,1,113.39
11,40,1,113.39
11,41,1,113.39
11,42,1,113.39
11,43,1,113.39
11,44,1,113.39
11,45,1,113.39
11,46,1,113.39
11,47,1,113.39
11,48,1,113.39
11,49,1,113.39
11,50,1,113.39
11,51,1,113.39
11,52,1,113.39
11,53,1,113.39
11,54,1,113.39
11,55,1,113.39
11,56,1,113.39
11,57,1,113.39
11,58,1,113.39
11,59,1,113.39
11,60,1,113.39
11,61,1,113.39
11,62,1,113.39
11,63,1,113.39
11,64,1,113.39
11,65,1,113.39
11,66,1,113.39
11,67,1,113.39
11,68,1,113.39
11,69,1,113.39
11,70,1,113.39
11,71,1,113.39
11,72,1,113.39
11,73,1,113.39
11,74,1,113.39
11,75,1,113.39
11,76,1,113.39
11,77,1,113.39
11,78,1,113.39
11,79,1,113.39
11,80,1,113.39
11,81,1,113.39
11,82,1,113.39
11,83,1,113.39
11,84,1,113.39
11,85,1,113.39
11,86,1,113.39
11,87,1,113.39
11,88,1,113.39
11,89,1,113.39
11,90,1,113.39
11,91,1,113.39
11,92,1,113.39
11,93,1,113.39
11,94,1,113.39
11,95,1,113.39
11,96,1,113.39
11,97,1,113.39
11,98,1,113.39
11,99,1,113.39
11,100,1,113.39
11,101,1,113.39
11,102,1,113.39
11,103,1,113.39
11,104,1,113.39
11,105,1,113.39
11,106,1,113.39
11,107,1,113.39
11,108,1,113.39
11,109,1,113.39
11,110,1,113.39
11,111,1,113.39
11,112,1,113.39
11,113,1,113.39
11,114,1,113.39
11,115,1,113.39
11,116,1,113.39
11,117,1,113.39
11,118,1,113.39
11,119,1,113.39
11,120,1,113.39
11,121,1,113.39
11,122,1,113.39
11,123,1,113.39
11,124,1,113.39
11,125,1,113.39
11,126,1,113.39
11,127,1,113.39
11,128,1,113.39
11,129,1,113.39
11,130,1,113.39
11,131,1,113.39
11,132,1,113.39
11,133,1,113.39
11,134,1,113.39
11,135,1,113.39
11,136,1,113.39
11,137,1,113.39
11,138,1,113.39
11,139,1,113.39
11,140,1,113.39
11,141,1,113.39
11,142,1,113.39
11,143,1,113.39
11,144,1,113.39
11,145,1,113.39
11,146,1,113.39
11,147,1,113.39
11,148,1,113.39
11,149,1,113.39
11,150,1,113.39
11,151,1,113.39
11,152,1,113.39
11,153,1,113.39
11,154,1,113.39
11,155,1,113.39
11,156,1,113.39
11,157,1,113.39
11,158,1,113.39
11,159,1,113.39
11,160,1,113.39
11,161,1,113.39
11,162,1,113.39
11,163,1,113.39
11,164,1,113.39
11,165,1,113.39
11,166,1,113.39
11,167,1,113.39
11,168,1,113.39
11,169,1,113.39
11,170,1,113.39
11,171,1,113.39
11,172,1,113.39
11,173,1,113.39
11,174,1,113.39
11,175,1,113.39
11,176,1,113.39
11,177,1,113.39
11,178,1,113.39
11,179,1,113.39
11,180,1,113.39
11,181,1,113.39
11,182,1,113.39
11,183,1,113.39
11,184,1,113.39
11,185,1,113.39
11,186,1,113.39
11,187,1,113.39
11,188,1,113.39
11,189,1,113.39
11,190,1,113.39
11,191,1,113.39
11,192,1,113.39
11,193,1,113.39
11,194,1,113.39
11,195,1,113.39
11,196,1,113.39
11,197,1,113.39
11,198,1,113.39
11,199,1,113.39
11,200,1,113.39
11,201,1,113.39
11,202,1,113.39
11,203,1,113.39
11,204,1,113.39
11,205,1,113.39
11,206,1,113.39
11,207,1,113.39
11,208,1,113.39
11,209,1,113.39
11,210,1,113.39
11,211,1,113.39
11,212,1,113.39
11,213,1,113.39
11,214,1,113.39
11,215,1,113.39
11,216,1,113.39
11,217,1,113.39
11,218,1,113.39
11,219,1,113.39
11,220,1,113.39
11,221,1,113.39
11,222,1,113.39
11,223,1,113.39
11,224,1,113.39
11,225,1,113.39
11,226,1,113.39
11,227,1,113.39
11,228,1,113.39
11,229,1,113.39
11,230,1,113.39
11,231,1,113.39
11,232,1,113.39
11,233,1,113.39
11,234,1,113.39
11,235,1,113.39
11,236,1,113.39
11,237,1,113.39
11,238,1,113.39
11,239,1,113.39
11,240,1,113.39
11,241,1,113.39
11,242,1,113.39
11,243,1,113.39
11,244,1,113.39
11,245,1,113.39
11,246,1,113.39
11,247,1,113.39
11,248,1,113.39
11,249,1,113.39
11,250,1,113.39
11,251,1,113.39
11,252,1,113.39
11,253,1,113.39
11,254,1,113.39
11,255,1,113.39
11,256,1,113.39
11,257,1,113.39
11,258,1,113.39
11,259,1,113.39
11,260,1,113.39
11,261,1,113.39
11,262,1,113.39
11,263,1,113.39
11,264,1,113.39
11,265,1,113.39
11,266,1,113.39
11,267,1,113.39
11,268,1,113.39
11,269,1,113.39
11,270,1,113.39
11,271,1,113.39
11,272,1,113.39
11,273,1,113.39
11,274,1,113.39
11,275,1,113.39
11,276,1,113.39
11,277,1,113.39
11,278,1,113.39
11,279,1,113.39
11,280,1,113.39
11,281,1,113.39
11,282,1,113.39
11,283,1,113.39
11,284,1,113.39
11,285,1,113.39
11,286,1,113.39
11,287,1,113.39
11,288,1,113.39
11,289,1,113.39
11,290,1,113.39
11,291,1,113.39
11,292,1,113.39
11,293,1,113.39
11,294,1,113.39
11,295,1,113.39
11,296,1,113.39
11,297,1,113.39
11,298,1,113.39
11,299,1,113.39
11,300,1,113.39
12,1,1,112.26
12,2,1,112.26
12,3,1,112.26
12,4,1,112.26
12,5,1,112.26
12,6,1,112.26
12,7,1,112.26
12,8,1,112.26
12,9,1,112.26
12,10,1,112.26
12,11,1,112.26
12,12,1,112.26
12,13,1,112.26
12,14,1,112.26
12,15,1,112.26
12,16,1,112.26
12,17,1,112.26
12,18,1,112.26
12,19,1,112.26
12,20,1,112.26
12,21,1,112.26
12,22,1,112.26
12,23,1,112.26
12,24,1,112.26
12,25,1,112.26
12,26,1,112.26
12,27,1,112.26
12,28,1,112.26
12,29,1,112.26
12,30,1,112.26
12,31,1,112.26
12,32,1,112.26
12,33,1,112.26
12,34,1,112.26
12,35,1,112.26
12,36,1,112.26
12,37,1,112.26
12,38,1,112.26
12,39,1,112.26
12,40,1,112.26
12,41,1,112.26
12,42,1,112.26
12,43,1,112.26
12,44,1,112.26
12,45,1,112.26
12,46,1,112.26
12,47,1,112.26
12,48,1,112.26
12,49,1,112.26
12,50,1,112.26
12,51,1,112.26
12,52,1,112.26
12,53,1,112.26
12,54,1,112.26
12,55,1,112.26
12,56,1,112.26
12,57,1,112.26
12,58,1,112.26
12,59,1,112.26
12,60,1,112.26
12,61,1,112.26
12,62,1,112.26
12,63,1,112.26
12,64,1,112.26
12,65,1,112.26
12,66,1,112.26
12,67,1,112.26
12,68,1,112.26
12,69,1,112.26
12,70,1,112.26
12,71,1,112.26
12,72,1,112.26
12,73,1,112.26
12,74,1,112.26
12,75,1,112.26
12,76,1,112.26
12,77,1,112.26
12,78,1,112.26
12,79,1,112.26
12,80,1,112.26
12,81,1,112.26
12,82,1,112.26
12,83,1,112.26
12,84,1,112.26
12,85,1,112.26
12,86,1,112.26
12,87,1,112.26
12,88,1,112.26
12,89,1,112.26
12,90,1,112.26
12,91,1,112.26
12,92,1,112.26
12,93,1,112.26
12,94,1,112.26
12,95,1,112.26
12,96,1,112.26
12,97,1,112.26
12,98,1,112.26
12,99,1,112.26
12,100,1,112.26
12,101,1,112.26
12,102,1,112.26
12,103,1,112.26
12,104,1,112.26
12,105,1,112.26
12,106,1,112.26
12,107,1,112.26
12,108,1,112.26
12,109,1,112.26
12,110,1,112.26
12,111,1,112.26
12,112,1,112.26
12,113,1,112.26
12,114,1,112.26
12,115,1,112.26
12,116,1,112.26
12,117,1,112.26
12,118,1,112.26
12,119,1,112.26
12,120,1,112.26
12,121,1,112.26
12,122,1,112.26
12,123,1,112.26
12,124,1,112.26
12,125,1,112.26
12,126,1,112.26
12,127,1,112.26
12,128,1,112.26
12,129,1,112.26
12,130,1,112.26
12,131,1,112.26
12,132,1,112.26
12,133,1,112.26
12,134,1,112.26
12,135,1,112.26
12,136,1,112.26
12,137,1,112.26
12,138,1,112.26
12,139,1,112.26
12,140,1,112.26
12,141,1,112.26
12,142,1,112.26
12,143,1,112.26
12,144,1,112.26
12,145,1,112.26
12,146,1,112.26
12,147,1,112.26
12,148,1,112.26
12,149,1,112.26
12,150,1,112.26
12,151,1,112.26
12,152,1,112.26
12,153,1,112.26
12,154,1,112.26
12,155,1,112.26
12,156,1,112.26
12,157,1,112.26
12,158,1,112.26
12,159,1,112.26
12,160,1,112.26
12,161,1,112.26
12,162,1,112.26
12,163,1,112.26
12,164,1,112.26
12,165,1,112.26
12,166,1,112.26
12,167,1,112.26
12,168,1,112.26
12,169,1,112.26
12,170,1,112.26
12,171,1,112.26
12,172,1,112.26
12,173,1,112.26
12,174,1,112.26
12,175,1,112.26
12,176,1,112.26
12,177,1,112.26
12,178,1,112.26
12,179,1,112.26
12,180,1,112.26
12,181,1,112.26
12,182,1,112.26
12,183,1,112.26
12,184,1,112.26
12,185,1,112.26
12,186,1,112.26
12,187,1,112.26
12,188,1,112.26
12,189,1,112.26
12,190,1,112.26
12,191,1,112.26
12,192,1,112.26
12,193,1,112.26
12,194,1,112.26
12,195,1,112.26
12,196,1,112.26
12,197,1,112.26
12,198,1,112.26
12,199,1,112.26
12,200,1,112.26
12,201,1,112.26
12,202,1,112.26
12,203,1,112.26
12,204,1,112.26
12,205,1,112.26
12,206,1,112.26
12,207,1,112.26
12,208,1,112.26
12,209,1,112.26
12,210,1,112.26
12,211,1,112.26
12,212,1,112.26
12,213,1,112.26
12,214,1,112.26
12,215,1,112.26
12,216,1,112.26
12,217,1,112.26
12,218,1,112.26
12,219,1,112.26
12,220,1,112.26
12,221,1,112.26
12,222,1,112.26
12,223,1,112.26
12,224,1,112.26
12,225,1,112.26
12,226,1,112.26
12,227,1,112.26
12,228,1,112.26
12,229,1,112.26
12,230,1,112.26
12,231,1,112.26
12,232,1,112.26
12,233,1,112.26
12,234,1,112.26
12,235,1,112.26
12,236,1,112.26
12,237,1,112.26
12,238,1,112.26
12,239,1,112.26
12,240,1,112.26
12,241,1,112.26
12,242,1,112.26
12,243,1,112.26
12,244,1,112.26
12,245,1,112.26
12,246,1,112.26
12,247,1,112.26
12,248,1,112.26
12,249,1,112.26
12,250,1,112.26
12,251,1,112.26
12,252,1,112.26
12,253,1,112.26
12,254,1,112.26
12,255,1,112.26
12,256,1,112.26
12,257,1,112.26
12,258,1,112.26
12,259,1,112.26
12,260,1,112.26
12,261,1,112.26
12,262,1,112.26
12,263,1,112.26
12,264,1,112.26
12,265,1,112.26
12,266,1,112.26
12,267,1,112.26
12,268,1,112.26
12,269,1,112.26
12,270,1,112.26
12,271,1,112.26
12,272,1,112.26
12,273,1,112.26
12,274,1,112.26
12,275,1,112.26
12,276,1,112.26
12,277,1,112.26
12,278,1,112.26
12,279,1,112.26
12,280,1,112.26
12,281,1,112.26
12,282,1,112.26
12,283,1,112.26
12,284,1,112.26
12,285,1,112.26
12,286,1,112.26
12,287,1,112.26
12,288,1,112.26
12,289,1,112.26
12,290,1,112.26
12,291,1,112.26
12,292,1,112.26
12,293,1,112.26
12,294,1,112.26
12,295,1,112.26
12,296,1,112.26
12,297,1,112.26
12,298,1,112.26
12,299,1,112.26
12,300,1,112.26
13,1,1,51.28
13,2,1,51.28
13,3,1,51.28
13,4,1,51.28
13,5,1,51.28
13,6,1,51.28
13,7,1,51.28
13,8,1,51.28
13,9,1,51.28
13,10,1,51.28
13,11,1,51.28
13,12,1,51.28
13,13,1,51.28
13,14,1,51.28
13,15,1,51.28
13,16,1,51.28
13,17,1,51.28
13,18,1,51.28
13,19,1,51.28
13,20,1,51.28
13,21,1,51.28
13,22,1,51.28
13,23,1,51.28
13,24,1,51.28
13,25,1,51.28
13,26,1,51.28
13,27,1,51.28
13,28,1,51.28
13,29,1,51.28
13,30,1,51.28
13,31,1,51.28
13,32,1,51.28
13,33,1,51.28
13,34,1,51.28
13,35,1,51.28
13,36,1,51.28
13,37,1,51.28
13,38,1,51.28
13,39,1,51.28
13,40,1,51.28
13,41,1,51.28
13,42,1,51.28
13,43,1,51.28
13,44,1,51.28
13,45,1,51.28
13,46,1,51.28
13,47,1,51.28
13,48,1,51.28
13,49,1,51.28
13,50,1,51.28
13,51,1,51.28
13,52,1,51.28
13,53,1,51.28
13,54,1,51.28
13,55,1,51.28
13,56,1,51.28
13,57,1,51.28
13,58,1,51.28
13,59,1,51.28
13,60,1,51.28
13,61,1,51.28
13,62,1,51.28
13,63,1,51.28
13,64,1,51.28
13,65,1,51.28
13,66,1,51.28
13,67,1,51.28
13,68,1,51.28
13,69,1,51.28
13,70,1,51.28
13,71,1,51.28
13,72,1,51.28
13,73,1,51.28
13,74,1,51.28
13,75,1,51.28
13,76,1,51.28
13,77,1,51.28
13,78,1,51.28
13,79,1,51.28
13,80,1,51.28
13,81,1,51.28
13,82,1,51.28
13,83,1,51.28
13,84,1,51.28
13,85,1,51.28
13,86,1,51.28
13,87,1,51.28
13,88,1,51.28
13,89,1,51.28
13,90,1,51.28
13,91,1,51.28
13,92,1,51.28
13,93,1,51.28
13,94,1,51.28
13,95,1,51.28
13,96,1,51.28
13,97,1,51.28
13,98,1,51.28
13,99,1,51.28
13,100,1,51.28
13,101,1,51.28
13,102,1,51.28
13,103,1,51.28
13,104,1,51.28
13,105,1,51.28
13,106,1,51.28
13,107,1,51.28
13,108,1,51.28
13,109,1,51.28
13,110,1,51.28
13,111,1,51.28
13,112,1,51.28
13,113,1,51.28
13,114,1,51.28
13,115,1,51.28
13,116,1,51.28
13,117,1,51.28
13,118,1,51.28
13,119,1,51.28
13,120,1,51.28
13,121,1,51.28
13,122,1,51.28
13,123,1,51.28
13,124,1,51.28
13,125,1,51.28
13,126,1,51.28
13,127,1,51.28
13,128,1,51.28
13,129,1,51.28
13,130,1,51.28
13,131,1,51.28
13,132,1,51.28
13,133,1,51.28
13,134,1,51.28
13,135,1,51.28
13,136,1,51.28
13,137,1,51.28
13,138,1,51.28
13,139,1,51.28
13,140,1,51.28
13,141,1,51.28
13,142,1,51.28
13,143,1,51.28
13,144,1,51.28
13,145,1,51.28
13,146,1,51.28
13,147,1,51.28
13,148,1,51.28
13,149,1,51.28
13,150,1,51.28
13,151,1,51.28
13,152,1,51.28
13,153,1,51.28
13,154,1,51.28
13,155,1,51.28
13,156,1,51.28
13,157,1,51.28
13,158,1,51.28
13,159,1,51.28
13,160,1,51.28
13,161,1,51.28
13,162,1,51.28
13,163,1,51.28
13,164,1,51.28
13,165,1,51.28
13,166,1,51.28
13,167,1,51.28
13,168,1,51.28
13,169,1,51.28
13,170,1,51.28
13,171,1,51.28
13,172,1,51.28
13,173,1,51.28
13,174,1,51.28
13,175,1,51.28
13,176,1,51.28
13,177,1,51.28
13,178,1,51.28
13,179,1,51.28
13,180,1,51.28
13,181,1,51.28
13,182,1,51.28
13,183,1,51.28
13,184,1,51.28
13,185,1,51.28
13,186,1,51.28
13,187,1,51.28
13,188,1,51.28
13,189,1,51.28
13,190,1,51.28
13,191,1,51.28
13,192,1,51.28
13,193,1,51.28
13,194,1,51.28
13,195,1,51.28
13,196,1,51.28
13,197,1,51.28
13,198,1,51.28
13,199,1,51.28
13,200,1,51.28
13,201,1,51.28
13,202,1,51.28
13,203,1,51.28
13,204,1,51.28
13,205,1,51.28
13,206,1,51.28
13,207,1,51.28
13,208,1,51.28
13,209,1,51.28
13,210,1,51.28
13,211,1,51.28
13,212,1,51.28
13,213,1,51.28
13,214,1,51.28
13,215,1,51.28
13,216,1,51.28
13,217,1,51.28
13,218,1,51.28
13,219,1,51.28
13,220,1,51.28
13,221,1,51.28
13,222,1,51.28
13,223,1,51.28
13,224,1,51.28
13,225,1,51.28
13,226,1,51.28
13,227,1,51.28
13,228,1,51.28
13,229,1,51.28
13,230,1,51.28
13,231,1,51.28
13,232,1,51.28
13,233,1,51.28
13,234,1,51.28
13,235,1,51.28
13,236,1,51.28
13,237,1,51.28
13,238,1,51.28
13,239,1,51.28
13,240,1,51.28
13,241,1,51.28
13,242,1,51.28
13,243,1,51.28
13,244,1,51.28
13,245,1,51.28
13,246,1,51.28
13,247,1,51.28
13,248,1,51.28
13,249,1,51.28
13,250,1,51.28
13,251,1,51.28
13,252,1,51.28
13,253,1,51.28
13,254,1,51.28
13,255,1,51.28
13,256,1,51.28
13,257,1,51.28
13,258,1,51.28
13,259,1,51.28
13,260,1,51.28
13,261,1,51.28
13,262,1,51.28
13,263,1,51.28
13,264,1,51.28
13,265,1,51.28
13,266,1,51.28
13,267,1,51.28
13,268,1,51.28
13,269,1,51.28
13,270,1,51.28
13,271,1,51.28
13,272,1,51.28
13,273,1,51.28
13,274,1,51.28
13,275,1,51.28
13,276,1,51.28
13,277,1,51.28
13,278,1,51.28
13,279,1,51.28
13,280,1,51.28
13,281,1,51.28
13,282,1,51.28
13,283,1,51.28
13,284,1,51.28
13,285,1,51.28
13,286,1,51.28
13,287,1,51.28
13,288,1,51.28
13,289,1,51.28
13,290,1,51.28
13,291,1,51.28
13,292,1,51.28
13,293,1,51.28
13,294,1,51.28
13,295,1,51.28
13,296,1,51.28
13,297,1,51.28
13,298,1,51.28
13,299,1,51.28
13,300,1,51.28
14,1,1,111.32
14,2,1,111.32
14,3,1,111.32
14,4,1,111.32
14,5,1,111.32
14,6,1,111.32
14,7,1,111.32
14,8,1,111.32
14,9,1,111.32
14,10,1,111.32
14,11,1,111.32
14,12,1,111.32
14,13,1,111.32
14,14,1,111.32
14,15,1,111.32
14,16,1,111.32
14,17,1,111.32
14,18,1,111.32
14,19,1,111.32
14,20,1,111.32
14,21,1,111.32
14,22,1,111.32
14,23,1,111.32
14,24,1,111.32
14,25,1,111.32
14,26,1,111.32
14,27,1,111.32
14,28,1,111.32
14,29,1,111.32
14,30,1,111.32
14,31,1,111.32
14,32,1,111.32
14,33,1,111.32
14,34,1,111.32
14,35,1,111.32
14,36,1,111.32
14,37,1,111.32
14,38,1,111.32
14,39,1,111.32
14,40,1,111.32
14,41,1,111.32
14,42,1,111.32
14,43,1,111.32
14,44,1,111.32
14,45,1,111.32
14,46,1,111.32
14,47,1,111.32
14,48,1,111.32
14,49,1,111.32
14,50,1,111.32
14,51,1,111.32
14,52,1,111.32
14,53,1,111.32
14,54,1,111.32
14,55,1,111.32
14,56,1,111.32
14,57,1,111.32
14,58,1,111.32
14,59,1,111.32
14,60,1,111.32
14,61,1,111.32
14,62,1,111.32
14,63,1,111.32
14,64,1,111.32
14,65,1,111.32
14,66,1,111.32
14,67,1,111.32
14,68,1,111.32
14,69,1,111.32
14,70,1,111.32
14,71,1,111.32
14,72,1,111.32
14,73,1,111.32
14,74,1,111.32
14,75,1,111.32
14,76,1,111.32
14,77,1,111.32
14,78,1,111.32
14,79,1,111.32
14,80,1,111.32
14,81,1,111.32
14,82,1,111.32
14,83,1,111.32
14,84,1,111.32
14,85,1,111.32
14,86,1,111.32
14,87,1,111.32
14,88,1,111.32
14,89,1,111.32
14,90,1,111.32
14,91,1,111.32
14,92,1,111.32
14,93,1,111.32
14,94,1,111.32
14,95,1,111.32
14,96,1,111.32
14,97,1,111.32
14,98,1,111.32
14,99,1,111.32
14,100,1,111.32
14,101,1,111.32
14,102,1,111.32
14,103,1,111.32
14,104,1,111.32
14,105,1,111.32
14,106,1,111.32
14,107,1,111.32
14,108,1,111.32
14,109,1,111.32
14,110,1,111.32
14,111,1,111.32
14,112,1,111.32
14,113,1,111.32
14,114,1,111.32
14,115,1,111.32
14,116,1,111.32
14,117,1,111.32
14,118,1,111.32
14,119,1,111.32
14,120,1,111.32
14,121,1,111.32
14,122,1,111.32
14,123,1,111.32
14,124,1,111.32
14,125,1,111.32
14,126,1,111.32
14,127,1,111.32
14,128,1,111.32
14,129,1,111.32
14,130,1,111.32
14,131,1,111.32
14,132,1,111.32
14,133,1,111.32
14,134,1,111.32
14,135,1,111.32
14,136,1,111.32
14,137,1,111.32
14,138,1,111.32
14,139,1,111.32
14,140,1,111.32
14,141,1,111.32
14,142,1,111.32
14,143,1,111.32
14,144,1,111.32
14,145,1,111.32
14,146,1,111.32
14,147,1,111.32
14,148,1,111.32
14,149,1,111.32
14,150,1,111.32
14,151,1,111.32
14,152,1,111.32
14,153,1,111.32
14,154,1,111.32
14,155,1,111.32
14,156,1,111.32
14,157,1,111.32
14,158,1,111.32
14,159,1,111.32
14,160,1,111.32
14,161,1,111.32
14,162,1,111.32
14,163,1,111.32
14,164,1,111.32
14,165,1,111.32
14,166,1,111.32
14,167,1,111.32
14,168,1,111.32
14,169,1,111.32
14,170,1,111.32
14,171,1,111.32
14,172,1,111.32
14,173,1,111.32
14,174,1,111.32
14,175,1,111.32
14,176,1,111.32
14,177,1,111.32
14,178,1,111.32
14,179,1,111.32
14,180,1,111.32
14,181,1,111.32
14,182,1,111.32
14,183,1,111.32
14,184,1,111.32
14,185,1,111.32
14,186,1,111.32
14,187,1,111.32
14,188,1,111.32
14,189,1,111.32
14,190,1,111.32
14,191,1,111.32
14,192,1,111.32
14,193,1,111.32
14,194,1,111.32
14,195,1,111.32
14,196,1,111.32
14,197,1,111.32
14,198,1,111.32
14,199,1,111.32
14,200,1,111.32
14,201,1,111.32
14,202,1,111.32
14,203,1,111.32
14,204,1,111.32
14,205,1,111.32
14,206,1,111.32
14,207,1,111.32
14,208,1,111.32
14,209,1,111.32
14,210,1,111.32
14,211,1,111.32
14,212,1,111.32
14,213,1,111.32
14,214,1,111.32
14,215,1,111.32
14,216,1,111.32
14,217,1,111.32
14,218,1,111.32
14,219,1,111.32
14,220,1,111.32
14,221,1,111.32
14,222,1,111.32
14,223,1,111.32
14,224,1,111.32
14,225,1,111.32
14,226,1,111.32
14,227,1,111.32
14,228,1,111.32
14,229,1,111.32
14,230,1,111.32
14,231,1,111.32
14,232,1,111.32
14,233,1,111.32
14,234,1,111.32
14,235,1,111.32
14,236,1,111.32
14,237,1,111.32
14,238,1,111.32
14,239,1,111.32
14,240,1,111.32
14,241,1,111.32
14,242,1,111.32
14,243,1,111.32
14,244,1,111.32
14,245,1,111.32
14,246,1,111.32
14,247,1,111.32
14,248,1,111.32
14,249,1,111.32
14,250,1,111.32
14,251,1,111.32
14,252,1,111.32
14,253,1,111.32
14,254,1,111.32
14,255,1,111.32
14,256,1,111.32
14,257,1,111.32
14,258,1,111.32
14,259,1,111.32
14,260,1,111.32
14,261,1,111.32
14,262,1,111.32
14,263,1,111.32
14,264,1,111.32
14,265,1,111.32
14,266,1,111.32
14,267,1,111.32
14,268,1,111.32
14,269,1,111.32
14,270,1,111.32
14,271,1,111.32
14,272,1,111.32
14,273,1,111.32
14,274,1,111.32
14,275,1,111.32
14,276,1,111.32
14,277,1,111.32
14,278,1,111.32
14,279,1,111.32
14,280,1,111.32
14,281,1,111.32
14,282,1,111.32
14,283,1,111.32
14,284,1,111.32
14,285,1,111.32
14,286,1,111.32
14,287,1,111.32
14,288,1,111.32
14,289,1,111.32
14,290,1,111.32
14,291,1,111.32
14,292,1,111.32
14,293,1,111.32
14,294,1,111.32
14,295,1,111.32
14,296,1,111.32
14,297,1,111.32
14,298,1,111.32
14,299,1,111.32
14,300,1,111.32
15,1,1,82.92
15,2,1,82.92
15,3,1,82.92
15,4,1,82.92
15,5,1,82.92
15,6,1,82.92
15,7,1,82.92
15,8,1,82.92
15,9,1,82.92
15,10,1,82.92
15,11,1,82.92
15,12,1,82.92
15,13,1,82.92
15,14,1,82.92
15,15,1,82.92
15,16,1,82.92
15,17,1,82.92
15,18,1,82.92
15,19,1,82.92
15,20,1,82.92
15,21,1,82.92
15,22,1,82.92
15,23,1,82.92
15,24,1,82.92
15,25,1,82.92
15,26,1,82.92
15,27,1,82.92
15,28,1,82.92
15,29,1,82.92
15,30,1,82.92
15,31,1,82.92
15,32,1,82.92
15,33,1,82.92
15,34,1,82.92
15,35,1,82.92
15,36,1,82.92
15,37,1,82.92
15,38,1,82.92
15,39,1,82.92
15,40,1,82.92
15,41,1,82.92
15,42,1,82.92
15,43,1,82.92
15,44,1,82.92
15,45,1,82.92
15,46,1,82.92
15,47,1,82.92
15,48,1,82.92
15,49,1,82.92
15,50,1,82.92
15,51,1,82.92
15,52,1,82.92
15,53,1,82.92
15,54,1,82.92
15,55,1,82.92
15,56,1,82.92
15,57,1,82.92
15,58,1,82.92
15,59,1,82.92
15,60,1,82.92
15,61,1,82.92
15,62,1,82.92
15,63,1,82.92
15,64,1,82.92
15,65,1,82.92
15,66,1,82.92
15,67,1,82.92
15,68,1,82.92
15,69,1,82.92
15,70,1,82.92
15,71,1,82.92
15,72,1,82.92
15,73,1,82.92
15,74,1,82.92
15,75,1,82.92
15,76,1,82.92
15,77,1,82.92
15,78,1,82.92
15,79,1,82.92
15,80,1,82.92
15,81,1,82.92
15,82,1,82.92
15,83,1,82.92
15,84,1,82.92
15,85,1,82.92
15,86,1,82.92
15,87,1,82.92
15,88,1,82.92
15,89,1,82.92
15,90,1,82.92
15,91,1,82.92
15,92,1,82.92
15,93,1,82.92
15,94,1,82.92
15,95,1,82.92
15,96,1,82.92
15,97,1,82.92
15,98,1,82.92
15,99,1,82.92
15,100,1,82.92
15,101,1,82.92
15,102,1,82.92
15,103,1,82.92
15,104,1,82.92
15,105,1,82.92
15,106,1,82.92
15,107,1,82.92
15,108,1,82.92
15,109,1,82.92
15,110,1,82.92
15,111,1,82.92
15,112,1,82.92
15,113,1,82.92
15,114,1,82.92
15,115,1,82.92
15,116,1,82.92
15,117,1,82.92
15,118,1,82.92
15,119,1,82.92
15,120,1,82.92
15,121,1,82.92
15,122,1,82.92
15,123,1,82.92
15,124,1,82.92
15,125,1,82.92
15,126,1,82.92
15,127,1,82.92
15,128,1,82.92
15,129,1,82.92
15,130,1,82.92
15,131,1,82.92
15,132,1,82.92
15,133,1,82.92
15,134,1,82.92
15,135,1,82.92
15,136,1,82.92
15,137,1,82.92
15,138,1,82.92
15,139,1,82.92
15,140,1,82.92
15,141,1,82.92
15,142,1,82.92
15,143,1,82.92
15,144,1,82.92
15,145,1,82.92
15,146,1,82.92
15,147,1,82.92
15,148,1,82.92
15,149,1,82.92
15,150,1,82.92
15,151,1,82.92
15,152,1,82.92
15,153,1,82.92
15,154,1,82.92
15,155,1,82.92
15,156,1,82.92
15,157,1,82.92
15,158,1,82.92
15,159,1,82.92
15,160,1,82.92
15,161,1,82.92
15,162,1,82.92
15,163,1,82.92
15,164,1,82.92
15,165,1,82.92
15,166,1,82.92
15,167,1,82.92
15,168,1,82.92
15,169,1,82.92
15,170,1,82.92
15,171,1,82.92
15,172,1,82.92
15,173,1,82.92
15,174,1,82.92
15,175,1,82.92
15,176,1,82.92
15,177,1,82.92
15,178,1,82.92
15,179,1,82.92
15,180,1,82.92
15,181,1,82.92
15,182,1,82.92
15,183,1,82.92
15,184,1,82.92
15,185,1,82.92
15,186,1,82.92
15,187,1,82.92
15,188,1,82.92
15,189,1,82.92
15,190,1,82.92
15,191,1,82.92
15,192,1,82.92
15,193,1,82.92
15,194,1,82.92
15,195,1,82.92
15,196,1,82.92
15,197,1,82.92
15,198,1,82.92
15,199,1,82.92
15,200,1,82.92
15,201,1,82.92
15,202,1,82.92
15,203,1,82.92
15,204,1,82.92
15,205,1,82.92
15,206,1,82.92
15,207,1,82.92
15,208,1,82.92
15,209,1,82.92
15,210,1,82.92
15,211,1,82.92
15,212,1,82.92
15,213,1,82.92
15,214,1,82.92
15,215,1,82.92
15,216,1,82.92
15,217,1,82.92
15,218,1,82.92
15,219,1,82.92
15,220,1,82.92
15,221,1,82.92
15,222,1,82.92
15,223,1,82.92
15,224,1,82.92
15,225,1,82.92
15,226,1,82.92
15,227,1,82.92
15,228,1,82.92
15,229,1,82.92
15,230,1,82.92
15,231,1,82.92
15,232,1,82.92
15,233,1,82.92
15,234,1,82.92
15,235,1,82.92
15,236,1,82.92
15,237,1,82.92
15,238,1,82.92
15,239,1,82.92
15,240,1,82.92
15,241,1,82.92
15,242,1,82.92
15,243,1,82.92
15,244,1,82.92
15,245,1,82.92
15,246,1,82.92
15,247,1,82.92
15,248,1,82.92
15,249,1,82.92
15,250,1,82.92
15,251,1,82.92
15,252,1,82.92
15,253,1,82.92
15,254,1,82.92
15,255,1,82.92
15,256,1,82.92
15,257,1,82.92
15,258,1,82.92
15,259,1,82.92
15,260,1,82.92
15,261,1,82.92
15,262,1,82.92
15,263,1,82.92
15,264,1,82.92
15,265,1,82.92
15,266,1,82.92
15,267,1,82.92
15,268,1,82.92
15,269,1,82.92
15,270,1,82.92
15,271,1,82.92
15,272,1,82.92
15,273,1,82.92
15,274,1,82.92
15,275,1,82.92
15,276,1,82.92
15,277,1,82.92
15,278,1,82.92
15,279,1,82.92
15,280,1,82.92
15,281,1,82.92
15,282,1,82.92
15,283,1,82.92
15,284,1,82.92
15,285,1,82.92
15,286,1,82.92
15,287,1,82.92
15,288,1,82.92
15,289,1,82.92
15,290,1,82.92
15,291,1,82.92
15,292,1,82.92
15,293,1,82.92
15,294,1,82.92
15,295,1,82.92
15,296,1,82.92
15,297,1,82.92
15,298,1,82.92
15,299,1,82.92
15,300,1,82.92
16,1,1,83.64
16,2,1,83.64
16,3,1,83.64
16,4,1,83.64
16,5,1,83.64
16,6,1,83.64
16,7,1,83.64
16,8,1,83.64
16,9,1,83.64
16,10,1,83.64
16,11,1,83.64
16,12,1,83.64
16,13,1,83.64
16,14,1,83.64
16,15,1,83.64
16,16,1,83.64
16,17,1,83.64
16,18,1,83.64
16,19,1,83.64
16,20,1,83.64
16,21,1,83.64
16,22,1,83.64
16,23,1,83.64
16,24,1,83.64
16,25,1,83.64
16,26,1,83.64
16,27,1,83.64
16,28,1,83.64
16,29,1,83.64
16,30,1,83.64
16,31,1,83.64
16,32,1,83.64
16,33,1,83.64
16,34,1,83.64
16,35,1,83.64
16,36,1,83.64
16,37,1,83.64
16,38,1,83.64
16,39,1,83.64
16,40,1,83.64
16,41,1,83.64
16,42,1,83.64
16,43,1,83.64
16,44,1,83.64
16,45,1,83.64
16,46,1,83.64
16,47,1,83.64
16,48,1,83.64
16,49,1,83.64
16,50,1,83.64
16,51,1,83.64
16,52,1,83.64
16,53,1,83.64
16,54,1,83.64
16,55,1,83.64
16,56,1,83.64
16,57,1,83.64
16,58,1,83.64
16,59,1,83.64
16,60,1,83.64
16,61,1,83.64
16,62,1,83.64
16,63,1,83.64
16,64,1,83.64
16,65,1,83.64
16,66,1,83.64
16,67,1,83.64
16,68,1,83.64
16,69,1,83.64
16,70,1,83.64
16,71,1,83.64
16,72,1,83.64
16,73,1,83.64
16,74,1,83.64
16,75,1,83.64
16,76,1,83.64
16,77,1,83.64
16,78,1,83.64
16,79,1,83.64
16,80,1,83.64
16,81,1,83.64
16,82,1,83.64
16,83,1,83.64
16,84,1,83.64
16,85,1,83.64
16,86,1,83.64
16,87,1,83.64
16,88,1,83.64
16,89,1,83.64
16,90,1,83.64
16,91,1,83.64
16,92,1,83.64
16,93,1,83.64
16,94,1,83.64
16,95,1,83.64
16,96,1,83.64
16,97,1,83.64
16,98,1,83.64
16,99,1,83.64
16,100,1,83.64
16,101,1,83.64
16,102,1,83.64
16,103,1,83.64
16,104,1,83.64
16,105,1,83.64
16,106,1,83.64
16,107,1,83.64
16,108,1,83.64
16,109,1,83.64
16,110,1,83.64
16,111,1,83.64
16,112,1,83.64
16,113,1,83.64
16,114,1,83.64
16,115,1,83.64
16,116,1,83.64
16,117,1,83.64
16,118,1,83.64
16,119,1,83.64
16,120,1,83.64
16,121,1,83.64
16,122,1,83.64
16,123,1,83.64
16,124,1,83.64
16,125,1,83.64
16,126,1,83.64
16,127,1,83.64
16,128,1,83.64
16,129,1,83.64
16,130,1,83.64
16,131,1,83.64
16,132,1,83.64
16,133,1,83.64
16,134,1,83.64
16,135,1,83.64
16,136,1,83.64
16,137,1,83.64
16,138,1,83.64
16,139,1,83.64
16,140,1,83.64
16,141,1,83.64
16,142,1,83.64
16,143,1,83.64
16,144,1,83.64
16,145,1,83.64
16,146,1,83.64
16,147,1,83.64
16,148,1,83.64
16,149,1,83.64
16,150,1,83.64
16,151,1,83.64
16,152,1,83.64
16,153,1,83.64
16,154,1,83.64
16,155,1,83.64
16,156,1,83.64
16,157,1,83.64
16,158,1,83.64
16,159,1,83.64
16,160,1,83.64
16,161,1,83.64
16,162,1,83.64
16,163,1,83.64
16,164,1,83.64
16,165,1,83.64
16,166,1,83.64
16,167,1,83.64
16,168,1,83.64
16,169,1,83.64
16,170,1,83.64
16,171,1,83.64
16,172,1,83.64
16,173,1,83.64
16,174,1,83.64
16,175,1,83.64
16,176,1,83.64
16,177,1,83.64
16,178,1,83.64
16,179,1,83.64
16,180,1,83.64
16,181,1,83.64
16,182,1,83.64
16,183,1,83.64
16,184,1,83.64
16,185,1,83.64
16,186,1,83.64
16,187,1,83.64
16,188,1,83.64
16,189,1,83.64
16,190,1,83.64
16,191,1,83.64
16,192,1,83.64
16,193,1,83.64
16,194,1,83.64
16,195,1,83.64
16,196,1,83.64
16,197,1,83.64
16,198,1,83.64
16,199,1,83.64
16,200,1,83.64
16,201,1,83.64
16,202,1,83.64
16,203,1,83.64
16,204,1,83.64
16,205,1,83.64
16,206,1,83.64
16,207,1,83.64
16,208,1,83.64
16,209,1,83.64
16,210,1,83.64
16,211,1,83.64
16,212,1,83.64
16,213,1,83.64
16,214,1,83.64
16,215,1,83.64
16,216,1,83.64
16,217,1,83.64
16,218,1,83.64
16,219,1,83.64
16,220,1,83.64
16,221,1,83.64
16,222,1,83.64
16,223,1,83.64
16,224,1,83.64
16,225,1,83.64
16,226,1,83.64
16,227,1,83.64
16,228,1,83.64
16,229,1,83.64
16,230,1,83.64
16,231,1,83.64
16,232,1,83.64
16,233,1,83.64
16,234,1,83.64
16,235,1,83.64
16,236,1,83.64
16,237,1,83.64
16,238,1,83.64
16,239,1,83.64
16,240,1,83.64
16,241,1,83.64
16,242,1,83.64
16,243,1,83.64
16,244,1,83.64
16,245,1,83.64
16,246,1,83.64
16,247,1,83.64
16,248,1,83.64
16,249,1,83.64
16,250,1,83.64
16,251,1,83.64
16,252,1,83.64
16,253,1,83.64
16,254,1,83.64
16,255,1,83.64
16,256,1,83.64
16,257,1,83.64
16,258,1,83.64
16,259,1,83.64
16,260,1,83.64
16,261,1,83.64
16,262,1,83.64
16,263,1,83.64
16,264,1,83.64
16,265,1,83.64
16,266,1,83.64
16,267,1,83.64
16,268,1,83.64
16,269,1,83.64
16,270,1,83.64
16,271,1,83.64
16,272,1,83.64
16,273,1,83.64
16,274,1,83.64
16,275,1,83.64
16,276,1,83.64
16,277,1,83.64
16,278,1,83.64
16,279,1,83.64
16,280,1,83.64
16,281,1,83.64
16,282,1,83.64
16,283,1,83.64
16,284,1,83.64
16,285,1,83.64
16,286,1,83.64
16,287,1,83.64
16,288,1,83.64
16,289,1,83.64
16,290,1,83.64
16,291,1,83.64
16,292,1,83.64
16,293,1,83.64
16,294,1,83.64
16,295,1,83.64
16,296,1,83.64
16,297,1,83.64
16,298,1,83.64
16,299,1,83.64
16,300,1,83.64
17,1,1,476.15
17,2,1,476.15
17,3,1,476.15
17,4,1,476.15
17,5,1,476.15
17,6,1,476.15
17,7,1,476.15
17,8,1,476.15
17,9,1,476.15
17,10,1,476.15
17,11,1,476.15
17,12,1,476.15
17,13,1,476.15
17,14,1,476.15
17,15,1,476.15
17,16,1,476.15
17,17,1,476.15
17,18,1,476.15
17,19,1,476.15
17,20,1,476.15
17,21,1,476.15
17,22,1,476.15
17,23,1,476.15
17,24,1,476.15
17,25,1,476.15
17,26,1,476.15
17,27,1,476.15
17,28,1,476.15
17,29,1,476.15
17,30,1,476.15
17,31,1,476.15
17,32,1,476.15
17,33,1,476.15
17,34,1,476.15
17,35,1,476.15
17,36,1,476.15
17,37,1,476.15
17,38,1,476.15
17,39,1,476.15
17,40,1,476.15
17,41,1,476.15
17,42,1,476.15
17,43,1,476.15
17,44,1,476.15
17,45,1,476.15
17,46,1,476.15
17,47,1,476.15
17,48,1,476.15
17,49,1,476.15
17,50,1,476.15
17,51,1,476.15
17,52,1,476.15
17,53,1,476.15
17,54,1,476.15
17,55,1,476.15
17,56,1,476.15
17,57,1,476.15
17,58,1,476.15
17,59,1,476.15
17,60,1,476.15
17,61,1,476.15
17,62,1,476.15
17,63,1,476.15
17,64,1,476.15
17,65,1,476.15
17,66,1,476.15
17,67,1,476.15
17,68,1,476.15
17,69,1,476.15
17,70,1,476.15
17,71,1,476.15
17,72,1,476.15
17,73,1,476.15
17,74,1,476.15
17,75,1,476.15
17,76,1,476.15
17,77,1,476.15
17,78,1,476.15
17,79,1,476.15
17,80,1,476.15
17,81,1,476.15
17,82,1,476.15
17,83,1,476.15
17,84,1,476.15
17,85,1,476.15
17,86,1,476.15
17,87,1,476.15
17,88,1,476.15
17,89,1,476.15
17,90,1,476.15
17,91,1,476.15
17,92,1,476.15
17,93,1,476.15
17,94,1,476.15
17,95,1,476.15
17,96,1,476.15
17,97,1,476.15
17,98,1,476.15
17,99,1,476.15
17,100,1,476.15
17,101,1,476.15
17,102,1,476.15
17,103,1,476.15
17,104,1,476.15
17,105,1,476.15
17,106,1,476.15
17,107,1,476.15
17,108,1,476.15
17,109,1,476.15
17,110,1,476.15
17,111,1,476.15
17,112,1,476.15
17,113,1,476.15
17,114,1,476.15
17,115,1,476.15
17,116,1,476.15
17,117,1,476.15
17,118,1,476.15
17,119,1,476.15
17,120,1,476.15
17,121,1,476.15
17,122,1,476.15
17,123,1,476.15
17,124,1,476.15
17,125,1,476.15
17,126,1,476.15
17,127,1,476.15
17,128,1,476.15
17,129,1,476.15
17,130,1,476.15
17,131,1,476.15
17,132,1,476.15
17,133,1,476.15
17,134,1,476.15
17,135,1,476.15
17,136,1,476.15
17,137,1,476.15
17,138,1,476.15
17,139,1,476.15
17,140,1,476.15
17,141,1,476.15
17,142,1,476.15
17,143,1,476.15
17,144,1,476.15
17,145,1,476.15
17,146,1,476.15
17,147,1,476.15
17,148,1,476.15
17,149,1,476.15
17,150,1,476.15
17,151,1,476.15
17,152,1,476.15
17,153,1,476.15
17,154,1,476.15
17,155,1,476.15
17,156,1,476.15
17,157,1,476.15
17,158,1,476.15
17,159,1,476.15
17,160,1,476.15
17,161,1,476.15
17,162,1,476.15
17,163,1,476.15
17,164,1,476.15
17,165,1,476.15
17,166,1,476.15
17,167,1,476.15
17,168,1,476.15
17,169,1,476.15
17,170,1,476.15
17,171,1,476.15
17,172,1,476.15
17,173,1,476.15
17,174,1,476.15
17,175,1,476.15
17,176,1,476.15
17,177,1,476.15
17,178,1,476.15
17,179,1,476.15
17,180,1,476.15
17,181,1,476.15
17,182,1,476.15
17,183,1,476.15
17,184,1,476.15
17,185,1,476.15
17,186,1,476.15
17,187,1,476.15
17,188,1,476.15
17,189,1,476.15
17,190,1,476.15
17,191,1,476.15
17,192,1,476.15
17,193,1,476.15
17,194,1,476.15
17,195,1,476.15
17,196,1,476.15
17,197,1,476.15
17,198,1,476.15
17,199,1,476.15
17,200,1,476.15
17,201,1,476.15
17,202,1,476.15
17,203,1,476.15
17,204,1,476.15
17,205,1,476.15
17,206,1,476.15
17,207,1,476.15
17,208,1,476.15
17,209,1,476.15
17,210,1,476.15
17,211,1,476.15
17,212,1,476.15
17,213,1,476.15
17,214,1,476.15
17,215,1,476.15
17,216,1,476.15
17,217,1,476.15
17,218,1,476.15
17,219,1,476.15
17,220,1,476.15
17,221,1,476.15
17,222,1,476.15
17,223,1,476.15
17,224,1,476.15
17,225,1,476.15
17,226,1,476.15
17,227,1,476.15
17,228,1,476.15
17,229,1,476.15
17,230,1,476.15
17,231,1,476.15
17,232,1,476.15
17,233,1,476.15
17,234,1,476.15
17,235,1,476.15
17,236,1,476.15
17,237,1,476.15
17,238,1,476.15
17,239,1,476.15
17,240,1,476.15
17,241,1,476.15
17,242,1,476.15
17,243,1,476.15
17,244,1,476.15
17,245,1,476.15
17,246,1,476.15
17,247,1,476.15
17,248,1,476.15
17,249,1,476.15
17,250,1,476.15
17,251,1,476.15
17,252,1,476.15
17,253,1,476.15
17,254,1,476.15
17,255,1,476.15
17,256,1,476.15
17,257,1,476.15
17,258,1,476.15
17,259,1,476.15
17,260,1,476.15
17,261,1,476.15
17,262,1,476.15
17,263,1,476.15
17,264,1,476.15
17,265,1,476.15
17,266,1,476.15
17,267,1,476.15
17,268,1,476.15
17,269,1,476.15
17,270,1,476.15
17,271,1,476.15
17,272,1,476.15
17,273,1,476.15
17,274,1,476.15
17,275,1,476.15
17,276,1,476.15
17,277,1,476.15
17,278,1,476.15
17,279,1,476.15
17,280,1,476.15
17,281,1,476.15
17,282,1,476.15
17,283,1,476.15
17,284,1,476.15
17,285,1,476.15
17,286,1,476.15
17,287,1,476.15
17,288,1,476.15
17,289,1,476.15
17,290,1,476.15
17,291,1,476.15
17,292,1,476.15
17,293,1,476.15
17,294,1,476.15
17,295,1,476.15
17,296,1,476.15
17,297,1,476.15
17,298,1,476.15
17,299,1,476.15
17,300,1,476.15
18,1,1,81.59
18,2,1,81.59
18,3,1,81.59
18,4,1,81.59
18,5,1,81.59
18,6,1,81.59
18,7,1,81.59
18,8,1,81.59
18,9,1,81.59
18,10,1,81.59
18,11,1,81.59
18,12,1,81.59
18,13,1,81.59
18,14,1,81.59
18,15,1,81.59
18,16,1,81.59
18,17,1,81.59
18,18,1,81.59
18,19,1,81.59
18,20,1,81.59
18,21,1,81.59
18,22,1,81.59
18,23,1,81.59
18,24,1,81.59
18,25,1,81.59
18,26,1,81.59
18,27,1,81.59
18,28,1,81.59
18,29,1,81.59
18,30,1,81.59
18,31,1,81.59
18,32,1,81.59
18,33,1,81.59
18,34,1,81.59
18,35,1,81.59
18,36,1,81.59
18,37,1,81.59
18,38,1,81.59
18,39,1,81.59
18,40,1,81.59
18,41,1,81.59
18,42,1,81.59
18,43,1,81.59
18,44,1,81.59
18,45,1,81.59
18,46,1,81.59
18,47,1,81.59
18,48,1,81.59
18,49,1,81.59
18,50,1,81.59
18,51,1,81.59
18,52,1,81.59
18,53,1,81.59
18,54,1,81.59
18,55,1,81.59
18,56,1,81.59
18,57,1,81.59
18,58,1,81.59
18,59,1,81.59
18,60,1,81.59
18,61,1,81.59
18,62,1,81.59
18,63,1,81.59
18,64,1,81.59
18,65,1,81.59
18,66,1,81.59
18,67,1,81.59
18,68,1,81.59
18,69,1,81.59
18,70,1,81.59
18,71,1,81.59
18,72,1,81.59
18,73,1,81.59
18,74,1,81.59
18,75,1,81.59
18,76,1,81.59
18,77,1,81.59
18,78,1,81.59
18,79,1,81.59
18,80,1,81.59
18,81,1,81.59
18,82,1,81.59
18,83,1,81.59
18,84,1,81.59
18,85,1,81.59
18,86,1,81.59
18,87,1,81.59
18,88,1,81.59
18,89,1,81.59
18,90,1,81.59
18,91,1,81.59
18,92,1,81.59
18,93,1,81.59
18,94,1,81.59
18,95,1,81.59
18,96,1,81.59
18,97,1,81.59
18,98,1,81.59
18,99,1,81.59
18,100,1,81.59
18,101,1,81.59
18,102,1,81.59
18,103,1,81.59
18,104,1,81.59
18,105,1,81.59
18,106,1,81.59
18,107,1,81.59
18,108,1,81.59
18,109,1,81.59
18,110,1,81.59
18,111,1,81.59
18,112,1,81.59
18,113,1,81.59
18,114,1,81.59
18,115,1,81.59
18,116,1,81.59
18,117,1,81.59
18,118,1,81.59
18,119,1,81.59
18,120,1,81.59
18,121,1,81.59
18,122,1,81.59
18,123,1,81.59
18,124,1,81.59
18,125,1,81.59
18,126,1,81.59
18,127,1,81.59
18,128,1,81.59
18,129,1,81.59
18,130,1,81.59
18,131,1,81.59
18,132,1,81.59
18,133,1,81.59
18,134,1,81.59
18,135,1,81.59
18,136,1,81.59
18,137,1,81.59
18,138,1,81.59
18,139,1,81.59
18,140,1,81.59
18,141,1,81.59
18,142,1,81.59
18,143,1,81.59
18,144,1,81.59
18,145,1,81.59
18,146,1,81.59
18,147,1,81.59
18,148,1,81.59
18,149,1,81.59
18,150,1,81.59
18,151,1,81.59
18,152,1,81.59
18,153,1,81.59
18,154,1,81.59
18,155,1,81.59
18,156,1,81.59
18,157,1,81.59
18,158,1,81.59
18,159,1,81.59
18,160,1,81.59
18,161,1,81.59
18,162,1,81.59
18,163,1,81.59
18,164,1,81.59
18,165,1,81.59
18,166,1,81.59
18,167,1,81.59
18,168,1,81.59
18,169,1,81.59
18,170,1,81.59
18,171,1,81.59
18,172,1,81.59
18,173,1,81.59
18,174,1,81.59
18,175,1,81.59
18,176,1,81.59
18,177,1,81.59
18,178,1,81.59
18,179,1,81.59
18,180,1,81.59
18,181,1,81.59
18,182,1,81.59
18,183,1,81.59
18,184,1,81.59
18,185,1,81.59
18,186,1,81.59
18,187,1,81.59
18,188,1,81.59
18,189,1,81.59
18,190,1,81.59
18,191,1,81.59
18,192,1,81.59
18,193,1,81.59
18,194,1,81.59
18,195,1,81.59
18,196,1,81.59
18,197,1,81.59
18,198,1,81.59
18,199,1,81.59
18,200,1,81.59
18,201,1,81.59
18,202,1,81.59
18,203,1,81.59
18,204,1,81.59
18,205,1,81.59
18,206,1,81.59
18,207,1,81.59
18,208,1,81.59
18,209,1,81.59
18,210,1,81.59
18,211,1,81.59
18,212,1,81.59
18,213,1,81.59
18,214,1,81.59
18,215,1,81.59
18,216,1,81.59
18,217,1,81.59
18,218,1,81.59
18,219,1,81.59
18,220,1,81.59
18,221,1,81.59
18,222,1,81.59
18,223,1,81.59
18,224,1,81.59
18,225,1,81.59
18,226,1,81.59
18,227,1,81.59
18,228,1,81.59
18,229,1,81.59
18,230,1,81.59
18,231,1,81.59
18,232,1,81.59
18,233,1,81.59
18,234,1,81.59
18,235,1,81.59
18,236,1,81.59
18,237,1,81.59
18,238,1,81.59
18,239,1,81.59
18,240,1,81.59
18,241,1,81.59
18,242,1,81.59
18,243,1,81.59
18,244,1,81.59
18,245,1,81.59
18,246,1,81.59
18,247,1,81.59
18,248,1,81.59
18,249,1,81.59
18,250,1,81.59
18,251,1,81.59
18,252,1,81.59
18,253,1,81.59
18,254,1,81.59
18,255,1,81.59
18,256,1,81.59
18,257,1,81.59
18,258,1,81.59
18,259,1,81.59
18,260,1,81.59
18,261,1,81.59
18,262,1,81.59
18,263,1,81.59
18,264,1,81.59
18,265,1,81.59
18,266,1,81.59
18,267,1,81.59
18,268,1,81.59
18,269,1,81.59
18,270,1,81.59
18,271,1,81.59
18,272,1,81.59
18,273,1,81.59
18,274,1,81.59
18,275,1,81.59
18,276,1,81.59
18,277,1,81.59
18,278,1,81.59
18,279,1,81.59
18,280,1,81.59
18,281,1,81.59
18,282,1,81.59
18,283,1,81.59
18,284,1,81.59
18,285,1,81.59
18,286,1,81.59
18,287,1,81.59
18,288,1,81.59
18,289,1,81.59
18,290,1,81.59
18,291,1,81.59
18,292,1,81.59
18,293,1,81.59
18,294,1,81.59
18,295,1,81.59
18,296,1,81.59
18,297,1,81.59
18,298,1,81.59
18,299,1,81.59
18,300,1,81.59
19,1,1,24.39
19,2,1,24.39
19,3,1,24.39
19,4,1,24.39
19,5,1,24.39
19,6,1,24.39
19,7,1,24.39
19,8,1,24.39
19,9,1,24.39
19,10,1,24.39
19,11,1,24.39
19,12,1,24.39
19,13,1,24.39
19,14,1,24.39
19,15,1,24.39
19,16,1,24.39
19,17,1,24.39
19,18,1,24.39
19,19,1,24.39
19,20,1,24.39
19,21,1,24.39
19,22,1,24.39
19,23,1,24.39
19,24,1,24.39
19,25,1,24.39
19,26,1,24.39
19,27,1,24.39
19,28,1,24.39
19,29,1,24.39
19,30,1,24.39
19,31,1,24.39
19,32,1,24.39
19,33,1,24.39
19,34,1,24.39
19,35,1,24.39
19,36,1,24.39
19,37,1,24.39
19,38,1,24.39
19,39,1,24.39
19,40,1,24.39
19,41,1,24.39
19,42,1,24.39
19,43,1,24.39
19,44,1,24.39
19,45,1,24.39
19,46,1,24.39
19,47,1,24.39
19,48,1,24.39
19,49,1,24.39
19,50,1,24.39
19,51,1,24.39
19,52,1,24.39
19,53,1,24.39
19,54,1,24.39
19,55,1,24.39
19,56,1,24.39
19,57,1,24.39
19,58,1,24.39
19,59,1,24.39
19,60,1,24.39
19,61,1,24.39
19,62,1,24.39
19,63,1,24.39
19,64,1,24.39
19,65,1,24.39
19,66,1,24.39
19,67,1,24.39
19,68,1,24.39
19,69,1,24.39
19,70,1,24.39
19,71,1,24.39
19,72,1,24.39
19,73,1,24.39
19,74,1,24.39
19,75,1,24.39
19,76,1,24.39
19,77,1,24.39
19,78,1,24.39
19,79,1,24.39
19,80,1,24.39
19,81,1,24.39
19,82,1,24.39
19,83,1,24.39
19,84,1,24.39
19,85,1,24.39
19,86,1,24.39
19,87,1,24.39
19,88,1,24.39
19,89,1,24.39
19,90,1,24.39
19,91,1,24.39
19,92,1,24.39
19,93,1,24.39
19,94,1,24.39
19,95,1,24.39
19,96,1,24.39
19,97,1,24.39
19,98,1,24.39
19,99,1,24.39
19,100,1,24.39
19,101,1,24.39
19,102,1,24.39
19,103,1,24.39
19,104,1,24.39
19,105,1,24.39
19,106,1,24.39
19,107,1,24.39
19,108,1,24.39
19,109,1,24.39
19,110,1,24.39
19,111,1,24.39
19,112,1,24.39
19,113,1,24.39
19,114,1,24.39
19,115,1,24.39
19,116,1,24.39
19,117,1,24.39
19,118,1,24.39
19,119,1,24.39
19,120,1,24.39
19,121,1,24.39
19,122,1,24.39
19,123,1,24.39
19,124,1,24.39
19,125,1,24.39
19,126,1,24.39
19,127,1,24.39
19,128,1,24.39
19,129,1,24.39
19,130,1,24.39
19,131,1,24.39
19,132,1,24.39
19,133,1,24.39
19,134,1,24.39
19,135,1,24.39
19,136,1,24.39
19,137,1,24.39
19,138,1,24.39
19,139,1,24.39
19,140,1,24.39
19,141,1,24.39
19,142,1,24.39
19,143,1,24.39
19,144,1,24.39
19,145,1,24.39
19,146,1,24.39
19,147,1,24.39
19,148,1,24.39
19,149,1,24.39
19,150,1,24.39
19,151,1,24.39
19,152,1,24.39
19,153,1,24.39
19,154,1,24.39
19,155,1,24.39
19,156,1,24.39
19,157,1,24.39
19,158,1,24.39
19,159,1,24.39
19,160,1,24.39
19,161,1,24.39
19,162,1,24.39
19,163,1,24.39
19,164,1,24.39
19,165,1,24.39
19,166,1,24.39
19,167,1,24.39
19,168,1,24.39
19,169,1,24.39
19,170,1,24.39
19,171,1,24.39
19,172,1,24.39
19,173,1,24.39
19,174,1,24.39
19,175,1,24.39
19,176,1,24.39
19,177,1,24.39
19,178,1,24.39
19,179,1,24.39
19,180,1,24.39
19,181,1,24.39
19,182,1,24.39
19,183,1,24.39
19,184,1,24.39
19,185,1,24.39
19,186,1,24.39
19,187,1,24.39
19,188,1,24.39
19,189,1,24.39
19,190,1,24.39
19,191,1,24.39
19,192,1,24.39
19,193,1,24.39
19,194,1,24.39
19,195,1,24.39
19,196,1,24.39
19,197,1,24.39
19,198,1,24.39
19,199,1,24.39
19,200,1,24.39
19,201,1,24.39
19,202,1,24.39
19,203,1,24.39
19,204,1,24.39
19,205,1,24.39
19,206,1,24.39
19,207,1,24.39
19,208,1,24.39
19,209,1,24.39
19,210,1,24.39
19,211,1,24.39
19,212,1,24.39
19,213,1,24.39
19,214,1,24.39
19,215,1,24.39
19,216,1,24.39
19,217,1,24.39
19,218,1,24.39
19,219,1,24.39
19,220,1,24.39
19,221,1,24.39
19,222,1,24.39
19,223,1,24.39
19,224,1,24.39
19,225,1,24.39
19,226,1,24.39
19,227,1,24.39
19,228,1,24.39
19,229,1,24.39
19,230,1,24.39
19,231,1,24.39
19,232,1,24.39
19,233,1,24.39
19,234,1,24.39
19,235,1,24.39
19,236,1,24.39
19,237,1,24.39
19,238,1,24.39
19,239,1,24.39
19,240,1,24.39
19,241,1,24.39
19,242,1,24.39
19,243,1,24.39
19,244,1,24.39
19,245,1,24.39
19,246,1,24.39
19,247,1,24.39
19,248,1,24.39
19,249,1,24.39
19,250,1,24.39
19,251,1,24.39
19,252,1,24.39
19,253,1,24.39
19,254,1,24.39
19,255,1,24.39
19,256,1,24.39
19,257,1,24.39
19,258,1,24.39
19,259,1,24.39
19,260,1,24.39
19,261,1,24.39
19,262,1,24.39
19,263,1,24.39
19,264,1,24.39
19,265,1,24.39
19,266,1,24.39
19,267,1,24.39
19,268,1,24.39
19,269,1,24.39
19,270,1,24.39
19,271,1,24.39
19,272,1,24.39
19,273,1,24.39
19,274,1,24.39
19,275,1,24.39
19,276,1,24.39
19,277,1,24.39
19,278,1,24.39
19,279,1,24.39
19,280,1,24.39
19,281,1,24.39
19,282,1,24.39
19,283,1,24.39
19,284,1,24.39
19,285,1,24.39
19,286,1,24.39
19,287,1,24.39
19,288,1,24.39
19,289,1,24.39
19,290,1,24.39
19,291,1,24.39
19,292,1,24.39
19,293,1,24.39
19,294,1,24.39
19,295,1,24.39
19,296,1,24.39
19,297,1,24.39
19,298,1,24.39
19,299,1,24.39
19,300,1,24.39
20,1,1,35.17
20,2,1,35.17
20,3,1,35.17
20,4,1,35.17
20,5,1,35.17
20,6,1,35.17
20,7,1,35.17
20,8,1,35.17
20,9,1,35.17
20,10,1,35.17
20,11,1,35.17
20,12,1,35.17
20,13,1,35.17
20,14,1,35.17
20,15,1,35.17
20,16,1,35.17
20,17,1,35.17
20,18,1,35.17
20,19,1,35.17
20,20,1,35.17
20,21,1,35.17
20,22,1,35.17
20,23,1,35.17
20,24,1,35.17
20,25,1,35.17
20,26,1,35.17
20,27,1,35.17
20,28,1,35.17
20,29,1,35.17
20,30,1,35.17
20,31,1,35.17
20,32,1,35.17
20,33,1,35.17
20,34,1,35.17
20,35,1,35.17
20,36,1,35.17
20,37,1,35.17
20,38,1,35.17
20,39,1,35.17
20,40,1,35.17
20,41,1,35.17
20,42,1,35.17
20,43,1,35.17
20,44,1,35.17
20,45,1,35.17
20,46,1,35.17
20,47,1,35.17
20,48,1,35.17
20,49,1,35.17
20,50,1,35.17
20,51,1,35.17
20,52,1,35.17
20,53,1,35.17
20,54,1,35.17
20,55,1,35.17
20,56,1,35.17
20,57,1,35.17
20,58,1,35.17
20,59,1,35.17
20,60,1,35.17
20,61,1,35.17
20,62,1,35.17
20,63,1,35.17
20,64,1,35.17
20,65,1,35.17
20,66,1,35.17
20,67,1,35.17
20,68,1,35.17
20,69,1,35.17
20,70,1,35.17
20,71,1,35.17
20,72,1,35.17
20,73,1,35.17
20,74,1,35.17
20,75,1,35.17
20,76,1,35.17
20,77,1,35.17
20,78,1,35.17
20,79,1,35.17
20,80,1,35.17
20,81,1,35.17
20,82,1,35.17
20,83,1,35.17
20,84,1,35.17
20,85,1,35.17
20,86,1,35.17
20,87,1,35.17
20,88,1,35.17
20,89,1,35.17
20,90,1,35.17
20,91,1,35.17
20,92,1,35.17
20,93,1,35.17
20,94,1,35.17
20,95,1,35.17
20,96,1,35.17
20,97,1,35.17
20,98,1,35.17
20,99,1,35.17
20,100,1,35.17
20,101,1,35.17
20,102,1,35.17
20,103,1,35.17
20,104,1,35.17
20,105,1,35.17
20,106,1,35.17
20,107,1,35.17
20,108,1,35.17
20,109,1,35.17
20,110,1,35.17
20,111,1,35.17
20,112,1,35.17
20,113,1,35.17
20,114,1,35.17
20,115,1,35.17
20,116,1,35.17
20,117,1,35.17
20,118,1,35.17
20,119,1,35.17
20,120,1,35.17
20,121,1,35.17
20,122,1,35.17
20,123,1,35.17
20,124,1,35.17
20,125,1,35.17
20,126,1,35.17
20,127,1,35.17
20,128,1,35.17
20,129,1,35.17
20,130,1,35.17
20,131,1,35.17
20,132,1,35.17
20,133,1,35.17
20,134,1,35.17
20,135,1,35.17
20,136,1,35.17
20,137,1,35.17
20,138,1,35.17
20,139,1,35.17
20,140,1,35.17
20,141,1,35.17
20,142,1,35.17
20,143,1,35.17
20,144,1,35.17
20,145,1,35.17
20,146,1,35.17
20,147,1,35.17
20,148,1,35.17
20,149,1,35.17
20,150,1,35.17
20,151,1,35.17
20,152,1,35.17
20,153,1,35.17
20,154,1,35.17
20,155,1,35.17
20,156,1,35.17
20,157,1,35.17
20,158,1,35.17
20,159,1,35.17
20,160,1,35.17
20,161,1,35.17
20,162,1,35.17
20,163,1,35.17
20,164,1,35.17
20,165,1,35.17
20,166,1,35.17
20,167,1,35.17
20,168,1,35.17
20,169,1,35.17
20,170,1,35.17
20,171,1,35.17
20,172,1,35.17
20,173,1,35.17
20,174,1,35.17
20,175,1,35.17
20,176,1,35.17
20,177,1,35.17
20,178,1,35.17
20,179,1,35.17
20,180,1,35.17
20,181,1,35.17
20,182,1,35.17
20,183,1,35.17
20,184,1,35.17
20,185,1,35.17
20,186,1,35.17
20,187,1,35.17
20,188,1,35.17
20,189,1,35.17
20,190,1,35.17
20,191,1,35.17
20,192,1,35.17
20,193,1,35.17
20,194,1,35.17
20,195,1,35.17
20,196,1,35.17
20,197,1,35.17
20,198,1,35.17
20,199,1,35.17
20,200,1,35.17
20,201,1,35.17
20,202,1,35.17
20,203,1,35.17
20,204,1,35.17
20,205,1,35.17
20,206,1,35.17
20,207,1,35.17
20,208,1,35.17
20,209,1,35.17
20,210,1,35.17
20,211,1,35.17
20,212,1,35.17
20,213,1,35.17
20,214,1,35.17
20,215,1,35.17
20,216,1,35.17
20,217,1,35.17
20,218,1,35.17
20,219,1,35.17
20,220,1,35.17
20,221,1,35.17
20,222,1,35.17
20,223,1,35.17
20,224,1,35.17
20,225,1,35.17
20,226,1,35.17
20,227,1,35.17
20,228,1,35.17
20,229,1,35.17
20,230,1,35.17
20,231,1,35.17
20,232,1,35.17
20,233,1,35.17
20,234,1,35.17
20,235,1,35.17
20,236,1,35.17
20,237,1,35.17
20,238,1,35.17
20,239,1,35.17
20,240,1,35.17
20,241,1,35.17
20,242,1,35.17
20,243,1,35.17
20,244,1,35.17
20,245,1,35.17
20,246,1,35.17
20,247,1,35.17
20,248,1,35.17
20,249,1,35.17
20,250,1,35.17
20,251,1,35.17
20,252,1,35.17
20,253,1,35.17
20,254,1,35.17
20,255,1,35.17
20,256,1,35.17
20,257,1,35.17
20,258,1,35.17
20,259,1,35.17
20,260,1,35.17
20,261,1,35.17
20,262,1,35.17
20,263,1,35.17
20,264,1,35.17
20,265,1,35.17
20,266,1,35.17
20,267,1,35.17
20,268,1,35.17
20,269,1,35.17
20,270,1,35.17
20,271,1,35.17
20,272,1,35.17
20,273,1,35.17
20,274,1,35.17
20,275,1,35.17
20,276,1,35.17
20,277,1,35.17
20,278,1,35.17
20,279,1,35.17
20,280,1,35.17
20,281,1,35.17
20,282,1,35.17
20,283,1,35.17
20,284,1,35.17
20,285,1,35.17
20,286,1,35.17
20,287,1,35.17
20,288,1,35.17
20,289,1,35.17
20,290,1,35.17
20,291,1,35.17
20,292,1,35.17
20,293,1,35.17
20,294,1,35.17
20,295,1,35.17
20,296,1,35.17
20,297,1,35.17
20,298,1,35.17
20,299,1,35.17
20,300,1,35.17
21,1,1,78.74
21,2,1,78.74
21,3,1,78.74
21,4,1,78.74
21,5,1,78.74
21,6,1,78.74
21,7,1,78.74
21,8,1,78.74
21,9,1,78.74
21,10,1,78.74
21,11,1,78.74
21,12,1,78.74
21,13,1,78.74
21,14,1,78.74
21,15,1,78.74
21,16,1,78.74
21,17,1,78.74
21,18,1,78.74
21,19,1,78.74
21,20,1,78.74
21,21,1,78.74
21,22,1,78.74
21,23,1,78.74
21,24,1,78.74
21,25,1,78.74
21,26,1,78.74
21,27,1,78.74
21,28,1,78.74
21,29,1,78.74
21,30,1,78.74
21,31,1,78.74
21,32,1,78.74
21,33,1,78.74
21,34,1,78.74
21,35,1,78.74
21,36,1,78.74
21,37,1,78.74
21,38,1,78.74
21,39,1,78.74
21,40,1,78.74
21,41,1,78.74
21,42,1,78.74
21,43,1,78.74
21,44,1,78.74
21,45,1,78.74
21,46,1,78.74
21,47,1,78.74
21,48,1,78.74
21,49,1,78.74
21,50,1,78.74
21,51,1,78.74
21,52,1,78.74
21,53,1,78.74
21,54,1,78.74
21,55,1,78.74
21,56,1,78.74
21,57,1,78.74
21,58,1,78.74
21,59,1,78.74
21,60,1,78.74
21,61,1,78.74
21,62,1,78.74
21,63,1,78.74
21,64,1,78.74
21,65,1,78.74
21,66,1,78.74
21,67,1,78.74
21,68,1,78.74
21,69,1,78.74
21,70,1,78.74
21,71,1,78.74
21,72,1,78.74
21,73,1,78.74
21,74,1,78.74
21,75,1,78.74
21,76,1,78.74
21,77,1,78.74
21,78,1,78.74
21,79,1,78.74
21,80,1,78.74
21,81,1,78.74
21,82,1,78.74
21,83,1,78.74
21,84,1,78.74
21,85,1,78.74
21,86,1,78.74
21,87,1,78.74
21,88,1,78.74
21,89,1,78.74
21,90,1,78.74
21,91,1,78.74
21,92,1,78.74
21,93,1,78.74
21,94,1,78.74
21,95,1,78.74
21,96,1,78.74
21,97,1,78.74
21,98,1,78.74
21,99,1,78.74
21,100,1,78.74
21,101,1,78.74
21,102,1,78.74
21,103,1,78.74
21,104,1,78.74
21,105,1,78.74
21,106,1,78.74
21,107,1,78.74
21,108,1,78.74
21,109,1,78.74
21,110,1,78.74
21,111,1,78.74
21,112,1,78.74
21,113,1,78.74
21,114,1,78.74
21,115,1,78.74
21,116,1,78.74
21,117,1,78.74
21,118,1,78.74
21,119,1,78.74
21,120,1,78.74
21,121,1,78.74
21,122,1,78.74
21,123,1,78.74
21,124,1,78.74
21,125,1,78.74
21,126,1,78.74
21,127,1,78.74
21,128,1,78.74
21,129,1,78.74
21,130,1,78.74
21,131,1,78.74
21,132,1,78.74
21,133,1,78.74
21,134,1,78.74
21,135,1,78.74
21,136,1,78.74
21,137,1,78.74
21,138,1,78.74
21,139,1,78.74
21,140,1,78.74
21,141,1,78.74
21,142,1,78.74
21,143,1,78.74
21,144,1,78.74
21,145,1,78.74
21,146,1,78.74
21,147,1,78.74
21,148,1,78.74
21,149,1,78.74
21,150,1,78.74
21,151,1,78.74
21,152,1,78.74
21,153,1,78.74
21,154,1,78.74
21,155,1,78.74
21,156,1,78.74
21,157,1,78.74
21,158,1,78.74
21,159,1,78.74
21,160,1,78.74
21,161,1,78.74
21,162,1,78.74
21,163,1,78.74
21,164,1,78.74
21,165,1,78.74
21,166,1,78.74
21,167,1,78.74
21,168,1,78.74
21,169,1,78.74
21,170,1,78.74
21,171,1,78.74
21,172,1,78.74
21,173,1,78.74
21,174,1,78.74
21,175,1,78.74
21,176,1,78.74
21,177,1,78.74
21,178,1,78.74
21,179,1,78.74
21,180,1,78.74
21,181,1,78.74
21,182,1,78.74
21,183,1,78.74
21,184,1,78.74
21,185,1,78.74
21,186,1,78.74
21,187,1,78.74
21,188,1,78.74
21,189,1,78.74
21,190,1,78.74
21,191,1,78.74
21,192,1,78.74
21,193,1,78.74
21,194,1,78.74
21,195,1,78.74
21,196,1,78.74
21,197,1,78.74
21,198,1,78.74
21,199,1,78.74
21,200,1,78.74
21,201,1,78.74
21,202,1,78.74
21,203,1,78.74
21,204,1,78.74
21,205,1,78.74
21,206,1,78.74
21,207,1,78.74
21,208,1,78.74
21,209,1,78.74
21,210,1,78.74
21,211,1,78.74
21,212,1,78.74
21,213,1,78.74
21,214,1,78.74
21,215,1,78.74
21,216,1,78.74
21,217,1,78.74
21,218,1,78.74
21,219,1,78.74
21,220,1,78.74
21,221,1,78.74
21,222,1,78.74
21,223,1,78.74
21,224,1,78.74
21,225,1,78.74
21,226,1,78.74
21,227,1,78.74
21,228,1,78.74
21,229,1,78.74
21,230,1,78.74
21,231,1,78.74
21,232,1,78.74
21,233,1,78.74
21,234,1,78.74
21,235,1,78.74
21,236,1,78.74
21,237,1,78.74
21,238,1,78.74
21,239,1,78.74
21,240,1,78.74
21,241,1,78.74
21,242,1,78.74
21,243,1,78.74
21,244,1,78.74
21,245,1,78.74
21,246,1,78.74
21,247,1,78.74
21,248,1,78.74
21,249,1,78.74
21,250,1,78.74
21,251,1,78.74
21,252,1,78.74
21,253,1,78.74
21,254,1,78.74
21,255,1,78.74
21,256,1,78.74
21,257,1,78.74
21,258,1,78.74
21,259,1,78.74
21,260,1,78.74
21,261,1,78.74
21,262,1,78.74
21,263,1,78.74
21,264,1,78.74
21,265,1,78.74
21,266,1,78.74
21,267,1,78.74
21,268,1,78.74
21,269,1,78.74
21,270,1,78.74
21,271,1,78.74
21,272,1,78.74
21,273,1,78.74
21,274,1,78.74
21,275,1,78.74
21,276,1,78.74
21,277,1,78.74
21,278,1,78.74
21,279,1,78.74
21,280,1,78.74
21,281,1,78.74
21,282,1,78.74
21,283,1,78.74
21,284,1,78.74
21,285,1,78.74
21,286,1,78.74
21,287,1,78.74
21,288,1,78.74
21,289,1,78.74
21,290,1,78.74
21,291,1,78.74
21,292,1,78.74
21,293,1,78.74
21,294,1,78.74
21,295,1,78.74
21,296,1,78.74
21,297,1,78.74
21,298,1,78.74
21,299,1,78.74
21,300,1,78.74
22,1,1,125.28
22,2,1,125.28
22,3,1,125.28
22,4,1,125.28
22,5,1,125.28
22,6,1,125.28
22,7,1,125.28
22,8,1,125.28
22,9,1,125.28
22,10,1,125.28
22,11,1,125.28
22,12,1,125.28
22,13,1,125.28
22,14,1,125.28
22,15,1,125.28
22,16,1,125.28
22,17,1,125.28
22,18,1,125.28
22,19,1,125.28
22,20,1,125.28
22,21,1,125.28
22,22,1,125.28
22,23,1,125.28
22,24,1,125.28
22,25,1,125.28
22,26,1,125.28
22,27,1,125.28
22,28,1,125.28
22,29,1,125.28
22,30,1,125.28
22,31,1,125.28
22,32,1,125.28
22,33,1,125.28
22,34,1,125.28
22,35,1,125.28
22,36,1,125.28
22,37,1,125.28
22,38,1,125.28
22,39,1,125.28
22,40,1,125.28
22,41,1,125.28
22,42,1,125.28
22,43,1,125.28
22,44,1,125.28
22,45,1,125.28
22,46,1,125.28
22,47,1,125.28
22,48,1,125.28
22,49,1,125.28
22,50,1,125.28
22,51,1,125.28
22,52,1,125.28
22,53,1,125.28
22,54,1,125.28
22,55,1,125.28
22,56,1,125.28
22,57,1,125.28
22,58,1,125.28
22,59,1,125.28
22,60,1,125.28
22,61,1,125.28
22,62,1,125.28
22,63,1,125.28
22,64,1,125.28
22,65,1,125.28
22,66,1,125.28
22,67,1,125.28
22,68,1,125.28
22,69,1,125.28
22,70,1,125.28
22,71,1,125.28
22,72,1,125.28
22,73,1,125.28
22,74,1,125.28
22,75,1,125.28
22,76,1,125.28
22,77,1,125.28
22,78,1,125.28
22,79,1,125.28
22,80,1,125.28
22,81,1,125.28
22,82,1,125.28
22,83,1,125.28
22,84,1,125.28
22,85,1,125.28
22,86,1,125.28
22,87,1,125.28
22,88,1,125.28
22,89,1,125.28
22,90,1,125.28
22,91,1,125.28
22,92,1,125.28
22,93,1,125.28
22,94,1,125.28
22,95,1,125.28
22,96,1,125.28
22,97,1,125.28
22,98,1,125.28
22,99,1,125.28
22,100,1,125.28
22,101,1,125.28
22,102,1,125.28
22,103,1,125.28
22,104,1,125.28
22,105,1,125.28
22,106,1,125.28
22,107,1,125.28
22,108,1,125.28
22,109,1,125.28
22,110,1,125.28
22,111,1,125.28
22,112,1,125.28
22,113,1,125.28
22,114,1,125.28
22,115,1,125.28
22,116,1,125.28
22,117,1,125.28
22,118,1,125.28
22,119,1,125.28
22,120,1,125.28
22,121,1,125.28
22,122,1,125.28
22,123,1,125.28
22,124,1,125.28
22,125,1,125.28
22,126,1,125.28
22,127,1,125.28
22,128,1,125.28
22,129,1,125.28
22,130,1,125.28
22,131,1,125.28
22,132,1,125.28
22,133,1,125.28
22,134,1,125.28
22,135,1,125.28
22,136,1,125.28
22,137,1,125.28
22,138,1,125.28
22,139,1,125.28
22,140,1,125.28
22,141,1,125.28
22,142,1,125.28
22,143,1,125.28
22,144,1,125.28
22,145,1,125.28
22,146,1,125.28
22,147,1,125.28
22,148,1,125.28
22,149,1,125.28
22,150,1,125.28
22,151,1,125.28
22,152,1,125.28
22,153,1,125.28
22,154,1,125.28
22,155,1,125.28
22,156,1,125.28
22,157,1,125.28
22,158,1,125.28
22,159,1,125.28
22,160,1,125.28
22,161,1,125.28
22,162,1,125.28
22,163,1,125.28
22,164,1,125.28
22,165,1,125.28
22,166,1,125.28
22,167,1,125.28
22,168,1,125.28
22,169,1,125.28
22,170,1,125.28
22,171,1,125.28
22,172,1,125.28
22,173,1,125.28
22,174,1,125.28
22,175,1,125.28
22,176,1,125.28
22,177,1,125.28
22,178,1,125.28
22,179,1,125.28
22,180,1,125.28
22,181,1,125.28
22,182,1,125.28
22,183,1,125.28
22,184,1,125.28
22,185,1,125.28
22,186,1,125.28
22,187,1,125.28
22,188,1,125.28
22,189,1,125.28
22,190,1,125.28
22,191,1,125.28
22,192,1,125.28
22,193,1,125.28
22,194,1,125.28
22,195,1,125.28
22,196,1,125.28
22,197,1,125.28
22,198,1,125.28
22,199,1,125.28
22,200,1,125.28
22,201,1,125.28
22,202,1,125.28
22,203,1,125.28
22,204,1,125.28
22,205,1,125.28
22,206,1,125.28
22,207,1,125.28
22,208,1,125.28
22,209,1,125.28
22,210,1,125.28
22,211,1,125.28
22,212,1,125.28
22,213,1,125.28
22,214,1,125.28
22,215,1,125.28
22,216,1,125.28
22,217,1,125.28
22,218,1,125.28
22,219,1,125.28
22,220,1,125.28
22,221,1,125.28
22,222,1,125.28
22,223,1,125.28
22,224,1,125.28
22,225,1,125.28
22,226,1,125.28
22,227,1,125.28
22,228,1,125.28
22,229,1,125.28
22,230,1,125.28
22,231,1,125.28
22,232,1,125.28
22,233,1,125.28
22,234,1,125.28
22,235,1,125.28
22,236,1,125.28
22,237,1,125.28
22,238,1,125.28
22,239,1,125.28
22,240,1,125.28
22,241,1,125.28
22,242,1,125.28
22,243,1,125.28
22,244,1,125.28
22,245,1,125.28
22,246,1,125.28
22,247,1,125.28
22,248,1,125.28
22,249,1,125.28
22,250,1,125.28
22,251,1,125.28
22,252,1,125.28
22,253,1,125.28
22,254,1,125.28
22,255,1,125.28
22,256,1,125.28
22,257,1,125.28
22,258,1,125.28
22,259,1,125.28
22,260,1,125.28
22,261,1,125.28
22,262,1,125.28
22,263,1,125.28
22,264,1,125.28
22,265,1,125.28
22,266,1,125.28
22,267,1,125.28
22,268,1,125.28
22,269,1,125.28
22,270,1,125.28
22,271,1,125.28
22,272,1,125.28
22,273,1,125.28
22,274,1,125.28
22,275,1,125.28
22,276,1,125.28
22,277,1,125.28
22,278,1,125.28
22,279,1,125.28
22,280,1,125.28
22,281,1,125.28
22,282,1,125.28
22,283,1,125.28
22,284,1,125.28
22,285,1,125.28
22,286,1,125.28
22,287,1,125.28
22,288,1,125.28
22,289,1,125.28
22,290,1,125.28
22,291,1,125.28
22,292,1,125.28
22,293,1,125.28
22,294,1,125.28
22,295,1,125.28
22,296,1,125.28
22,297,1,125.28
22,298,1,125.28
22,299,1,125.28
22,300,1,125.28
23,1,1,53.56
23,2,1,53.56
23,3,1,53.56
23,4,1,53.56
23,5,1,53.56
23,6,1,53.56
23,7,1,53.56
23,8,1,53.56
23,9,1,53.56
23,10,1,53.56
23,11,1,53.56
23,12,1,53.56
23,13,1,53.56
23,14,1,53.56
23,15,1,53.56
23,16,1,53.56
23,17,1,53.56
23,18,1,53.56
23,19,1,53.56
23,20,1,53.56
23,21,1,53.56
23,22,1,53.56
23,23,1,53.56
23,24,1,53.56
23,25,1,53.56
23,26,1,53.56
23,27,1,53.56
23,28,1,53.56
23,29,1,53.56
23,30,1,53.56
23,31,1,53.56
23,32,1,53.56
23,33,1,53.56
23,34,1,53.56
23,35,1,53.56
23,36,1,53.56
23,37,1,53.56
23,38,1,53.56
23,39,1,53.56
23,40,1,53.56
23,41,1,53.56
23,42,1,53.56
23,43,1,53.56
23,44,1,53.56
23,45,1,53.56
23,46,1,53.56
23,47,1,53.56
23,48,1,53.56
23,49,1,53.56
23,50,1,53.56
23,51,1,53.56
23,52,1,53.56
23,53,1,53.56
23,54,1,53.56
23,55,1,53.56
23,56,1,53.56
23,57,1,53.56
23,58,1,53.56
23,59,1,53.56
23,60,1,53.56
23,61,1,53.56
23,62,1,53.56
23,63,1,53.56
23,64,1,53.56
23,65,1,53.56
23,66,1,53.56
23,67,1,53.56
23,68,1,53.56
23,69,1,53.56
23,70,1,53.56
23,71,1,53.56
23,72,1,53.56
23,73,1,53.56
23,74,1,53.56
23,75,1,53.56
23,76,1,53.56
23,77,1,53.56
23,78,1,53.56
23,79,1,53.56
23,80,1,53.56
23,81,1,53.56
23,82,1,53.56
23,83,1,53.56
23,84,1,53.56
23,85,1,53.56
23,86,1,53.56
23,87,1,53.56
23,88,1,53.56
23,89,1,53.56
23,90,1,53.56
23,91,1,53.56
23,92,1,53.56
23,93,1,53.56
23,94,1,53.56
23,95,1,53.56
23,96,1,53.56
23,97,1,53.56
23,98,1,53.56
23,99,1,53.56
23,100,1,53.56
23,101,1,53.56
23,102,1,53.56
23,103,1,53.56
23,104,1,53.56
23,105,1,53.56
23,106,1,53.56
23,107,1,53.56
23,108,1,53.56
23,109,1,53.56
23,110,1,53.56
23,111,1,53.56
23,112,1,53.56
23,113,1,53.56
23,114,1,53.56
23,115,1,53.56
23,116,1,53.56
23,117,1,53.56
23,118,1,53.56
23,119,1,53.56
23,120,1,53.56
23,121,1,53.56
23,122,1,53.56
23,123,1,53.56
23,124,1,53.56
23,125,1,53.56
23,126,1,53.56
23,127,1,53.56
23,128,1,53.56
23,129,1,53.56
23,130,1,53.56
23,131,1,53.56
23,132,1,53.56
23,133,1,53.56
23,134,1,53.56
23,135,1,53.56
23,136,1,53.56
23,137,1,53.56
23,138,1,53.56
23,139,1,53.56
23,140,1,53.56
23,141,1,53.56
23,142,1,53.56
23,143,1,53.56
23,144,1,53.56
23,145,1,53.56
23,146,1,53.56
23,147,1,53.56
23,148,1,53.56
23,149,1,53.56
23,150,1,53.56
23,151,1,53.56
23,152,1,53.56
23,153,1,53.56
23,154,1,53.56
23,155,1,53.56
23,156,1,53.56
23,157,1,53.56
23,158,1,53.56
23,159,1,53.56
23,160,1,53.56
23,161,1,53.56
23,162,1,53.56
23,163,1,53.56
23,164,1,53.56
23,165,1,53.56
23,166,1,53.56
23,167,1,53.56
23,168,1,53.56
23,169,1,53.56
23,170,1,53.56
23,171,1,53.56
23,172,1,53.56
23,173,1,53.56
23,174,1,53.56
23,175,1,53.56
23,176,1,53.56
23,177,1,53.56
23,178,1,53.56
23,179,1,53.56
23,180,1,53.56
23,181,1,53.56
23,182,1,53.56
23,183,1,53.56
23,184,1,53.56
23,185,1,53.56
23,186,1,53.56
23,187,1,53.56
23,188,1,53.56
23,189,1,53.56
23,190,1,53.56
23,191,1,53.56
23,192,1,53.56
23,193,1,53.56
23,194,1,53.56
23,195,1,53.56
23,196,1,53.56
23,197,1,53.56
23,198,1,53.56
23,199,1,53.56
23,200,1,53.56
23,201,1,53.56
23,202,1,53.56
23,203,1,53.56
23,204,1,53.56
23,205,1,53.56
23,206,1,53.56
23,207,1,53.56
23,208,1,53.56
23,209,1,53.56
23,210,1,53.56
23,211,1,53.56
23,212,1,53.56
23,213,1,53.56
23,214,1,53.56
23,215,1,53.56
23,216,1,53.56
23,217,1,53.56
23,218,1,53.56
23,219,1,53.56
23,220,1,53.56
23,221,1,53.56
23,222,1,53.56
23,223,1,53.56
23,224,1,53.56
23,225,1,53.56
23,226,1,53.56
23,227,1,53.56
23,228,1,53.56
23,229,1,53.56
23,230,1,53.56
23,231,1,53.56
23,232,1,53.56
23,233,1,53.56
23,234,1,53.56
23,235,1,53.56
23,236,1,53.56
23,237,1,53.56
23,238,1,53.56
23,239,1,53.56
23,240,1,53.56
23,241,1,53.56
23,242,1,53.56
23,243,1,53.56
23,244,1,53.56
23,245,1,53.56
23,246,1,53.56
23,247,1,53.56
23,248,1,53.56
23,249,1,53.56
23,250,1,53.56
23,251,1,53.56
23,252,1,53.56
23,253,1,53.56
23,254,1,53.56
23,255,1,53.56
23,256,1,53.56
23,257,1,53.56
23,258,1,53.56
23,259,1,53.56
23,260,1,53.56
23,261,1,53.56
23,262,1,53.56
23,263,1,53.56
23,264,1,53.56
23,265,1,53.56
23,266,1,53.56
23,267,1,53.56
23,268,1,53.56
23,269,1,53.56
23,270,1,53.56
23,271,1,53.56
23,272,1,53.56
23,273,1,53.56
23,274,1,53.56
23,275,1,53.56
23,276,1,53.56
23,277,1,53.56
23,278,1,53.56
23,279,1,53.56
23,280,1,53.56
23,281,1,53.56
23,282,1,53.56
23,283,1,53.56
23,284,1,53.56
23,285,1,53.56
23,286,1,53.56
23,287,1,53.56
23,288,1,53.56
23,289,1,53.56
23,290,1,53.56
23,291,1,53.56
23,292,1,53.56
23,293,1,53.56
23,294,1,53.56
23,295,1,53.56
23,296,1,53.56
23,297,1,53.56
23,298,1,53.56
23,299,1,53.56
23,300,1,53.56
24,1,1,20.94
24,2,1,20.94
24,3,1,20.94
24,4,1,20.94
24,5,1,20.94
24,6,1,20.94
24,7,1,20.94
24,8,1,20.94
24,9,1,20.94
24,10,1,20.94
24,11,1,20.94
24,12,1,20.94
24,13,1,20.94
24,14,1,20.94
24,15,1,20.94
24,16,1,20.94
24,17,1,20.94
24,18,1,20.94
24,19,1,20.94
24,20,1,20.94
24,21,1,20.94
24,22,1,20.94
24,23,1,20.94
24,24,1,20.94
24,25,1,20.94
24,26,1,20.94
24,27,1,20.94
24,28,1,20.94
24,29,1,20.94
24,30,1,20.94
24,31,1,20.94
24,32,1,20.94
24,33,1,20.94
24,34,1,20.94
24,35,1,20.94
24,36,1,20.94
24,37,1,20.94
24,38,1,20.94
24,39,1,20.94
24,40,1,20.94
24,41,1,20.94
24,42,1,20.94
24,43,1,20.94
24,44,1,20.94
24,45,1,20.94
24,46,1,20.94
24,47,1,20.94
24,48,1,20.94
24,49,1,20.94
24,50,1,20.94
24,51,1,20.94
24,52,1,20.94
24,53,1,20.94
24,54,1,20.94
24,55,1,20.94
24,56,1,20.94
24,57,1,20.94
24,58,1,20.94
24,59,1,20.94
24,60,1,20.94
24,61,1,20.94
24,62,1,20.94
24,63,1,20.94
24,64,1,20.94
24,65,1,20.94
24,66,1,20.94
24,67,1,20.94
24,68,1,20.94
24,69,1,20.94
24,70,1,20.94
24,71,1,20.94
24,72,1,20.94
24,73,1,20.94
24,74,1,20.94
24,75,1,20.94
24,76,1,20.94
24,77,1,20.94
24,78,1,20.94
24,79,1,20.94
24,80,1,20.94
24,81,1,20.94
24,82,1,20.94
24,83,1,20.94
24,84,1,20.94
24,85,1,20.94
24,86,1,20.94
24,87,1,20.94
24,88,1,20.94
24,89,1,20.94
24,90,1,20.94
24,91,1,20.94
24,92,1,20.94
24,93,1,20.94
24,94,1,20.94
24,95,1,20.94
24,96,1,20.94
24,97,1,20.94
24,98,1,20.94
24,99,1,20.94
24,100,1,20.94
24,101,1,20.94
24,102,1,20.94
24,103,1,20.94
24,104,1,20.94
24,105,1,20.94
24,106,1,20.94
24,107,1,20.94
24,108,1,20.94
24,109,1,20.94
24,110,1,20.94
24,111,1,20.94
24,112,1,20.94
24,113,1,20.94
24,114,1,20.94
24,115,1,20.94
24,116,1,20.94
24,117,1,20.94
24,118,1,20.94
24,119,1,20.94
24,120,1,20.94
24,121,1,20.94
24,122,1,20.94
24,123,1,20.94
24,124,1,20.94
24,125,1,20.94
24,126,1,20.94
24,127,1,20.94
24,128,1,20.94
24,129,1,20.94
24,130,1,20.94
24,131,1,20.94
24,132,1,20.94
24,133,1,20.94
24,134,1,20.94
24,135,1,20.94
24,136,1,20.94
24,137,1,20.94
24,138,1,20.94
24,139,1,20.94
24,140,1,20.94
24,141,1,20.94
24,142,1,20.94
24,143,1,20.94
24,144,1,20.94
24,145,1,20.94
24,146,1,20.94
24,147,1,20.94
24,148,1,20.94
24,149,1,20.94
24,150,1,20.94
24,151,1,20.94
24,152,1,20.94
24,153,1,20.94
24,154,1,20.94
24,155,1,20.94
24,156,1,20.94
24,157,1,20.94
24,158,1,20.94
24,159,1,20.94
24,160,1,20.94
24,161,1,20.94
24,162,1,20.94
24,163,1,20.94
24,164,1,20.94
24,165,1,20.94
24,166,1,20.94
24,167,1,20.94
24,168,1,20.94
24,169,1,20.94
24,170,1,20.94
24,171,1,20.94
24,172,1,20.94
24,173,1,20.94
24,174,1,20.94
24,175,1,20.94
24,176,1,20.94
24,177,1,20.94
24,178,1,20.94
24,179,1,20.94
24,180,1,20.94
24,181,1,20.94
24,182,1,20.94
24,183,1,20.94
24,184,1,20.94
24,185,1,20.94
24,186,1,20.94
24,187,1,20.94
24,188,1,20.94
24,189,1,20.94
24,190,1,20.94
24,191,1,20.94
24,192,1,20.94
24,193,1,20.94
24,194,1,20.94
24,195,1,20.94
24,196,1,20.94
24,197,1,20.94
24,198,1,20.94
24,199,1,20.94
24,200,1,20.94
24,201,1,20.94
24,202,1,20.94
24,203,1,20.94
24,204,1,20.94
24,205,1,20.94
24,206,1,20.94
24,207,1,20.94
24,208,1,20.94
24,209,1,20.94
24,210,1,20.94
24,211,1,20.94
24,212,1,20.94
24,213,1,20.94
24,214,1,20.94
24,215,1,20.94
24,216,1,20.94
24,217,1,20.94
24,218,1,20.94
24,219,1,20.94
24,220,1,20.94
24,221,1,20.94
24,222,1,20.94
24,223,1,20.94
24,224,1,20.94
24,225,1,20.94
24,226,1,20.94
24,227,1,20.94
24,228,1,20.94
24,229,1,20.94
24,230,1,20.94
24,231,1,20.94
24,232,1,20.94
24,233,1,20.94
24,234,1,20.94
24,235,1,20.94
24,236,1,20.94
24,237,1,20.94
24,238,1,20.94
24,239,1,20.94
24,240,1,20.94
24,241,1,20.94
24,242,1,20.94
24,243,1,20.94
24,244,1,20.94
24,245,1,20.94
24,246,1,20.94
24,247,1,20.94
24,248,1,20.94
24,249,1,20.94
24,250,1,20.94
24,251,1,20.94
24,252,1,20.94
24,253,1,20.94
24,254,1,20.94
24,255,1,20.94
24,256,1,20.94
24,257,1,20.94
24,258,1,20.94
24,259,1,20.94
24,260,1,20.94
24,261,1,20.94
24,262,1,20.94
24,263,1,20.94
24,264,1,20.94
24,265,1,20.94
24,266,1,20.94
24,267,1,20.94
24,268,1,20.94
24,269,1,20.94
24,270,1,20.94
24,271,1,20.94
24,272,1,20.94
24,273,1,20.94
24,274,1,20.94
24,275,1,20.94
24,276,1,20.94
24,277,1,20.94
24,278,1,20.94
24,279,1,20.94
24,280,1,20.94
24,281,1,20.94
24,282,1,20.94
24,283,1,20.94
24,284,1,20.94
24,285,1,20.94
24,286,1,20.94
24,287,1,20.94
24,288,1,20.94
24,289,1,20.94
24,290,1,20.94
24,291,1,20.94
24,292,1,20.94
24,293,1,20.94
24,294,1,20.94
24,295,1,20.94
24,296,1,20.94
24,297,1,20.94
24,298,1,20.94
24,299,1,20.94
24,300,1,20.94
25,1,1,219.28
25,2,1,219.28
25,3,1,219.28
25,4,1,219.28
25,5,1,219.28
25,6,1,219.28
25,7,1,219.28
25,8,1,219.28
25,9,1,219.28
25,10,1,219.28
25,11,1,219.28
25,12,1,219.28
25,13,1,219.28
25,14,1,219.28
25,15,1,219.28
25,16,1,219.28
25,17,1,219.28
25,18,1,219.28
25,19,1,219.28
25,20,1,219.28
25,21,1,219.28
25,22,1,219.28
25,23,1,219.28
25,24,1,219.28
25,25,1,219.28
25,26,1,219.28
25,27,1,219.28
25,28,1,219.28
25,29,1,219.28
25,30,1,219.28
25,31,1,219.28
25,32,1,219.28
25,33,1,219.28
25,34,1,219.28
25,35,1,219.28
25,36,1,219.28
25,37,1,219.28
25,38,1,219.28
25,39,1,219.28
25,40,1,219.28
25,41,1,219.28
25,42,1,219.28
25,43,1,219.28
25,44,1,219.28
25,45,1,219.28
25,46,1,219.28
25,47,1,219.28
25,48,1,219.28
25,49,1,219.28
25,50,1,219.28
25,51,1,219.28
25,52,1,219.28
25,53,1,219.28
25,54,1,219.28
25,55,1,219.28
25,56,1,219.28
25,57,1,219.28
25,58,1,219.28
25,59,1,219.28
25,60,1,219.28
25,61,1,219.28
25,62,1,219.28
25,63,1,219.28
25,64,1,219.28
25,65,1,219.28
25,66,1,219.28
25,67,1,219.28
25,68,1,219.28
25,69,1,219.28
25,70,1,219.28
25,71,1,219.28
25,72,1,219.28
25,73,1,219.28
25,74,1,219.28
25,75,1,219.28
25,76,1,219.28
25,77,1,219.28
25,78,1,219.28
25,79,1,219.28
25,80,1,219.28
25,81,1,219.28
25,82,1,219.28
25,83,1,219.28
25,84,1,219.28
25,85,1,219.28
25,86,1,219.28
25,87,1,219.28
25,88,1,219.28
25,89,1,219.28
25,90,1,219.28
25,91,1,219.28
25,92,1,219.28
25,93,1,219.28
25,94,1,219.28
25,95,1,219.28
25,96,1,219.28
25,97,1,219.28
25,98,1,219.28
25,99,1,219.28
25,100,1,219.28
25,101,1,219.28
25,102,1,219.28
25,103,1,219.28
25,104,1,219.28
25,105,1,219.28
25,106,1,219.28
25,107,1,219.28
25,108,1,219.28
25,109,1,219.28
25,110,1,219.28
25,111,1,219.28
25,112,1,219.28
25,113,1,219.28
25,114,1,219.28
25,115,1,219.28
25,116,1,219.28
25,117,1,219.28
25,118,1,219.28
25,119,1,219.28
25,120,1,219.28
25,121,1,219.28
25,122,1,219.28
25,123,1,219.28
25,124,1,219.28
25,125,1,219.28
25,126,1,219.28
25,127,1,219.28
25,128,1,219.28
25,129,1,219.28
25,130,1,219.28
25,131,1,219.28
25,132,1,219.28
25,133,1,219.28
25,134,1,219.28
25,135,1,219.28
25,136,1,219.28
25,137,1,219.28
25,138,1,219.28
25,139,1,219.28
25,140,1,219.28
25,141,1,219.28
25,142,1,219.28
25,143,1,219.28
25,144,1,219.28
25,145,1,219.28
25,146,1,219.28
25,147,1,219.28
25,148,1,219.28
25,149,1,219.28
25,150,1,219.28
25,151,1,219.28
25,152,1,219.28
25,153,1,219.28
25,154,1,219.28
25,155,1,219.28
25,156,1,219.28
25,157,1,219.28
25,158,1,219.28
25,159,1,219.28
25,160,1,219.28
25,161,1,219.28
25,162,1,219.28
25,163,1,219.28
25,164,1,219.28
25,165,1,219.28
25,166,1,219.28
25,167,1,219.28
25,168,1,219.28
25,169,1,219.28
25,170,1,219.28
25,171,1,219.28
25,172,1,219.28
25,173,1,219.28
25,174,1,219.28
25,175,1,219.28
25,176,1,219.28
25,177,1,219.28
25,178,1,219.28
25,179,1,219.28
25,180,1,219.28
25,181,1,219.28
25,182,1,219.28
25,183,1,219.28
25,184,1,219.28
25,185,1,219.28
25,186,1,219.28
25,187,1,219.28
25,188,1,219.28
25,189,1,219.28
25,190,1,219.28
25,191,1,219.28
25,192,1,219.28
25,193,1,219.28
25,194,1,219.28
25,195,1,219.28
25,196,1,219.28
25,197,1,219.28
25,198,1,219.28
25,199,1,219.28
25,200,1,219.28
25,201,1,219.28
25,202,1,219.28
25,203,1,219.28
25,204,1,219.28
25,205,1,219.28
25,206,1,219.28
25,207,1,219.28
25,208,1,219.28
25,209,1,219.28
25,210,1,219.28
25,211,1,219.28
25,212,1,219.28
25,213,1,219.28
25,214,1,219.28
25,215,1,219.28
25,216,1,219.28
25,217,1,219.28
25,218,1,219.28
25,219,1,219.28
25,220,1,219.28
25,221,1,219.28
25,222,1,219.28
25,223,1,219.28
25,224,1,219.28
25,225,1,219.28
25,226,1,219.28
25,227,1,219.28
25,228,1,219.28
25,229,1,219.28
25,230,1,219.28
25,231,1,219.28
25,232,1,219.28
25,233,1,219.28
25,234,1,219.28
25,235,1,219.28
25,236,1,219.28
25,237,1,219.28
25,238,1,219.28
25,239,1,219.28
25,240,1,219.28
25,241,1,219.28
25,242,1,219.28
25,243,1,219.28
25,244,1,219.28
25,245,1,219.28
25,246,1,219.28
25,247,1,219.28
25,248,1,219.28
25,249,1,219.28
25,250,1,219.28
25,251,1,219.28
25,252,1,219.28
25,253,1,219.28
25,254,1,219.28
25,255,1,219.28
25,256,1,219.28
25,257,1,219.28
25,258,1,219.28
25,259,1,219.28
25,260,1,219.28
25,261,1,219.28
25,262,1,219.28
25,263,1,219.28
25,264,1,219.28
25,265,1,219.28
25,266,1,219.28
25,267,1,219.28
25,268,1,219.28
25,269,1,219.28
25,270,1,219.28
25,271,1,219.28
25,272,1,219.28
25,273,1,219.28
25,274,1,219.28
25,275,1,219.28
25,276,1,219.28
25,277,1,219.28
25,278,1,219.28
25,279,1,219.28
25,280,1,219.28
25,281,1,219.28
25,282,1,219.28
25,283,1,219.28
25,284,1,219.28
25,285,1,219.28
25,286,1,219.28
25,287,1,219.28
25,288,1,219.28
25,289,1,219.28
25,290,1,219.28
25,291,1,219.28
25,292,1,219.28
25,293,1,219.28
25,294,1,219.28
25,295,1,219.28
25,296,1,219.28
25,297,1,219.28
25,298,1,219.28
25,299,1,219.28
25,300,1,219.28
26,1,1,141.20
26,2,1,141.20
26,3,1,141.20
26,4,1,141.20
26,5,1,141.20
26,6,1,141.20
26,7,1,141.20
26,8,1,141.20
26,9,1,141.20
26,10,1,141.20
26,11,1,141.20
26,12,1,141.20
26,13,1,141.20
26,14,1,141.20
26,15,1,141.20
26,16,1,141.20
26,17,1,141.20
26,18,1,141.20
26,19,1,141.20
26,20,1,141.20
26,21,1,141.20
26,22,1,141.20
26,23,1,141.20
26,24,1,141.20
26,25,1,141.20
26,26,1,141.20
26,27,1,141.20
26,28,1,141.20
26,29,1,141.20
26,30,1,141.20
26,31,1,141.20
26,32,1,141.20
26,33,1,141.20
26,34,1,141.20
26,35,1,141.20
26,36,1,141.20
26,37,1,141.20
26,38,1,141.20
26,39,1,141.20
26,40,1,141.20
26,41,1,141.20
26,42,1,141.20
26,43,1,141.20
26,44,1,141.20
26,45,1,141.20
26,46,1,141.20
26,47,1,141.20
26,48,1,141.20
26,49,1,141.20
26,50,1,141.20
26,51,1,141.20
26,52,1,141.20
26,53,1,141.20
26,54,1,141.20
26,55,1,141.20
26,56,1,141.20
26,57,1,141.20
26,58,1,141.20
26,59,1,141.20
26,60,1,141.20
26,61,1,141.20
26,62,1,141.20
26,63,1,141.20
26,64,1,141.20
26,65,1,141.20
26,66,1,141.20
26,67,1,141.20
26,68,1,141.20
26,69,1,141.20
26,70,1,141.20
26,71,1,141.20
26,72,1,141.20
26,73,1,141.20
26,74,1,141.20
26,75,1,141.20
26,76,1,141.20
26,77,1,141.20
26,78,1,141.20
26,79,1,141.20
26,80,1,141.20
26,81,1,141.20
26,82,1,141.20
26,83,1,141.20
26,84,1,141.20
26,85,1,141.20
26,86,1,141.20
26,87,1,141.20
26,88,1,141.20
26,89,1,141.20
26,90,1,141.20
26,91,1,141.20
26,92,1,141.20
26,93,1,141.20
26,94,1,141.20
26,95,1,141.20
26,96,1,141.20
26,97,1,141.20
26,98,1,141.20
26,99,1,141.20
26,100,1,141.20
26,101,1,141.20
26,102,1,141.20
26,103,1,141.20
26,104,1,141.20
26,105,1,141.20
26,106,1,141.20
26,107,1,141.20
26,108,1,141.20
26,109,1,141.20
26,110,1,141.20
26,111,1,141.20
26,112,1,141.20
26,113,1,141.20
26,114,1,141.20
26,115,1,141.20
26,116,1,141.20
26,117,1,141.20
26,118,1,141.20
26,119,1,141.20
26,120,1,141.20
26,121,1,141.20
26,122,1,141.20
26,123,1,141.20
26,124,1,141.20
26,125,1,141.20
26,126,1,141.20
26,127,1,141.20
26,128,1,141.20
26,129,1,141.20
26,130,1,141.20
26,131,1,141.20
26,132,1,141.20
26,133,1,141.20
26,134,1,141.20
26,135,1,141.20
26,136,1,141.20
26,137,1,141.20
26,138,1,141.20
26,139,1,141.20
26,140,1,141.20
26,141,1,141.20
26,142,1,141.20
26,143,1,141.20
26,144,1,141.20
26,145,1,141.20
26,146,1,141.20
26,147,1,141.20
26,148,1,141.20
26,149,1,141.20
26,150,1,141.20
26,151,1,141.20
26,152,1,141.20
26,153,1,141.20
26,154,1,141.20
26,155,1,141.20
26,156,1,141.20
26,157,1,141.20
26,158,1,141.20
26,159,1,141.20
26,160,1,141.20
26,161,1,141.20
26,162,1,141.20
26,163,1,141.20
26,164,1,141.20
26,165,1,141.20
26,166,1,141.20
26,167,1,141.20
26,168,1,141.20
26,169,1,141.20
26,170,1,141.20
26,171,1,141.20
26,172,1,141.20
26,173,1,141.20
26,174,1,141.20
26,175,1,141.20
26,176,1,141.20
26,177,1,141.20
26,178,1,141.20
26,179,1,141.20
26,180,1,141.20
26,181,1,141.20
26,182,1,141.20
26,183,1,141.20
26,184,1,141.20
26,185,1,141.20
26,186,1,141.20
26,187,1,141.20
26,188,1,141.20
26,189,1,141.20
26,190,1,141.20
26,191,1,141.20
26,192,1,141.20
26,193,1,141.20
26,194,1,141.20
26,195,1,141.20
26,196,1,141.20
26,197,1,141.20
26,198,1,141.20
26,199,1,141.20
26,200,1,141.20
26,201,1,141.20
26,202,1,141.20
26,203,1,141.20
26,204,1,141.20
26,205,1,141.20
26,206,1,141.20
26,207,1,141.20
26,208,1,141.20
26,209,1,141.20
26,210,1,141.20
26,211,1,141.20
26,212,1,141.20
26,213,1,141.20
26,214,1,141.20
26,215,1,141.20
26,216,1,141.20
26,217,1,141.20
26,218,1,141.20
26,219,1,141.20
26,220,1,141.20
26,221,1,141.20
26,222,1,141.20
26,223,1,141.20
26,224,1,141.20
26,225,1,141.20
26,226,1,141.20
26,227,1,141.20
26,228,1,141.20
26,229,1,141.20
26,230,1,141.20
26,231,1,141.20
26,232,1,141.20
26,233,1,141.20
26,234,1,141.20
26,235,1,141.20
26,236,1,141.20
26,237,1,141.20
26,238,1,141.20
26,239,1,141.20
26,240,1,141.20
26,241,1,141.20
26,242,1,141.20
26,243,1,141.20
26,244,1,141.20
26,245,1,141.20
26,246,1,141.20
26,247,1,141.20
26,248,1,141.20
26,249,1,141.20
26,250,1,141.20
26,251,1,141.20
26,252,1,141.20
26,253,1,141.20
26,254,1,141.20
26,255,1,141.20
26,256,1,141.20
26,257,1,141.20
26,258,1,141.20
26,259,1,141.20
26,260,1,141.20
26,261,1,141.20
26,262,1,141.20
26,263,1,141.20
26,264,1,141.20
26,265,1,141.20
26,266,1,141.20
26,267,1,141.20
26,268,1,141.20
26,269,1,141.20
26,270,1,141.20
26,271,1,141.20
26,272,1,141.20
26,273,1,141.20
26,274,1,141.20
26,275,1,141.20
26,276,1,141.20
26,277,1,141.20
26,278,1,141.20
26,279,1,141.20
26,280,1,141.20
26,281,1,141.20
26,282,1,141.20
26,283,1,141.20
26,284,1,141.20
26,285,1,141.20
26,286,1,141.20
26,287,1,141.20
26,288,1,141.20
26,289,1,141.20
26,290,1,141.20
26,291,1,141.20
26,292,1,141.20
26,293,1,141.20
26,294,1,141.20
26,295,1,141.20
26,296,1,141.20
26,297,1,141.20
26,298,1,141.20
26,299,1,141.20
26,300,1,141.20
27,1,1,19.39
27,2,1,19.39
27,3,1,19.39
27,4,1,19.39
27,5,1,19.39
27,6,1,19.39
27,7,1,19.39
27,8,1,19.39
27,9,1,19.39
27,10,1,19.39
27,11,1,19.39
27,12,1,19.39
27,13,1,19.39
27,14,1,19.39
27,15,1,19.39
27,16,1,19.39
27,17,1,19.39
27,18,1,19.39
27,19,1,19.39
27,20,1,19.39
27,21,1,19.39
27,22,1,19.39
27,23,1,19.39
27,24,1,19.39
27,25,1,19.39
27,26,1,19.39
27,27,1,19.39
27,28,1,19.39
27,29,1,19.39
27,30,1,19.39
27,31,1,19.39
27,32,1,19.39
27,33,1,19.39
27,34,1,19.39
27,35,1,19.39
27,36,1,19.39
27,37,1,19.39
27,38,1,19.39
27,39,1,19.39
27,40,1,19.39
27,41,1,19.39
27,42,1,19.39
27,43,1,19.39
27,44,1,19.39
27,45,1,19.39
27,46,1,19.39
27,47,1,19.39
27,48,1,19.39
27,49,1,19.39
27,50,1,19.39
27,51,1,19.39
27,52,1,19.39
27,53,1,19.39
27,54,1,19.39
27,55,1,19.39
27,56,1,19.39
27,57,1,19.39
27,58,1,19.39
27,59,1,19.39
27,60,1,19.39
27,61,1,19.39
27,62,1,19.39
27,63,1,19.39
27,64,1,19.39
27,65,1,19.39
27,66,1,19.39
27,67,1,19.39
27,68,1,19.39
27,69,1,19.39
27,70,1,19.39
27,71,1,19.39
27,72,1,19.39
27,73,1,19.39
27,74,1,19.39
27,75,1,19.39
27,76,1,19.39
27,77,1,19.39
27,78,1,19.39
27,79,1,19.39
27,80,1,19.39
27,81,1,19.39
27,82,1,19.39
27,83,1,19.39
27,84,1,19.39
27,85,1,19.39
27,86,1,19.39
27,87,1,19.39
27,88,1,19.39
27,89,1,19.39
27,90,1,19.39
27,91,1,19.39
27,92,1,19.39
27,93,1,19.39
27,94,1,19.39
27,95,1,19.39
27,96,1,19.39
27,97,1,19.39
27,98,1,19.39
27,99,1,19.39
27,100,1,19.39
27,101,1,19.39
27,102,1,19.39
27,103,1,19.39
27,104,1,19.39
27,105,1,19.39
27,106,1,19.39
27,107,1,19.39
27,108,1,19.39
27,109,1,19.39
27,110,1,19.39
27,111,1,19.39
27,112,1,19.39
27,113,1,19.39
27,114,1,19.39
27,115,1,19.39
27,116,1,19.39
27,117,1,19.39
27,118,1,19.39
27,119,1,19.39
27,120,1,19.39
27,121,1,19.39
27,122,1,19.39
27,123,1,19.39
27,124,1,19.39
27,125,1,19.39
27,126,1,19.39
27,127,1,19.39
27,128,1,19.39
27,129,1,19.39
27,130,1,19.39
27,131,1,19.39
27,132,1,19.39
27,133,1,19.39
27,134,1,19.39
27,135,1,19.39
27,136,1,19.39
27,137,1,19.39
27,138,1,19.39
27,139,1,19.39
27,140,1,19.39
27,141,1,19.39
27,142,1,19.39
27,143,1,19.39
27,144,1,19.39
27,145,1,19.39
27,146,1,19.39
27,147,1,19.39
27,148,1,19.39
27,149,1,19.39
27,150,1,19.39
27,151,1,19.39
27,152,1,19.39
27,153,1,19.39
27,154,1,19.39
27,155,1,19.39
27,156,1,19.39
27,157,1,19.39
27,158,1,19.39
27,159,1,19.39
27,160,1,19.39
27,161,1,19.39
27,162,1,19.39
27,163,1,19.39
27,164,1,19.39
27,165,1,19.39
27,166,1,19.39
27,167,1,19.39
27,168,1,19.39
27,169,1,19.39
27,170,1,19.39
27,171,1,19.39
27,172,1,19.39
27,173,1,19.39
27,174,1,19.39
27,175,1,19.39
27,176,1,19.39
27,177,1,19.39
27,178,1,19.39
27,179,1,19.39
27,180,1,19.39
27,181,1,19.39
27,182,1,19.39
27,183,1,19.39
27,184,1,19.39
27,185,1,19.39
27,186,1,19.39
27,187,1,19.39
27,188,1,19.39
27,189,1,19.39
27,190,1,19.39
27,191,1,19.39
27,192,1,19.39
27,193,1,19.39
27,194,1,19.39
27,195,1,19.39
27,196,1,19.39
27,197,1,19.39
27,198,1,19.39
27,199,1,19.39
27,200,1,19.39
27,201,1,19.39
27,202,1,19.39
27,203,1,19.39
27,204,1,19.39
27,205,1,19.39
27,206,1,19.39
27,207,1,19.39
27,208,1,19.39
27,209,1,19.39
27,210,1,19.39
27,211,1,19.39
27,212,1,19.39
27,213,1,19.39
27,214,1,19.39
27,215,1,19.39
27,216,1,19.39
27,217,1,19.39
27,218,1,19.39
27,219,1,19.39
27,220,1,19.39
27,221,1,19.39
27,222,1,19.39
27,223,1,19.39
27,224,1,19.39
27,225,1,19.39
27,226,1,19.39
27,227,1,19.39
27,228,1,19.39
27,229,1,19.39
27,230,1,19.39
27,231,1,19.39
27,232,1,19.39
27,233,1,19.39
27,234,1,19.39
27,235,1,19.39
27,236,1,19.39
27,237,1,19.39
27,238,1,19.39
27,239,1,19.39
27,240,1,19.39
27,241,1,19.39
27,242,1,19.39
27,243,1,19.39
27,244,1,19.39
27,245,1,19.39
27,246,1,19.39
27,247,1,19.39
27,248,1,19.39
27,249,1,19.39
27,250,1,19.39
27,251,1,19.39
27,252,1,19.39
27,253,1,19.39
27,254,1,19.39
27,255,1,19.39
27,256,1,19.39
27,257,1,19.39
27,258,1,19.39
27,259,1,19.39
27,260,1,19.39
27,261,1,19.39
27,262,1,19.39
27,263,1,19.39
27,264,1,19.39
27,265,1,19.39
27,266,1,19.39
27,267,1,19.39
27,268,1,19.39
27,269,1,19.39
27,270,1,19.39
27,271,1,19.39
27,272,1,19.39
27,273,1,19.39
27,274,1,19.39
27,275,1,19.39
27,276,1,19.39
27,277,1,19.39
27,278,1,19.39
27,279,1,19.39
27,280,1,19.39
27,281,1,19.39
27,282,1,19.39
27,283,1,19.39
27,284,1,19.39
27,285,1,19.39
27,286,1,19.39
27,287,1,19.39
27,288,1,19.39
27,289,1,19.39
27,290,1,19.39
27,291,1,19.39
27,292,1,19.39
27,293,1,19.39
27,294,1,19.39
27,295,1,19.39
27,296,1,19.39
27,297,1,19.39
27,298,1,19.39
27,299,1,19.39
27,300,1,19.39
28,1,1,125.86
28,2,1,125.86
28,3,1,125.86
28,4,1,125.86
28,5,1,125.86
28,6,1,125.86
28,7,1,125.86
28,8,1,125.86
28,9,1,125.86
28,10,1,125.86
28,11,1,125.86
28,12,1,125.86
28,13,1,125.86
28,14,1,125.86
28,15,1,125.86
28,16,1,125.86
28,17,1,125.86
28,18,1,125.86
28,19,1,125.86
28,20,1,125.86
28,21,1,125.86
28,22,1,125.86
28,23,1,125.86
28,24,1,125.86
28,25,1,125.86
28,26,1,125.86
28,27,1,125.86
28,28,1,125.86
28,29,1,125.86
28,30,1,125.86
28,31,1,125.86
28,32,1,125.86
28,33,1,125.86
28,34,1,125.86
28,35,1,125.86
28,36,1,125.86
28,37,1,125.86
28,38,1,125.86
28,39,1,125.86
28,40,1,125.86
28,41,1,125.86
28,42,1,125.86
28,43,1,125.86
28,44,1,125.86
28,45,1,125.86
28,46,1,125.86
28,47,1,125.86
28,48,1,125.86
28,49,1,125.86
28,50,1,125.86
28,51,1,125.86
28,52,1,125.86
28,53,1,125.86
28,54,1,125.86
28,55,1,125.86
28,56,1,125.86
28,57,1,125.86
28,58,1,125.86
28,59,1,125.86
28,60,1,125.86
28,61,1,125.86
28,62,1,125.86
28,63,1,125.86
28,64,1,125.86
28,65,1,125.86
28,66,1,125.86
28,67,1,125.86
28,68,1,125.86
28,69,1,125.86
28,70,1,125.86
28,71,1,125.86
28,72,1,125.86
28,73,1,125.86
28,74,1,125.86
28,75,1,125.86
28,76,1,125.86
28,77,1,125.86
28,78,1,125.86
28,79,1,125.86
28,80,1,125.86
28,81,1,125.86
28,82,1,125.86
28,83,1,125.86
28,84,1,125.86
28,85,1,125.86
28,86,1,125.86
28,87,1,125.86
28,88,1,125.86
28,89,1,125.86
28,90,1,125.86
28,91,1,125.86
28,92,1,125.86
28,93,1,125.86
28,94,1,125.86
28,95,1,125.86
28,96,1,125.86
28,97,1,125.86
28,98,1,125.86
28,99,1,125.86
28,100,1,125.86
28,101,1,125.86
28,102,1,125.86
28,103,1,125.86
28,104,1,125.86
28,105,1,125.86
28,106,1,125.86
28,107,1,125.86
28,108,1,125.86
28,109,1,125.86
28,110,1,125.86
28,111,1,125.86
28,112,1,125.86
28,113,1,125.86
28,114,1,125.86
28,115,1,125.86
28,116,1,125.86
28,117,1,125.86
28,118,1,125.86
28,119,1,125.86
28,120,1,125.86
28,121,1,125.86
28,122,1,125.86
28,123,1,125.86
28,124,1,125.86
28,125,1,125.86
28,126,1,125.86
28,127,1,125.86
28,128,1,125.86
28,129,1,125.86
28,130,1,125.86
28,131,1,125.86
28,132,1,125.86
28,133,1,125.86
28,134,1,125.86
28,135,1,125.86
28,136,1,125.86
28,137,1,125.86
28,138,1,125.86
28,139,1,125.86
28,140,1,125.86
28,141,1,125.86
28,142,1,125.86
28,143,1,125.86
28,144,1,125.86
28,145,1,125.86
28,146,1,125.86
28,147,1,125.86
28,148,1,125.86
28,149,1,125.86
28,150,1,125.86
28,151,1,125.86
28,152,1,125.86
28,153,1,125.86
28,154,1,125.86
28,155,1,125.86
28,156,1,125.86
28,157,1,125.86
28,158,1,125.86
28,159,1,125.86
28,160,1,125.86
28,161,1,125.86
28,162,1,125.86
28,163,1,125.86
28,164,1,125.86
28,165,1,125.86
28,166,1,125.86
28,167,1,125.86
28,168,1,125.86
28,169,1,125.86
28,170,1,125.86
28,171,1,125.86
28,172,1,125.86
28,173,1,125.86
28,174,1,125.86
28,175,1,125.86
28,176,1,125.86
28,177,1,125.86
28,178,1,125.86
28,179,1,125.86
28,180,1,125.86
28,181,1,125.86
28,182,1,125.86
28,183,1,125.86
28,184,1,125.86
28,185,1,125.86
28,186,1,125.86
28,187,1,125.86
28,188,1,125.86
28,189,1,125.86
28,190,1,125.86
28,191,1,125.86
28,192,1,125.86
28,193,1,125.86
28,194,1,125.86
28,195,1,125.86
28,196,1,125.86
28,197,1,125.86
28,198,1,125.86
28,199,1,125.86
28,200,1,125.86
28,201,1,125.86
28,202,1,125.86
28,203,1,125.86
28,204,1,125.86
28,205,1,125.86
28,206,1,125.86
28,207,1,125.86
28,208,1,125.86
28,209,1,125.86
28,210,1,125.86
28,211,1,125.86
28,212,1,125.86
28,213,1,125.86
28,214,1,125.86
28,215,1,125.86
28,216,1,125.86
28,217,1,125.86
28,218,1,125.86
28,219,1,125.86
28,220,1,125.86
28,221,1,125.86
28,222,1,125.86
28,223,1,125.86
28,224,1,125.86
28,225,1,125.86
28,226,1,125.86
28,227,1,125.86
28,228,1,125.86
28,229,1,125.86
28,230,1,125.86
28,231,1,125.86
28,232,1,125.86
28,233,1,125.86
28,234,1,125.86
28,235,1,125.86
28,236,1,125.86
28,237,1,125.86
28,238,1,125.86
28,239,1,125.86
28,240,1,125.86
28,241,1,125.86
28,242,1,125.86
28,243,1,125.86
28,244,1,125.86
28,245,1,125.86
28,246,1,125.86
28,247,1,125.86
28,248,1,125.86
28,249,1,125.86
28,250,1,125.86
28,251,1,125.86
28,252,1,125.86
28,253,1,125.86
28,254,1,125.86
28,255,1,125.86
28,256,1,125.86
28,257,1,125.86
28,258,1,125.86
28,259,1,125.86
28,260,1,125.86
28,261,1,125.86
28,262,1,125.86
28,263,1,125.86
28,264,1,125.86
28,265,1,125.86
28,266,1,125.86
28,267,1,125.86
28,268,1,125.86
28,269,1,125.86
28,270,1,125.86
28,271,1,125.86
28,272,1,125.86
28,273,1,125.86
28,274,1,125.86
28,275,1,125.86
28,276,1,125.86
28,277,1,125.86
28,278,1,125.86
28,279,1,125.86
28,280,1,125.86
28,281,1,125.86
28,282,1,125.86
28,283,1,125.86
28,284,1,125.86
28,285,1,125.86
28,286,1,125.86
28,287,1,125.86
28,288,1,125.86
28,289,1,125.86
28,290,1,125.86
28,291,1,125.86
28,292,1,125.86
28,293,1,125.86
28,294,1,125.86
28,295,1,125.86
28,296,1,125.86
28,297,1,125.86
28,298,1,125.86
28,299,1,125.86
28,300,1,125.86
29,1,1,353.90
29,2,1,353.90
29,3,1,353.90
29,4,1,353.90
29,5,1,353.90
29,6,1,353.90
29,7,1,353.90
29,8,1,353.90
29,9,1,353.90
29,10,1,353.90
29,11,1,353.90
29,12,1,353.90
29,13,1,353.90
29,14,1,353.90
29,15,1,353.90
29,16,1,353.90
29,17,1,353.90
29,18,1,353.90
29,19,1,353.90
29,20,1,353.90
29,21,1,353.90
29,22,1,353.90
29,23,1,353.90
29,24,1,353.90
29,25,1,353.90
29,26,1,353.90
29,27,1,353.90
29,28,1,353.90
29,29,1,353.90
29,30,1,353.90
29,31,1,353.90
29,32,1,353.90
29,33,1,353.90
29,34,1,353.90
29,35,1,353.90
29,36,1,353.90
29,37,1,353.90
29,38,1,353.90
29,39,1,353.90
29,40,1,353.90
29,41,1,353.90
29,42,1,353.90
29,43,1,353.90
29,44,1,353.90
29,45,1,353.90
29,46,1,353.90
29,47,1,353.90
29,48,1,353.90
29,49,1,353.90
29,50,1,353.90
29,51,1,353.90
29,52,1,353.90
29,53,1,353.90
29,54,1,353.90
29,55,1,353.90
29,56,1,353.90
29,57,1,353.90
29,58,1,353.90
29,59,1,353.90
29,60,1,353.90
29,61,1,353.90
29,62,1,353.90
29,63,1,353.90
29,64,1,353.90
29,65,1,353.90
29,66,1,353.90
29,67,1,353.90
29,68,1,353.90
29,69,1,353.90
29,70,1,353.90
29,71,1,353.90
29,72,1,353.90
29,73,1,353.90
29,74,1,353.90
29,75,1,353.90
29,76,1,353.90
29,77,1,353.90
29,78,1,353.90
29,79,1,353.90
29,80,1,353.90
29,81,1,353.90
29,82,1,353.90
29,83,1,353.90
29,84,1,353.90
29,85,1,353.90
29,86,1,353.90
29,87,1,353.90
29,88,1,353.90
29,89,1,353.90
29,90,1,353.90
29,91,1,353.90
29,92,1,353.90
29,93,1,353.90
29,94,1,353.90
29,95,1,353.90
29,96,1,353.90
29,97,1,353.90
29,98,1,353.90
29,99,1,353.90
29,100,1,353.90
29,101,1,353.90
29,102,1,353.90
29,103,1,353.90
29,104,1,353.90
29,105,1,353.90
29,106,1,353.90
29,107,1,353.90
29,108,1,353.90
29,109,1,353.90
29,110,1,353.90
29,111,1,353.90
29,112,1,353.90
29,113,1,353.90
29,114,1,353.90
29,115,1,353.90
29,116,1,353.90
29,117,1,353.90
29,118,1,353.90
29,119,1,353.90
29,120,1,353.90
29,121,1,353.90
29,122,1,353.90
29,123,1,353.90
29,124,1,353.90
29,125,1,353.90
29,126,1,353.90
29,127,1,353.90
29,128,1,353.90
29,129,1,353.90
29,130,1,353.90
29,131,1,353.90
29,132,1,353.90
29,133,1,353.90
29,134,1,353.90
29,135,1,353.90
29,136,1,353.90
29,137,1,353.90
29,138,1,353.90
29,139,1,353.90
29,140,1,353.90
29,141,1,353.90
29,142,1,353.90
29,143,1,353.90
29,144,1,353.90
29,145,1,353.90
29,146,1,353.90
29,147,1,353.90
29,148,1,353.90
29,149,1,353.90
29,150,1,353.90
29,151,1,353.90
29,152,1,353.90
29,153,1,353.90
29,154,1,353.90
29,155,1,353.90
29,156,1,353.90
29,157,1,353.90
29,158,1,353.90
29,159,1,353.90
29,160,1,353.90
29,161,1,353.90
29,162,1,353.90
29,163,1,353.90
29,164,1,353.90
29,165,1,353.90
29,166,1,353.90
29,167,1,353.90
29,168,1,353.90
29,169,1,353.90
29,170,1,353.90
29,171,1,353.90
29,172,1,353.90
29,173,1,353.90
29,174,1,353.90
29,175,1,353.90
29,176,1,353.90
29,177,1,353.90
29,178,1,353.90
29,179,1,353.90
29,180,1,353.90
29,181,1,353.90
29,182,1,353.90
29,183,1,353.90
29,184,1,353.90
29,185,1,353.90
29,186,1,353.90
29,187,1,353.90
29,188,1,353.90
29,189,1,353.90
29,190,1,353.90
29,191,1,353.90
29,192,1,353.90
29,193,1,353.90
29,194,1,353.90
29,195,1,353.90
29,196,1,353.90
29,197,1,353.90
29,198,1,353.90
29,199,1,353.90
29,200,1,353.90
29,201,1,353.90
29,202,1,353.90
29,203,1,353.90
29,204,1,353.90
29,205,1,353.90
29,206,1,353.90
29,207,1,353.90
29,208,1,353.90
29,209,1,353.90
29,210,1,353.90
29,211,1,353.90
29,212,1,353.90
29,213,1,353.90
29,214,1,353.90
29,215,1,353.90
29,216,1,353.90
29,217,1,353.90
29,218,1,353.90
29,219,1,353.90
29,220,1,353.90
29,221,1,353.90
29,222,1,353.90
29,223,1,353.90
29,224,1,353.90
29,225,1,353.90
29,226,1,353.90
29,227,1,353.90
29,228,1,353.90
29,229,1,353.90
29,230,1,353.90
29,231,1,353.90
29,232,1,353.90
29,233,1,353.90
29,234,1,353.90
29,235,1,353.90
29,236,1,353.90
29,237,1,353.90
29,238,1,353.90
29,239,1,353.90
29,240,1,353.90
29,241,1,353.90
29,242,1,353.90
29,243,1,353.90
29,244,1,353.90
29,245,1,353.90
29,246,1,353.90
29,247,1,353.90
29,248,1,353.90
29,249,1,353.90
29,250,1,353.90
29,251,1,353.90
29,252,1,353.90
29,253,1,353.90
29,254,1,353.90
29,255,1,353.90
29,256,1,353.90
29,257,1,353.90
29,258,1,353.90
29,259,1,353.90
29,260,1,353.90
29,261,1,353.90
29,262,1,353.90
29,263,1,353.90
29,264,1,353.90
29,265,1,353.90
29,266,1,353.90
29,267,1,353.90
29,268,1,353.90
29,269,1,353.90
29,270,1,353.90
29,271,1,353.90
29,272,1,353.90
29,273,1,353.90
29,274,1,353.90
29,275,1,353.90
29,276,1,353.90
29,277,1,353.90
29,278,1,353.90
29,279,1,353.90
29,280,1,353.90
29,281,1,353.90
29,282,1,353.90
29,283,1,353.90
29,284,1,353.90
29,285,1,353.90
29,286,1,353.90
29,287,1,353.90
29,288,1,353.90
29,289,1,353.90
29,290,1,353.90
29,291,1,353.90
29,292,1,353.90
29,293,1,353.90
29,294,1,353.90
29,295,1,353.90
29,296,1,353.90
29,297,1,353.90
29,298,1,353.90
29,299,1,353.90
29,300,1,353.90
30,1,1,40.33
30,2,1,40.33
30,3,1,40.33
30,4,1,40.33
30,5,1,40.33
30,6,1,40.33
30,7,1,40.33
30,8,1,40.33
30,9,1,40.33
30,10,1,40.33
30,11,1,40.33
30,12,1,40.33
30,13,1,40.33
30,14,1,40.33
30,15,1,40.33
30,16,1,40.33
30,17,1,40.33
30,18,1,40.33
30,19,1,40.33
30,20,1,40.33
30,21,1,40.33
30,22,1,40.33
30,23,1,40.33
30,24,1,40.33
30,25,1,40.33
30,26,1,40.33
30,27,1,40.33
30,28,1,40.33
30,29,1,40.33
30,30,1,40.33
30,31,1,40.33
30,32,1,40.33
30,33,1,40.33
30,34,1,40.33
30,35,1,40.33
30,36,1,40.33
30,37,1,40.33
30,38,1,40.33
30,39,1,40.33
30,40,1,40.33
30,41,1,40.33
30,42,1,40.33
30,43,1,40.33
30,44,1,40.33
30,45,1,40.33
30,46,1,40.33
30,47,1,40.33
30,48,1,40.33
30,49,1,40.33
30,50,1,40.33
30,51,1,40.33
30,52,1,40.33
30,53,1,40.33
30,54,1,40.33
30,55,1,40.33
30,56,1,40.33
30,57,1,40.33
30,58,1,40.33
30,59,1,40.33
30,60,1,40.33
30,61,1,40.33
30,62,1,40.33
30,63,1,40.33
30,64,1,40.33
30,65,1,40.33
30,66,1,40.33
30,67,1,40.33
30,68,1,40.33
30,69,1,40.33
30,70,1,40.33
30,71,1,40.33
30,72,1,40.33
30,73,1,40.33
30,74,1,40.33
30,75,1,40.33
30,76,1,40.33
30,77,1,40.33
30,78,1,40.33
30,79,1,40.33
30,80,1,40.33
30,81,1,40.33
30,82,1,40.33
30,83,1,40.33
30,84,1,40.33
30,85,1,40.33
30,86,1,40.33
30,87,1,40.33
30,88,1,40.33
30,89,1,40.33
30,90,1,40.33
30,91,1,40.33
30,92,1,40.33
30,93,1,40.33
30,94,1,40.33
30,95,1,40.33
30,96,1,40.33
30,97,1,40.33
30,98,1,40.33
30,99,1,40.33
30,100,1,40.33
30,101,1,40.33
30,102,1,40.33
30,103,1,40.33
30,104,1,40.33
30,105,1,40.33
30,106,1,40.33
30,107,1,40.33
30,108,1,40.33
30,109,1,40.33
30,110,1,40.33
30,111,1,40.33
30,112,1,40.33
30,113,1,40.33
30,114,1,40.33
30,115,1,40.33
30,116,1,40.33
30,117,1,40.33
30,118,1,40.33
30,119,1,40.33
30,120,1,40.33
30,121,1,40.33
30,122,1,40.33
30,123,1,40.33
30,124,1,40.33
30,125,1,40.33
30,126,1,40.33
30,127,1,40.33
30,128,1,40.33
30,129,1,40.33
30,130,1,40.33
30,131,1,40.33
30,132,1,40.33
30,133,1,40.33
30,134,1,40.33
30,135,1,40.33
30,136,1,40.33
30,137,1,40.33
30,138,1,40.33
30,139,1,40.33
30,140,1,40.33
30,141,1,40.33
30,142,1,40.33
30,143,1,40.33
30,144,1,40.33
30,145,1,40.33
30,146,1,40.33
30,147,1,40.33
30,148,1,40.33
30,149,1,40.33
30,150,1,40.33
30,151,1,40.33
30,152,1,40.33
30,153,1,40.33
30,154,1,40.33
30,155,1,40.33
30,156,1,40.33
30,157,1,40.33
30,158,1,40.33
30,159,1,40.33
30,160,1,40.33
30,161,1,40.33
30,162,1,40.33
30,163,1,40.33
30,164,1,40.33
30,165,1,40.33
30,166,1,40.33
30,167,1,40.33
30,168,1,40.33
30,169,1,40.33
30,170,1,40.33
30,171,1,40.33
30,172,1,40.33
30,173,1,40.33
30,174,1,40.33
30,175,1,40.33
30,176,1,40.33
30,177,1,40.33
30,178,1,40.33
30,179,1,40.33
30,180,1,40.33
30,181,1,40.33
30,182,1,40.33
30,183,1,40.33
30,184,1,40.33
30,185,1,40.33
30,186,1,40.33
30,187,1,40.33
30,188,1,40.33
30,189,1,40.33
30,190,1,40.33
30,191,1,40.33
30,192,1,40.33
30,193,1,40.33
30,194,1,40.33
30,195,1,40.33
30,196,1,40.33
30,197,1,40.33
30,198,1,40.33
30,199,1,40.33
30,200,1,40.33
30,201,1,40.33
30,202,1,40.33
30,203,1,40.33
30,204,1,40.33
30,205,1,40.33
30,206,1,40.33
30,207,1,40.33
30,208,1,40.33
30,209,1,40.33
30,210,1,40.33
30,211,1,40.33
30,212,1,40.33
30,213,1,40.33
30,214,1,40.33
30,215,1,40.33
30,216,1,40.33
30,217,1,40.33
30,218,1,40.33
30,219,1,40.33
30,220,1,40.33
30,221,1,40.33
30,222,1,40.33
30,223,1,40.33
30,224,1,40.33
30,225,1,40.33
30,226,1,40.33
30,227,1,40.33
30,228,1,40.33
30,229,1,40.33
30,230,1,40.33
30,231,1,40.33
30,232,1,40.33
30,233,1,40.33
30,234,1,40.33
30,235,1,40.33
30,236,1,40.33
30,237,1,40.33
30,238,1,40.33
30,239,1,40.33
30,240,1,40.33
30,241,1,40.33
30,242,1,40.33
30,243,1,40.33
30,244,1,40.33
30,245,1,40.33
30,246,1,40.33
30,247,1,40.33
30,248,1,40.33
30,249,1,40.33
30,250,1,40.33
30,251,1,40.33
30,252,1,40.33
30,253,1,40.33
30,254,1,40.33
30,255,1,40.33
30,256,1,40.33
30,257,1,40.33
30,258,1,40.33
30,259,1,40.33
30,260,1,40.33
30,261,1,40.33
30,262,1,40.33
30,263,1,40.33
30,264,1,40.33
30,265,1,40.33
30,266,1,40.33
30,267,1,40.33
30,268,1,40.33
30,269,1,40.33
30,270,1,40.33
30,271,1,40.33
30,272,1,40.33
30,273,1,40.33
30,274,1,40.33
30,275,1,40.33
30,276,1,40.33
30,277,1,40.33
30,278,1,40.33
30,279,1,40.33
30,280,1,40.33
30,281,1,40.33
30,282,1,40.33
30,283,1,40.33
30,284,1,40.33
30,285,1,40.33
30,286,1,40.33
30,287,1,40.33
30,288,1,40.33
30,289,1,40.33
30,290,1,40.33
30,291,1,40.33
30,292,1,40.33
30,293,1,40.33
30,294,1,40.33
30,295,1,40.33
30,296,1,40.33
30,297,1,40.33
30,298,1,40.33
30,299,1,40.33
30,300,1,40.33
31,1,1,406.70
31,2,1,406.70
31,3,1,406.70
31,4,1,406.70
31,5,1,406.70
31,6,1,406.70
31,7,1,406.70
31,8,1,406.70
31,9,1,406.70
31,10,1,406.70
31,11,1,406.70
31,12,1,406.70
31,13,1,406.70
31,14,1,406.70
31,15,1,406.70
31,16,1,406.70
31,17,1,406.70
31,18,1,406.70
31,19,1,406.70
31,20,1,406.70
31,21,1,406.70
31,22,1,406.70
31,23,1,406.70
31,24,1,406.70
31,25,1,406.70
31,26,1,406.70
31,27,1,406.70
31,28,1,406.70
31,29,1,406.70
31,30,1,406.70
31,31,1,406.70
31,32,1,406.70
31,33,1,406.70
31,34,1,406.70
31,35,1,406.70
31,36,1,406.70
31,37,1,406.70
31,38,1,406.70
31,39,1,406.70
31,40,1,406.70
31,41,1,406.70
31,42,1,406.70
31,43,1,406.70
31,44,1,406.70
31,45,1,406.70
31,46,1,406.70
31,47,1,406.70
31,48,1,406.70
31,49,1,406.70
31,50,1,406.70
31,51,1,406.70
31,52,1,406.70
31,53,1,406.70
31,54,1,406.70
31,55,1,406.70
31,56,1,406.70
31,57,1,406.70
31,58,1,406.70
31,59,1,406.70
31,60,1,406.70
31,61,1,406.70
31,62,1,406.70
31,63,1,406.70
31,64,1,406.70
31,65,1,406.70
31,66,1,406.70
31,67,1,406.70
31,68,1,406.70
31,69,1,406.70
31,70,1,406.70
31,71,1,406.70
31,72,1,406.70
31,73,1,406.70
31,74,1,406.70
31,75,1,406.70
31,76,1,406.70
31,77,1,406.70
31,78,1,406.70
31,79,1,406.70
31,80,1,406.70
31,81,1,406.70
31,82,1,406.70
31,83,1,406.70
31,84,1,406.70
31,85,1,406.70
31,86,1,406.70
31,87,1,406.70
31,88,1,406.70
31,89,1,406.70
31,90,1,406.70
31,91,1,406.70
31,92,1,406.70
31,93,1,406.70
31,94,1,406.70
31,95,1,406.70
31,96,1,406.70
31,97,1,406.70
31,98,1,406.70
31,99,1,406.70
31,100,1,406.70
31,101,1,406.70
31,102,1,406.70
31,103,1,406.70
31,104,1,406.70
31,105,1,406.70
31,106,1,406.70
31,107,1,406.70
31,108,1,406.70
31,109,1,406.70
31,110,1,406.70
31,111,1,406.70
31,112,1,406.70
31,113,1,406.70
31,114,1,406.70
31,115,1,406.70
31,116,1,406.70
31,117,1,406.70
31,118,1,406.70
31,119,1,406.70
31,120,1,406.70
31,121,1,406.70
31,122,1,406.70
31,123,1,406.70
31,124,1,406.70
31,125,1,406.70
31,126,1,406.70
31,127,1,406.70
31,128,1,406.70
31,129,1,406.70
31,130,1,406.70
31,131,1,406.70
31,132,1,406.70
31,133,1,406.70
31,134,1,406.70
31,135,1,406.70
31,136,1,406.70
31,137,1,406.70
31,138,1,406.70
31,139,1,406.70
31,140,1,406.70
31,141,1,406.70
31,142,1,406.70
31,143,1,406.70
31,144,1,406.70
31,145,1,406.70
31,146,1,406.70
31,147,1,406.70
31,148,1,406.70
31,149,1,406.70
31,150,1,406.70
31,151,1,406.70
31,152,1,406.70
31,153,1,406.70
31,154,1,406.70
31,155,1,406.70
31,156,1,406.70
31,157,1,406.70
31,158,1,406.70
31,159,1,406.70
31,160,1,406.70
31,161,1,406.70
31,162,1,406.70
31,163,1,406.70
31,164,1,406.70
31,165,1,406.70
31,166,1,406.70
31,167,1,406.70
31,168,1,406.70
31,169,1,406.70
31,170,1,406.70
31,171,1,406.70
31,172,1,406.70
31,173,1,406.70
31,174,1,406.70
31,175,1,406.70
31,176,1,406.70
31,177,1,406.70
31,178,1,406.70
31,179,1,406.70
31,180,1,406.70
31,181,1,406.70
31,182,1,406.70
31,183,1,406.70
31,184,1,406.70
31,185,1,406.70
31,186,1,406.70
31,187,1,406.70
31,188,1,406.70
31,189,1,406.70
31,190,1,406.70
31,191,1,406.70
31,192,1,406.70
31,193,1,406.70
31,194,1,406.70
31,195,1,406.70
31,196,1,406.70
31,197,1,406.70
31,198,1,406.70
31,199,1,406.70
31,200,1,406.70
31,201,1,406.70
31,202,1,406.70
31,203,1,406.70
31,204,1,406.70
31,205,1,406.70
31,206,1,406.70
31,207,1,406.70
31,208,1,406.70
31,209,1,406.70
31,210,1,406.70
31,211,1,406.70
31,212,1,406.70
31,213,1,406.70
31,214,1,406.70
31,215,1,406.70
31,216,1,406.70
31,217,1,406.70
31,218,1,406.70
31,219,1,406.70
31,220,1,406.70
31,221,1,406.70
31,222,1,406.70
31,223,1,406.70
31,224,1,406.70
31,225,1,406.70
31,226,1,406.70
31,227,1,406.70
31,228,1,406.70
31,229,1,406.70
31,230,1,406.70
31,231,1,406.70
31,232,1,406.70
31,233,1,406.70
31,234,1,406.70
31,235,1,406.70
31,236,1,406.70
31,237,1,406.70
31,238,1,406.70
31,239,1,406.70
31,240,1,406.70
31,241,1,406.70
31,242,1,406.70
31,243,1,406.70
31,244,1,406.70
31,245,1,406.70
31,246,1,406.70
31,247,1,406.70
31,248,1,406.70
31,249,1,406.70
31,250,1,406.70
31,251,1,406.70
31,252,1,406.70
31,253,1,406.70
31,254,1,406.70
31,255,1,406.70
31,256,1,406.70
31,257,1,406.70
31,258,1,406.70
31,259,1,406.70
31,260,1,406.70
31,261,1,406.70
31,262,1,406.70
31,263,1,406.70
31,264,1,406.70
31,265,1,406.70
31,266,1,406.70
31,267,1,406.70
31,268,1,406.70
31,269,1,406.70
31,270,1,406.70
31,271,1,406.70
31,272,1,406.70
31,273,1,406.70
31,274,1,406.70
31,275,1,406.70
31,276,1,406.70
31,277,1,406.70
31,278,1,406.70
31,279,1,406.70
31,280,1,406.70
31,281,1,406.70
31,282,1,406.70
31,283,1,406.70
31,284,1,406.70
31,285,1,406.70
31,286,1,406.70
31,287,1,406.70
31,288,1,406.70
31,289,1,406.70
31,290,1,406.70
31,291,1,406.70
31,292,1,406.70
31,293,1,406.70
31,294,1,406.70
31,295,1,406.70
31,296,1,406.70
31,297,1,406.70
31,298,1,406.70
31,299,1,406.70
31,300,1,406.70
32,1,1,261.25
32,2,1,261.25
32,3,1,261.25
32,4,1,261.25
32,5,1,261.25
32,6,1,261.25
32,7,1,261.25
32,8,1,261.25
32,9,1,261.25
32,10,1,261.25
32,11,1,261.25
32,12,1,261.25
32,13,1,261.25
32,14,1,261.25
32,15,1,261.25
32,16,1,261.25
32,17,1,261.25
32,18,1,261.25
32,19,1,261.25
32,20,1,261.25
32,21,1,261.25
32,22,1,261.25
32,23,1,261.25
32,24,1,261.25
32,25,1,261.25
32,26,1,261.25
32,27,1,261.25
32,28,1,261.25
32,29,1,261.25
32,30,1,261.25
32,31,1,261.25
32,32,1,261.25
32,33,1,261.25
32,34,1,261.25
32,35,1,261.25
32,36,1,261.25
32,37,1,261.25
32,38,1,261.25
32,39,1,261.25
32,40,1,261.25
32,41,1,261.25
32,42,1,261.25
32,43,1,261.25
32,44,1,261.25
32,45,1,261.25
32,46,1,261.25
32,47,1,261.25
32,48,1,261.25
32,49,1,261.25
32,50,1,261.25
32,51,1,261.25
32,52,1,261.25
32,53,1,261.25
32,54,1,261.25
32,55,1,261.25
32,56,1,261.25
32,57,1,261.25
32,58,1,261.25
32,59,1,261.25
32,60,1,261.25
32,61,1,261.25
32,62,1,261.25
32,63,1,261.25
32,64,1,261.25
32,65,1,261.25
32,66,1,261.25
32,67,1,261.25
32,68,1,261.25
32,69,1,261.25
32,70,1,261.25
32,71,1,261.25
32,72,1,261.25
32,73,1,261.25
32,74,1,261.25
32,75,1,261.25
32,76,1,261.25
32,77,1,261.25
32,78,1,261.25
32,79,1,261.25
32,80,1,261.25
32,81,1,261.25
32,82,1,261.25
32,83,1,261.25
32,84,1,261.25
32,85,1,261.25
32,86,1,261.25
32,87,1,261.25
32,88,1,261.25
32,89,1,261.25
32,90,1,261.25
32,91,1,261.25
32,92,1,261.25
32,93,1,261.25
32,94,1,261.25
32,95,1,261.25
32,96,1,261.25
32,97,1,261.25
32,98,1,261.25
32,99,1,261.25
32,100,1,261.25
32,101,1,261.25
32,102,1,261.25
32,103,1,261.25
32,104,1,261.25
32,105,1,261.25
32,106,1,261.25
32,107,1,261.25
32,108,1,261.25
32,109,1,261.25
32,110,1,261.25
32,111,1,261.25
32,112,1,261.25
32,113,1,261.25
32,114,1,261.25
32,115,1,261.25
32,116,1,261.25
32,117,1,261.25
32,118,1,261.25
32,119,1,261.25
32,120,1,261.25
32,121,1,261.25
32,122,1,261.25
32,123,1,261.25
32,124,1,261.25
32,125,1,261.25
32,126,1,261.25
32,127,1,261.25
32,128,1,261.25
32,129,1,261.25
32,130,1,261.25
32,131,1,261.25
32,132,1,261.25
32,133,1,261.25
32,134,1,261.25
32,135,1,261.25
32,136,1,261.25
32,137,1,261.25
32,138,1,261.25
32,139,1,261.25
32,140,1,261.25
32,141,1,261.25
32,142,1,261.25
32,143,1,261.25
32,144,1,261.25
32,145,1,261.25
32,146,1,261.25
32,147,1,261.25
32,148,1,261.25
32,149,1,261.25
32,150,1,261.25
32,151,1,261.25
32,152,1,261.25
32,153,1,261.25
32,154,1,261.25
32,155,1,261.25
32,156,1,261.25
32,157,1,261.25
32,158,1,261.25
32,159,1,261.25
32,160,1,261.25
32,161,1,261.25
32,162,1,261.25
32,163,1,261.25
32,164,1,261.25
32,165,1,261.25
32,166,1,261.25
32,167,1,261.25
32,168,1,261.25
32,169,1,261.25
32,170,1,261.25
32,171,1,261.25
32,172,1,261.25
32,173,1,261.25
32,174,1,261.25
32,175,1,261.25
32,176,1,261.25
32,177,1,261.25
32,178,1,261.25
32,179,1,261.25
32,180,1,261.25
32,181,1,261.25
32,182,1,261.25
32,183,1,261.25
32,184,1,261.25
32,185,1,261.25
32,186,1,261.25
32,187,1,261.25
32,188,1,261.25
32,189,1,261.25
32,190,1,261.25
32,191,1,261.25
32,192,1,261.25
32,193,1,261.25
32,194,1,261.25
32,195,1,261.25
32,196,1,261.25
32,197,1,261.25
32,198,1,261.25
32,199,1,261.25
32,200,1,261.25
32,201,1,261.25
32,202,1,261.25
32,203,1,261.25
32,204,1,261.25
32,205,1,261.25
32,206,1,261.25
32,207,1,261.25
32,208,1,261.25
32,209,1,261.25
32,210,1,261.25
32,211,1,261.25
32,212,1,261.25
32,213,1,261.25
32,214,1,261.25
32,215,1,261.25
32,216,1,261.25
32,217,1,261.25
32,218,1,261.25
32,219,1,261.25
32,220,1,261.25
32,221,1,261.25
32,222,1,261.25
32,223,1,261.25
32,224,1,261.25
32,225,1,261.25
32,226,1,261.25
32,227,1,261.25
32,228,1,261.25
32,229,1,261.25
32,230,1,261.25
32,231,1,261.25
32,232,1,261.25
32,233,1,261.25
32,234,1,261.25
32,235,1,261.25
32,236,1,261.25
32,237,1,261.25
32,238,1,261.25
32,239,1,261.25
32,240,1,261.25
32,241,1,261.25
32,242,1,261.25
32,243,1,261.25
32,244,1,261.25
32,245,1,261.25
32,246,1,261.25
32,247,1,261.25
32,248,1,261.25
32,249,1,261.25
32,250,1,261.25
32,251,1,261.25
32,252,1,261.25
32,253,1,261.25
32,254,1,261.25
32,255,1,261.25
32,256,1,261.25
32,257,1,261.25
32,258,1,261.25
32,259,1,261.25
32,260,1,261.25
32,261,1,261.25
32,262,1,261.25
32,263,1,261.25
32,264,1,261.25
32,265,1,261.25
32,266,1,261.25
32,267,1,261.25
32,268,1,261.25
32,269,1,261.25
32,270,1,261.25
32,271,1,261.25
32,272,1,261.25
32,273,1,261.25
32,274,1,261.25
32,275,1,261.25
32,276,1,261.25
32,277,1,261.25
32,278,1,261.25
32,279,1,261.25
32,280,1,261.25
32,281,1,261.25
32,282,1,261.25
32,283,1,261.25
32,284,1,261.25
32,285,1,261.25
32,286,1,261.25
32,287,1,261.25
32,288,1,261.25
32,289,1,261.25
32,290,1,261.25
32,291,1,261.25
32,292,1,261.25
32,293,1,261.25
32,294,1,261.25
32,295,1,261.25
32,296,1,261.25
32,297,1,261.25
32,298,1,261.25
32,299,1,261.25
32,300,1,261.25
33,1,1,14.28
33,2,1,14.28
33,3,1,14.28
33,4,1,14.28
33,5,1,14.28
33,6,1,14.28
33,7,1,14.28
33,8,1,14.28
33,9,1,14.28
33,10,1,14.28
33,11,1,14.28
33,12,1,14.28
33,13,1,14.28
33,14,1,14.28
33,15,1,14.28
33,16,1,14.28
33,17,1,14.28
33,18,1,14.28
33,19,1,14.28
33,20,1,14.28
33,21,1,14.28
33,22,1,14.28
33,23,1,14.28
33,24,1,14.28
33,25,1,14.28
33,26,1,14.28
33,27,1,14.28
33,28,1,14.28
33,29,1,14.28
33,30,1,14.28
33,31,1,14.28
33,32,1,14.28
33,33,1,14.28
33,34,1,14.28
33,35,1,14.28
33,36,1,14.28
33,37,1,14.28
33,38,1,14.28
33,39,1,14.28
33,40,1,14.28
33,41,1,14.28
33,42,1,14.28
33,43,1,14.28
33,44,1,14.28
33,45,1,14.28
33,46,1,14.28
33,47,1,14.28
33,48,1,14.28
33,49,1,14.28
33,50,1,14.28
33,51,1,14.28
33,52,1,14.28
33,53,1,14.28
33,54,1,14.28
33,55,1,14.28
33,56,1,14.28
33,57,1,14.28
33,58,1,14.28
33,59,1,14.28
33,60,1,14.28
33,61,1,14.28
33,62,1,14.28
33,63,1,14.28
33,64,1,14.28
33,65,1,14.28
33,66,1,14.28
33,67,1,14.28
33,68,1,14.28
33,69,1,14.28
33,70,1,14.28
33,71,1,14.28
33,72,1,14.28
33,73,1,14.28
33,74,1,14.28
33,75,1,14.28
33,76,1,14.28
33,77,1,14.28
33,78,1,14.28
33,79,1,14.28
33,80,1,14.28
33,81,1,14.28
33,82,1,14.28
33,83,1,14.28
33,84,1,14.28
33,85,1,14.28
33,86,1,14.28
33,87,1,14.28
33,88,1,14.28
33,89,1,14.28
33,90,1,14.28
33,91,1,14.28
33,92,1,14.28
33,93,1,14.28
33,94,1,14.28
33,95,1,14.28
33,96,1,14.28
33,97,1,14.28
33,98,1,14.28
33,99,1,14.28
33,100,1,14.28
33,101,1,14.28
33,102,1,14.28
33,103,1,14.28
33,104,1,14.28
33,105,1,14.28
33,106,1,14.28
33,107,1,14.28
33,108,1,14.28
33,109,1,14.28
33,110,1,14.28
33,111,1,14.28
33,112,1,14.28
33,113,1,14.28
33,114,1,14.28
33,115,1,14.28
33,116,1,14.28
33,117,1,14.28
33,118,1,14.28
33,119,1,14.28
33,120,1,14.28
33,121,1,14.28
33,122,1,14.28
33,123,1,14.28
33,124,1,14.28
33,125,1,14.28
33,126,1,14.28
33,127,1,14.28
33,128,1,14.28
33,129,1,14.28
33,130,1,14.28
33,131,1,14.28
33,132,1,14.28
33,133,1,14.28
33,134,1,14.28
33,135,1,14.28
33,136,1,14.28
33,137,1,14.28
33,138,1,14.28
33,139,1,14.28
33,140,1,14.28
33,141,1,14.28
33,142,1,14.28
33,143,1,14.28
33,144,1,14.28
33,145,1,14.28
33,146,1,14.28
33,147,1,14.28
33,148,1,14.28
33,149,1,14.28
33,150,1,14.28
33,151,1,14.28
33,152,1,14.28
33,153,1,14.28
33,154,1,14.28
33,155,1,14.28
33,156,1,14.28
33,157,1,14.28
33,158,1,14.28
33,159,1,14.28
33,160,1,14.28
33,161,1,14.28
33,162,1,14.28
33,163,1,14.28
33,164,1,14.28
33,165,1,14.28
33,166,1,14.28
33,167,1,14.28
33,168,1,14.28
33,169,1,14.28
33,170,1,14.28
33,171,1,14.28
33,172,1,14.28
33,173,1,14.28
33,174,1,14.28
33,175,1,14.28
33,176,1,14.28
33,177,1,14.28
33,178,1,14.28
33,179,1,14.28
33,180,1,14.28
33,181,1,14.28
33,182,1,14.28
33,183,1,14.28
33,184,1,14.28
33,185,1,14.28
33,186,1,14.28
33,187,1,14.28
33,188,1,14.28
33,189,1,14.28
33,190,1,14.28
33,191,1,14.28
33,192,1,14.28
33,193,1,14.28
33,194,1,14.28
33,195,1,14.28
33,196,1,14.28
33,197,1,14.28
33,198,1,14.28
33,199,1,14.28
33,200,1,14.28
33,201,1,14.28
33,202,1,14.28
33,203,1,14.28
33,204,1,14.28
33,205,1,14.28
33,206,1,14.28
33,207,1,14.28
33,208,1,14.28
33,209,1,14.28
33,210,1,14.28
33,211,1,14.28
33,212,1,14.28
33,213,1,14.28
33,214,1,14.28
33,215,1,14.28
33,216,1,14.28
33,217,1,14.28
33,218,1,14.28
33,219,1,14.28
33,220,1,14.28
33,221,1,14.28
33,222,1,14.28
33,223,1,14.28
33,224,1,14.28
33,225,1,14.28
33,226,1,14.28
33,227,1,14.28
33,228,1,14.28
33,229,1,14.28
33,230,1,14.28
33,231,1,14.28
33,232,1,14.28
33,233,1,14.28
33,234,1,14.28
33,235,1,14.28
33,236,1,14.28
33,237,1,14.28
33,238,1,14.28
33,239,1,14.28
33,240,1,14.28
33,241,1,14.28
33,242,1,14.28
33,243,1,14.28
33,244,1,14.28
33,245,1,14.28
33,246,1,14.28
33,247,1,14.28
33,248,1,14.28
33,249,1,14.28
33,250,1,14.28
33,251,1,14.28
33,252,1,14.28
33,253,1,14.28
33,254,1,14.28
33,255,1,14.28
33,256,1,14.28
33,257,1,14.28
33,258,1,14.28
33,259,1,14.28
33,260,1,14.28
33,261,1,14.28
33,262,1,14.28
33,263,1,14.28
33,264,1,14.28
33,265,1,14.28
33,266,1,14.28
33,267,1,14.28
33,268,1,14.28
33,269,1,14.28
33,270,1,14.28
33,271,1,14.28
33,272,1,14.28
33,273,1,14.28
33,274,1,14.28
33,275,1,14.28
33,276,1,14.28
33,277,1,14.28
33,278,1,14.28
33,279,1,14.28
33,280,1,14.28
33,281,1,14.28
33,282,1,14.28
33,283,1,14.28
33,284,1,14.28
33,285,1,14.28
33,286,1,14.28
33,287,1,14.28
33,288,1,14.28
33,289,1,14.28
33,290,1,14.28
33,291,1,14.28
33,292,1,14.28
33,293,1,14.28
33,294,1,14.28
33,295,1,14.28
33,296,1,14.28
33,297,1,14.28
33,298,1,14.28
33,299,1,14.28
33,300,1,14.28
34,201,1,107.67
34,202,1,107.67
34,203,1,107.67
34,204,1,107.67
34,205,1,107.67
34,206,1,107.67
34,207,1,107.67
34,208,1,107.67
34,209,1,107.67
34,210,1,107.67
34,211,1,107.67
34,212,1,107.67
34,213,1,107.67
34,214,1,107.67
34,215,1,107.67
34,216,1,107.67
34,217,1,107.67
34,218,1,107.67
34,219,1,107.67
34,220,1,107.67
34,221,1,107.67
34,222,1,107.67
34,223,1,107.67
34,224,1,107.67
34,225,1,107.67
34,226,1,107.67
34,227,1,107.67
34,228,1,107.67
34,229,1,107.67
34,230,1,107.67
34,231,1,107.67
34,232,1,107.67
34,233,1,107.67
34,234,1,107.67
34,235,1,107.67
34,236,1,107.67
34,237,1,107.67
34,238,1,107.67
34,239,1,107.67
34,240,1,107.67
34,241,1,107.67
34,242,1,107.67
34,243,1,107.67
34,244,1,107.67
34,245,1,107.67
34,246,1,107.67
34,247,1,107.67
34,248,1,107.67
34,249,1,107.67
34,250,1,107.67
34,251,1,107.67
34,252,1,107.67
34,253,1,107.67
34,254,1,107.67
34,255,1,107.67
34,256,1,107.67
34,257,1,107.67
34,258,1,107.67
34,259,1,107.67
34,260,1,107.67
34,261,1,107.67
34,262,1,107.67
34,263,1,107.67
34,264,1,107.67
34,265,1,107.67
34,266,1,107.67
34,267,1,107.67
34,268,1,107.67
34,269,1,107.67
34,270,1,107.67
34,271,1,107.67
34,272,1,107.67
34,273,1,107.67
34,274,1,107.67
34,275,1,107.67
34,276,1,107.67
34,277,1,107.67
34,278,1,107.67
34,279,1,107.67
34,280,1,107.67
34,281,1,107.67
34,282,1,107.67
34,283,1,107.67
34,284,1,107.67
34,285,1,107.67
34,286,1,107.67
34,287,1,107.67
34,288,1,107.67
34,289,1,107.67
34,290,1,107.67
34,291,1,107.67
34,292,1,107.67
34,293,1,107.67
34,294,1,107.67
34,295,1,107.67
34,296,1,107.67
34,297,1,107.67
34,298,1,107.67
34,299,1,107.67
34,300,1,107.67
